24546
24547
24553
24555
24557
24558
24559
24560
24562
24564
24565
24566
24567
24569
24570
24572
24573
24574
24577
24582
24583
24584
24585
24586
24588
24589
24592
24593
24594
24596
24597
24598
24599
24600
24601
24602
24604
24605
24606
24607
24614
24616
24617
24618
24620
24621
24622
24623
24625
24626
24627
24629
24630
24631
24632
24636
24637
24638
24640
24641
24642
24645
24646
24647
24648
24649
24650
24651
24653
24654
24657
24658
24659
24660
24661
24663
24664
24666
24667
24669
24672
24675
24677
24679
24680
24681
24682
24683
24684
24685
24686
24688
24689
24690
24691
24692
24694
24695
24696
24697
24698
24703
24704
24707
24708
24709
24712
24713
24714
24715
24716
24718
24719
24723
24724
24725
24726
24727
24728
24729
24733
24734
24735
24736
24737
24738
24739
24741
24745
24746
24747
24748
24749
24750
24754
24755
24756
24757
24758
24759
24760
24762
24763
24764
24768
24770
24771
24773
24774
24775
24776
24779
24780
24781
24782
24783
24785
24787
24789
24790
24791
24792
24793
24794
24797
24800
24801
24802
24803
24804
24805
24806
24807
24809
24810
24813
24814
24818
24819
24820
24821
24822
24823
24824
24825
24827
24830
24831
24832
24834
24835
24836
24837
24838
24839
24840
24841
24844
24845
24846
24849
24850
24851
24852
24853
24854
24855
24857
24859
24861
24862
24863
24864
24865
24867
24868
24870
24873
24874
24875
24876
24877
24878
24881
24885
24886
24887
24891
24892
24896
24897
24898
24899
24900
24901
24902
24907
24908
24909
24910
24911
24912
24913
24916
24917
24918
24922
24924
24925
24926
24927
24928
24929
24930
24932
24933
24934
24935
24936
24939
24940
24941
24943
24944
24945
24946
24947
24948
24949
24950
24951
24952
24953
24955
24958
24959
24960
24961
24963
24965
24966
24967
24968
24969
24970
24973
24974
24975
24978
24982
24983
24987
24988
24989
24990
24991
24992
24993
24994
24995
24997
24998
24999
25003
25005
25006
25007
25008
25009
25010
25012
25013
25015
25018
25019
25023
25024
25025
25030
25032
25034
25035
25036
25037
25038
25040
25042
25046
25047
25048
25049
25050
25051
25053
25054
25055
25056
25057
25061
25062
25063
25064
25065
25066
25067
25068
25069
25070
25071
25072
25073
25074
25075
25076
25077
25080
25081
25083
25084
25085
25086
25087
25088
25089
25092
25093
25094
25095
25096
25097
25098
25099
25100
25102
25103
25105
25107
25109
25110
25111
25114
25115
25116
25117
25121
25123
25124
25125
25126
25127
25129
25130
25131
25133
25134
25135
25136
25137
25139
25140
25141
25142
25146
25147
25148
25150
25154
25157
25159
25160
25161
25162
25164
25165
25167
25168
25170
25174
25175
25177
25182
25183
25184
25185
25187
25188
25189
25190
25191
25192
25193
25195
25197
25198
25199
25200
25201
25202
25204
25205
25206
25209
25210
25211
25212
25213
25215
25220
25222
25223
25226
25227
25228
25229
25230
25231
25232
25233
25234
25235
25240
25241
25242
25243
25244
25245
25246
25248
25253
25255
25256
25260
25261
25264
25267
25268
25269
25271
25272
25273
25274
25275
25278
25279
25280
25281
25282
25283
25285
25286
25287
25288
25290
25292
25293
25294
25297
25298
25299
25301
25304
25306
25307
25308
25309
25311
25315
25316
25318
25320
25321
25322
25323
25325
25326
25327
25328
25329
25330
25331
25334
25335
25336
25337
25339
25340
25341
25342
25343
25344
25345
25348
25350
25352
25353
25354
25356
25357
25358
25359
25360
25361
25362
25363
25364
25365
25368
25369
25371
25373
25374
25375
25378
25380
25381
25383
25384
25385
25387
25391
25394
25395
25397
25400
25402
25404
25405
25406
25408
25411
25412
25413
25414
25415
25416
25417
25419
25420
25423
25424
25427
25428
25431
25434
25435
25436
25437
25440
25441
25443
25446
25447
25449
25451
25452
25453
25455
25456
25459
25461
25463
25465
25466
25467
25468
25469
25470
25471
25472
25473
25475
25476
25478
25479
25481
25482
25484
25485
25486
25488
25491
25492
25493
25494
25495
25497
25498
25499
25500
25501
25505
25506
25507
25508
25509
25510
25511
25512
25513
25514
25515
25516
25517
25519
25521
25522
25525
25527
25531
25533
25534
25535
25537
25538
25539
25541
25544
25545
25546
25547
25549
25553
25554
25555
25556
25557
25558
25559
25560
25561
25562
25566
25567
25568
25571
25572
25573
25574
25575
25578
25579
25581
25584
25585
25586
25588
25589
25591
25594
25595
25597
25598
25600
25601
25604
25605
25606
25608
25611
25613
25614
25615
25617
25619
25620
25622
25624
25625
25626
25627
25628
25630
25631
25633
25635
25636
25637
25638
25639
25641
25644
25648
25649
25650
25652
25655
25656
25657
25658
25660
25661
25663
25664
25665
25667
25668
25669
25671
25672
25674
25675
25676
25677
25680
25681
25683
25686
25687
25688
25690
25691
25692
25693
25694
25695
25696
25698
25699
25700
25701
25702
25703
25705
25706
25707
25709
25710
25711
25712
25713
25716
25718
25720
25721
25722
25723
25724
25726
25728
25729
25730
25731
25733
25734
25735
25736
25737
25738
25740
25741
25742
25743
25744
25745
25747
25748
25751
25752
25753
25757
25758
25759
25760
25761
25762
25764
25769
25770
25771
25772
25774
25775
25776
25777
25778
25779
25784
25786
25788
25791
25795
25796
25798
25799
25803
25805
25806
25807
25808
25809
25810
25811
25813
25814
25815
25816
25820
25821
25822
25823
25826
25828
25832
25833
25834
25837
25838
25839
25840
25841
25843
25846
25847
25848
25849
25850
25854
25857
25858
25859
25860
25861
25865
25866
25867
25868
25869
25870
25872
25873
25875
25876
25877
25881
25882
25883
25884
25887
25888
25889
25890
25891
25892
25893
25895
25898
25899
25901
25902
25903
25904
25905
25906
25907
25909
25911
25912
25913
25914
25916
25917
25918
25920
25921
25922
25923
25925
25927
25928
25929
25931
25936
25938
25943
25944
25945
25949
25951
25952
25953
25954
25956
25957
25958
25960
25963
25964
25966
25967
25968
25969
25970
25971
25972
25973
25974
25976
25977
25978
25983
25985
25988
25989
25990
25991
25992
25993
25994
25995
25997
25998
25999
26000
26003
26004
26005
26006
26007
26009
26010
26014
26015
26016
26017
26018
26020
26021
26022
26024
26026
26027
26028
26030
26035
26036
26041
26043
26044
26046
26050
26051
26055
26058
26060
26062
26063
26064
26067
26070
26071
26072
26073
26074
26075
26076
26078
26081
26082
26083
26085
26091
26092
26093
26094
26095
26096
26098
26099
26101
26102
26105
26106
26107
26108
26111
26112
26113
26116
26117
26118
26122
26123
26125
26127
26129
26130
26131
26132
26133
26135
26136
26137
26139
26140
26141
26142
26144
26146
26147
26148
26149
26150
26153
26154
26159
26160
26161
26164
26166
26169
26170
26171
26174
26175
26176
26177
26180
26182
26183
26184
26185
26187
26188
26190
26191
26192
26193
26195
26196
26197
26198
26199
26201
26202
26203
26206
26207
26210
26211
26212
26213
26214
26216
26217
26218
26219
26220
26221
26224
26225
26226
26227
26228
26229
26231
26232
26233
26234
26236
26237
26238
26240
26242
26243
26244
26245
26246
26247
26248
26249
26250
26253
26255
26256
26257
26260
26262
26263
26266
26268
26269
26270
26273
26275
26276
26277
26278
26279
26280
26283
26284
26285
26286
26287
26291
26292
26294
26296
26297
26298
26301
26304
26305
26306
26307
26308
26316
26317
26318
26319
26320
26321
26322
26328
26329
26330
26331
26333
26334
26335
26338
26339
26340
26341
26342
26344
26346
26348
26349
26350
26351
26352
26353
26354
26356
26357
26358
26360
26361
26362
26364
26365
26366
26368
26369
26370
26371
26372
26373
26374
26375
26376
26378
26379
26380
26381
26382
26383
26385
26386
26387
26389
26390
26391
26393
26395
26396
26397
26399
26400
26401
26402
26403
26405
26407
26411
26412
26413
26414
26415
26417
26418
26419
26420
26421
26422
26423
26424
26426
26427
26432
26433
26435
26436
26438
26439
26441
26445
26448
26449
26451
26452
26453
26454
26456
26460
26461
26463
26464
26466
26467
26468
26469
26471
26476
26477
26478
26480
26481
26482
26484
26485
26486
26487
26489
26491
26493
26494
26495
26496
26497
26499
26500
26501
26504
26505
26506
26507
26508
26509
26510
26511
26512
26513
26515
26516
26519
26521
26522
26523
26525
26526
26527
26528
26529
26532
26533
26534
26535
26536
26540
26541
26542
26543
26544
26545
26546
26547
26548
26549
26550
26553
26554
26555
26556
26557
26559
26560
26561
26564
26565
26566
26567
26568
26569
26570
26572
26573
26576
26579
26580
26581
26582
26583
26584
26585
26586
26587
26588
26591
26592
26593
26594
26597
26598
26599
26600
26601
26602
26605
26606
26607
26609
26610
26611
26612
26614
26615
26616
26617
26619
26620
26622
26623
26624
26625
26627
26629
26630
26631
26632
26633
26634
26638
26639
26641
26643
26644
26645
26646
26647
26648
26650
26652
26653
26655
26656
26658
26659
26661
26662
26663
26664
26665
26666
26667
26669
26671
26672
26673
26675
26677
26678
26679
26682
26683
26684
26685
26686
26687
26688
26689
26690
26691
26692
26693
26694
26696
26697
26699
26700
26703
26704
26705
26706
26708
26710
26713
26715
26716
26717
26719
26720
26721
26722
26723
26724
26725
26726
26727
26728
26730
26731
26732
26733
26737
26738
26739
26740
26741
26742
26743
26744
26745
26746
26750
26751
26752
26753
26754
26755
26757
26758
26760
26763
26764
26765
26766
26767
26768
26769
26770
26771
26772
26773
26776
26777
26778
26779
26782
26783
26785
26788
26789
26790
26791
26797
26798
26802
26803
26805
26806
26807
26808
26809
26811
26812
26813
26814
26815
26817
26818
26819
26820
26821
26823
26824
26826
26827
26828
26829
26830
26831
26832
26833
26834
26836
26838
26841
26843
26844
26845
26846
26848
26849
26850
26852
26853
26855
26857
26859
26860
26862
26863
26864
26865
26866
26867
26868
26869
26871
26872
26873
26874
26875
26876
26877
26878
26879
26880
26882
26884
26885
26887
26889
26890
26891
26892
26893
26894
26896
26898
26899
26900
26901
26905
26907
26908
26910
26911
26912
26913
26914
26915
26921
26922
26923
26924
26925
26926
26929
26930
26931
26932
26934
26935
26936
26937
26939
26940
26941
26942
26943
26944
26945
26948
26949
26950
26953
26954
26955
26957
26958
26959
26963
26967
26968
26969
26970
26972
26974
26975
26976
26978
26980
26981
26984
26988
26989
26990
26991
26992
26993
26994
26995
26996
26997
26998
27000
27001
27002
27004
27007
27008
27009
27011
27013
27015
27016
27017
27018
27021
27022
27023
27024
27025
27026
27028
27029
27030
27034
27035
27036
27037
27039
27041
27042
27048
27049
27050
27051
27052
27053
27054
27055
27056
27058
27059
27061
27062
27063
27064
27065
27067
27068
27069
27072
27073
27075
27076
27077
27079
27080
27081
27082
27084
27087
27088
27089
27090
27091
27092
27093
27094
27095
27097
27100
27102
27104
27106
27107
27108
27109
27110
27111
27112
27113
27114
27115
27116
27117
27118
27119
27121
27123
27124
27125
27127
27128
27129
27131
27133
27134
27135
27138
27139
27140
27141
27142
27144
27145
27146
27148
27149
27150
27151
27152
27153
27154
27155
27156
27159
27162
27163
27166
27167
27168
27169
27173
27174
27175
27176
27178
27179
27182
27183
27184
27185
27187
27188
27189
27190
27191
27192
27194
27195
27196
27199
27201
27202
27204
27205
27206
27207
27208
27209
27210
27211
27212
27214
27215
27216
27218
27221
27225
27227
27228
27229
27230
27231
27232
27233
27234
27235
27236
27237
27238
27240
27243
27244
27245
27247
27249
27250
27251
27252
27255
27256
27257
27258
27259
27260
27261
27262
27263
27264
27265
27267
27268
27269
27272
27273
27275
27276
27277
27279
27283
27285
27286
27287
27290
27292
27295
27296
27297
27301
27302
27303
27313
27314
27316
27317
27318
27319
27320
27321
27322
27326
27330
27331
27332
27333
27334
27339
27340
27343
27346
27347
27349
27351
27353
27354
27356
27358
27359
27360
27362
27365
27366
27367
27368
27369
27371
27372
27373
27374
27376
27377
27379
27380
27382
27383
27385
27388
27389
27391
27396
27397
27398
27399
27400
27401
27402
27403
27405
27407
27409
27410
27411
27412
27413
27415
27416
27417
27418
27420
27422
27423
27424
27425
27426
27427
27428
27429
27430
27436
27437
27438
27439
27440
27441
27442
27445
27447
27450
27451
27452
27454
27455
27456
27464
27465
27466
27468
27469
27470
27471
27472
27473
27474
27475
27476
27478
27479
27483
27484
27485
27486
27492
27493
27494
27495
27497
27498
27499
27500
27501
27502
27504
27509
27510
27513
27515
27518
27519
27521
27526
27527
27528
27529
27530
27532
27533
27534
27535
27536
27537
27539
27541
27542
27543
27544
27545
27547
27548
27550
27551
27553
27554
27555
27556
27557
27558
27559
27560
27561
27562
27563
27564
27566
27567
27569
27570
27573
27574
27575
27576
27577
27578
27579
27581
27583
27585
27586
27588
27589
27591
27592
27593
27595
27596
27597
27599
27601
27602
27603
27605
27609
27610
27611
27612
27613
27614
27616
27617
27618
27619
27620
27621
27625
27628
27632
27633
27635
27636
27638
27639
27640
27641
27642
27643
27645
27646
27647
27648
27652
27653
27656
27657
27658
27659
27660
27661
27662
27664
27665
27666
27671
27672
27673
27674
27675
27676
27677
27678
27679
27680
27681
27682
27683
27686
27688
27690
27692
27693
27694
27695
27696
27697
27698
27699
27700
27702
27703
27708
27709
27710
27711
27712
27713
27714
27716
27717
27719
27722
27723
27724
27725
27726
27728
27729
27730
27731
27732
27733
27734
27735
27736
27737
27744
27745
27746
27747
27748
27749
27750
27751
27752
27755
27758
27759
27760
27761
27762
27763
27764
27765
27768
27769
27770
27771
27772
27773
27774
27775
27776
27777
27778
27779
27780
27782
27783
27784
27785
27786
27787
27788
27790
27792
27793
27795
27797
27799
27800
27801
27802
27803
27804
27805
27806
27807
27808
27809
27810
27813
27816
27819
27821
27822
27823
27824
27825
27826
27827
27828
27829
27831
27832
27834
27835
27837
27839
27840
27842
27843
27844
27845
27846
27847
27848
27849
27850
27851
27852
27856
27857
27858
27860
27861
27862
27863
27864
27865
27866
27868
27869
27870
27875
27877
27878
27879
27880
27881
27882
27885
27886
27887
27888
27890
27892
27893
27895
27896
27897
27898
27899
27900
27901
27902
27905
27907
27909
27913
27914
27915
27918
27920
27926
27927
27929
27930
27932
27933
27934
27935
27936
27939
27940
27941
27942
27943
27944
27946
27947
27948
27949
27950
27951
27952
27953
27954
27955
27956
27957
27958
27959
27960
27961
27963
27965
27967
27968
27970
27971
27972
27973
27974
27975
27976
27979
27980
27981
27983
27984
27985
27986
27988
27989
27990
27991
27992
27993
27994
27995
27997
27998
27999
28000
28002
28003
28004
28005
28006
28009
28010
28011
28013
28016
28017
28018
28019
28024
28025
28026
28027
28028
28029
28030
28031
28033
28035
28036
28037
28038
28040
28042
28044
28046
28049
28051
28052
28053
28054
28055
28057
28060
28061
28063
28064
28065
28066
28067
28068
28069
28070
28073
28074
28075
28076
28077
28079
28081
28085
28087
28089
28093
28094
28095
28096
28097
28098
28099
28100
28101
28103
28104
28105
28106
28107
28109
28111
28112
28113
28115
28117
28118
28119
28120
28121
28122
28123
28124
28125
28126
28127
28129
28130
28133
28135
28136
28137
28139
28140
28142
28143
28144
28148
28149
28152
28153
28156
28157
28158
28159
28160
28161
28162
28163
28164
28166
28167
28168
28170
28171
28172
28173
28174
28175
28177
28178
28179
28180
28181
28182
28183
28185
28186
28187
28189
28190
28191
28198
28201
28202
28203
28204
28205
28206
28207
28208
28209
28210
28211
28214
28215
28216
28217
28218
28219
28220
28223
28224
28225
28229
28230
28231
28232
28233
28234
28236
28237
28238
28239
28240
28241
28242
28243
28245
28246
28248
28249
28251
28253
28254
28255
28257
28258
28259
28260
28261
28262
28264
28265
28266
28267
28268
28270
28272
28273
28274
28275
28276
28277
28278
28281
28282
28283
28284
28287
28291
28292
28293
28296
28297
28299
28300
28301
28303
28304
28305
28306
28307
28308
28309
28310
28311
28313
28315
28316
28319
28320
28321
28322
28324
28326
28328
28329
28330
28331
28332
28338
28339
28340
28341
28342
28343
28344
28345
28349
28350
28351
28352
28353
28354
28356
28357
28358
28361
28363
28365
28366
28367
28368
28370
28371
28374
28375
28376
28377
28378
28379
28380
28381
28382
28383
28385
28386
28389
28392
28394
28395
28396
28398
28399
28400
28401
28402
28406
28407
28410
28411
28412
28413
28414
28419
28420
28421
28422
28424
28429
28431
28432
28433
28434
28436
28439
28440
28441
28443
28445
28446
28447
28448
28449
28451
28452
28453
28458
28459
28460
28461
28462
28463
28466
28467
28470
28472
28473
28474
28477
28480
28485
28487
28489
28490
28491
28492
28493
28494
28497
28498
28501
28504
28505
28506
28507
28509
28510
28511
28515
28516
28517
28518
28519
28520
28521
28525
28530
28531
28532
28533
28535
28536
28538
28539
28540
28541
28542
28543
28545
28546
28547
28548
28549
28550
28553
28558
28559
28562
28564
28565
28566
28567
28569
28571
28577
28578
28579
28581
28582
28583
28584
28585
28587
28588
28589
28590
28591
28592
28593
28597
28598
28600
28601
28603
28604
28605
28606
28607
28608
28609
28613
28615
28616
28617
28623
28625
28626
28627
28628
28632
28634
28635
28636
28640
28641
28642
28643
28644
28645
28646
28649
28650
28655
28656
28659
28662
28664
28665
28666
28667
28669
28670
28671
28674
28676
28678
28679
28681
28682
28684
28685
28686
28687
28688
28691
28692
28693
28695
28699
28700
28701
28702
28705
28708
28711
28712
28713
28715
28718
28720
28721
28722
28724
28726
28728
28729
28730
28731
28732
28733
28737
28741
28743
28744
28745
28747
28748
28749
28750
28751
28752
28753
28757
28759
28762
28764
28765
28766
28768
28769
28770
28772
28773
28774
28775
28776
28777
28778
28779
28780
28781
28782
28783
28785
28786
28787
28788
28789
28790
28791
28792
28798
28799
28800
28801
28802
28803
28806
28807
28808
28809
28810
28812
28813
28816
28819
28820
28821
28823
28824
28828
28829
28830
28831
28832
28833
28843
28844
28845
28846
28847
28848
28849
28850
28851
28854
28856
28858
28859
28861
28862
28863
28865
28866
28867
28868
28869
28870
28871
28872
28873
28874
28880
28881
28882
28883
28884
28886
28887
28888
28889
28890
28897
28898
28899
28901
28902
28903
28909
28910
28911
28913
28914
28916
28917
28919
28922
28923
28925
28926
28927
28928
28929
28930
28931
28933
28934
28935
28936
28938
28939
28940
28941
28942
28943
28944
28946
28947
28954
28955
28956
28957
28958
28960
28961
28962
28965
28971
28973
28974
28975
28976
28977
28978
28981
28982
28984
28985
28986
28987
28988
28989
28990
28991
28992
28994
28996
28998
28999
29002
29003
29004
29005
29006
29007
29008
29009
29010
29011
29012
29013
29017
29019
29020
29021
29022
29023
29024
29025
29027
29028
29029
29030
29031
29033
29034
29035
29036
29037
29038
29039
29040
29043
29044
29047
29048
29049
29050
29051
29053
29055
29057
29058
29059
29060
29061
29063
29064
29068
29069
29070
29071
29076
29080
29081
29083
29084
29085
29086
29087
29088
29089
29093
29094
29095
29096
29097
29098
29099
29103
29104
29105
29106
29107
29108
29110
29111
29112
29115
29117
29119
29121
29122
29123
29124
29125
29126
29131
29135
29138
29139
29140
29141
29142
29143
29144
29145
29151
29152
29153
29154
29155
29156
29157
29158
29159
29160
29165
29166
29167
29168
29169
29170
29171
29172
29174
29175
29176
29177
29178
29184
29185
29186
29189
29190
29194
29195
29196
29197
29198
29202
29203
29204
29205
29206
29207
29211
29212
29213
29215
29221
29223
29224
29225
29226
29227
29228
29229
29230
29231
29232
29233
29239
29240
29243
29244
29245
29246
29247
29248
29249
29250
29252
29253
29254
29255
29256
29259
29260
29262
29264
29265
29266
29267
29270
29271
29274
29278
29281
29283
29284
29285
29286
29287
29289
29290
29291
29292
29293
29297
29299
29302
29306
29307
29308
29309
29310
29311
29314
29316
29318
29322
29323
29324
29325
29326
29327
29328
29329
29331
29332
29333
29334
29337
29341
29342
29343
29344
29345
29346
29347
29348
29349
29352
29357
29359
29360
29361
29362
29363
29366
29367
29370
29372
29373
29374
29377
29378
29381
29382
29383
29384
29388
29389
29390
29391
29392
29393
29394
29395
29396
29397
29398
29399
29401
29403
29404
29406
29407
29408
29410
29412
29413
29414
29415
29416
29417
29418
29419
29420
29421
29422
29423
29425
29427
29428
29431
29432
29433
29435
29437
29438
29439
29440
29441
29442
29443
29446
29447
29448
29449
29450
29451
29452
29454
29455
29456
29458
29460
29461
29462
29463
29467
29468
29469
29470
29471
29472
29473
29474
29475
29485
29486
29487
29488
29489
29490
29492
29493
29495
29496
29498
29501
29504
29505
29506
29507
29508
29511
29512
29513
29514
29515
29516
29517
29519
29524
29525
29526
29529
29530
29531
29534
29538
29539
29540
29541
29542
29543
29550
29551
29552
29555
29556
29557
29562
29563
29564
29565
29566
29567
29568
29570
29572
29573
29577
29578
29579
29580
29581
29582
29589
29590
29591
29592
29593
29594
29596
29598
29599
29600
29602
29604
29605
29606
29607
29609
29610
29612
29615
29616
29618
29619
29620
29621
29623
29624
29625
29626
29627
29630
29631
29634
29635
29638
29639
29640
29641
29642
29643
29644
29645
29646
29650
29652
29653
29654
29655
29657
29658
29659
29663
29664
29665
29673
29674
29675
29676
29678
29679
29680
29681
29683
29685
29686
29688
29689
29690
29691
29693
29694
29695
29696
29699
29700
29703
29706
29707
29711
29712
29713
29716
29717
29719
29724
29726
29727
29730
29731
29732
29733
29734
29736
29737
29741
29742
29743
29746
29747
29748
29749
29752
29754
29758
29763
29764
29765
29766
29767
29769
29770
29773
29774
29777
29778
29781
29782
29783
29785
29787
29788
29789
29792
29793
29798
29800
29801
29802
29803
29804
29806
29810
29814
29815
29816
29821
29823
29825
29826
29827
29828
29830
29831
29832
29833
29835
29836
29837
29838
29839
29840
29841
29842
29845
29846
29848
29850
29851
29852
29853
29854
29855
29856
29858
29860
29866
29868
29870
29871
29872
29873
29875
29878
29879
29881
29882
29885
29886
29887
29888
29890
29891
29893
29894
29895
29896
29897
29898
29899
29900
29903
29905
29906
29907
29908
29909
29910
29911
29915
29916
29918
29919
29920
29921
29922
29923
29924
29925
29930
29933
29936
29937
29938
29939
29940
29941
29950
29952
29953
29954
29955
29956
29957
29963
29964
29966
29967
29968
29969
29976
29977
29978
29979
29980
29981
29987
29988
29989
29990
29991
29992
29993
29994
29995
29996
29997
29998
29999
30000
30001
30002
30003
30004
30009
30010
30014
30015
30017
30024
30032
30033
30035
30036
30038
30041
30042
30049
30052
30053
30054
30055
30057
30058
30060
30062
30063
30064
30065
30067
30068
30069
30080
30081
30082
30084
30086
30087
30088
30096
30097
30101
30102
30104
30105
30107
30108
30110
30112
30114
30115
30116
30117
30123
30131
30133
30134
30135
30136
30137
30138
30139
30141
30145
30148
30159
30161
30163
30166
30167
30168
30169
30173
30174
30175
30183
30184
30188
30190
30192
30195
30196
30197
30198
30199
30200
30201
30204
30205
30206
30207
30208
30209
30210
30212
30222
30223
30224
30225
30226
30227
30228
30229
30239
30248
30250
30252
30254
30255
30256
30258
30261
30263
30264
30278
30279
30281
30282
30283
30284
30289
30290
30291
30292
30293
30294
30297
30302
30304
30306
30307
30308
30309
30310
30311
30312
30313
30314
30315
30318
30320
30328
30330
30331
30332
30334
30335
30336
30337
30338
30339
30341
30342
30343
30344
30345
30346
30348
30351
30357
30358
30359
30361
30362
30363
30364
30365
30366
30367
30371
30375
30379
30382
30383
30385
30386
30387
30393
30394
30399
30401
30402
30405
30406
30407
30409
30410
30411
30412
30413
30414
30416
30417
30418
30419
30420
30421
30422
30423
30426
30432
30434
30435
30436
30437
30440
30443
30455
30456
30458
30459
30460
30461
30462
30463
30464
30470
30473
30475
30477
30479
30480
30481
30482
30483
30484
30485
30486
30487
30488
30489
30490
30500
30502
30503
30504
30506
30507
30508
30512
30513
30514
30516
30518
30520
30523
30526
30527
30528
30529
30531
30532
30533
30539
30540
30541
30542
30549
30550
30558
30559
30561
30562
30563
30564
30565
30566
30568
30569
30570
30571
30572
30573
30585
30588
30589
30590
30591
30593
30596
30601
30611
30612
30613
30614
30615
30616
30617
30620
30622
30623
30624
30637
30638
30639
30641
30642
30643
30644
30645
30646
30647
30648
30649
30655
30666
30667
30668
30669
30670
30671
30675
30676
30682
30683
30688
30691
30692
30694
30696
30697
30698
30699
30700
30706
30711
30714
30716
30718
30719
30720
30722
30723
30724
30725
30740
30743
30744
30745
30746
30748
30749
30750
30751
30752
30753
30755
30758
30761
30764
30767
30768
30769
30770
30771
30772
30773
30774
30775
30778
30792
30797
30799
30801
30802
30803
30804
30818
30823
30824
30825
30826
30827
30828
30829
30831
30832
30833
30834
30835
30836
30841
30845
30849
30850
30851
30853
30854
30855
30856
30859
30860
30864
30865
30866
30867
30868
30869
30873
30879
30880
30882
30883
30884
30885
30886
30887
30888
30889
30890
30891
30906
30909
30910
30911
30912
30913
30914
30915
30916
30918
30922
30925
30928
30935
30937
30938
30939
30941
30942
30943
30944
30946
30947
30948
30949
30951
30958
30966
30967
30968
30969
30971
30972
30973
30974
30975
30978
30980
30982
30987
30990
30992
30995
30998
30999
31001
31014
31015
31016
31017
31018
31020
31021
31022
31023
31024
31030
31031
31033
31039
31050
31051
31052
31053
31055
31056
31057
31058
31059
31061
31063
31064
31071
31072
31073
31074
31075
31076
31079
31082
31084
31085
31088
31095
31097
31098
31099
31100
31101
31110
31111
31122
31127
31128
31129
31130
31131
31132
31133
31134
31137
31143
31144
31153
31154
31155
31156
31157
31158
31159
31160
31161
31163
31166
31178
31179
31180
31181
31182
31183
31184
31185
31187
31195
31196
31200
31202
31203
31204
31206
31207
31208
31209
31210
31212
31213
31214
31215
31216
31219
31221
31222
31223
31224
31225
31226
31227
31234
31235
31236
31237
31238
31239
31240
31241
31242
31243
31244
31245
31246
31248
31259
31260
31261
31262
31263
31265
31266
31267
31270
31271
31274
31275
31276
31277
31282
31283
31284
31286
31295
31296
31297
31301
31302
31307
31310
31311
31312
31313
31323
31324
31325
31326
31327
31329
31330
31347
31349
31353
31354
31355
31356
31357
31358
31360
31376
31379
31380
31381
31386
31403
31404
31405
31406
31407
31408
31409
31410
31411
31412
31413
31423
31425
31427
31428
31429
31430
31431
31432
31433
31434
31435
31436
31439
31442
31444
31445
31447
31451
31452
31455
31464
31466
31467
31469
31473
31474
31476
31477
31478
31479
31480
31482
31483
31484
31494
31497
31500
31502
31504
31505
31508
31509
31510
31512
31522
31523
31524
31525
31526
31527
31528
31529
31530
31531
31533
31534
31535
31536
31537
31546
31547
31548
31549
31550
31552
31553
31554
31555
31556
31558
31560
31562
31564
31565
31566
31567
31571
31573
31574
31575
31577
31578
31580
31581
31582
31583
31584
31587
31588
31589
31591
31592
31593
31594
31595
31596
31597
31598
31599
31600
31601
31602
31603
31606
31611
31612
31618
31619
31620
31622
31623
31634
31638
31640
31641
31642
31643
31644
31645
31646
31647
31648
31649
31651
31652
31657
31658
31659
31660
31661
31672
31673
31674
31675
31676
31677
31679
31680
31681
31683
31685
31686
31687
31690
31704
31705
31706
31707
31708
31709
31710
31711
31713
31718
31729
31732
31733
31734
31735
31736
31737
31739
31741
31742
31743
31744
31758
31759
31760
31761
31762
31763
31764
31765
31766
31785
31786
31787
31789
31791
31792
31793
31794
31795
31796
31798
31799
31800
31801
31802
31813
31819
31822
31823
31824
31826
31830
31831
31835
31846
31847
31848
31850
31876
31881
31882
31888
31889
31930
31980
32000
32001
32002
32004
32006
32007
32009
32010
32017
32018
32019
32022
32024
32025
32026
32027
32028
32029
32030
32035
32037
32044
32046
32049
32050
32051
32052
32053
32054
32055
32056
32057
32074
32076
32077
32078
32079
32080
32082
32083
32084
32089
32098
32100
32101
32102
32103
32104
32106
32107
32108
32109
32110
32112
32117
32121
32122
32123
32124
32125
32126
32128
32129
32130
32131
32132
32133
32134
32135
32142
32143
32146
32147
32149
32150
32152
32153
32154
32155
32164
32165
32166
32167
32168
32169
32170
32171
32174
32175
32176
32177
32179
32180
32181
32182
32183
32188
32192
32193
32203
32204
32205
32206
32207
32208
32211
32216
32222
32223
32224
32225
32226
32227
32228
32229
32230
32231
32232
32233
32240
32248
32250
32251
32252
32254
32258
32259
32260
32262
32263
32264
32265
32279
32280
32281
32282
32284
32285
32287
32288
32289
32290
32292
32293
32295
32296
32297
32298
32302
32303
32305
32306
32307
32308
32310
32312
32313
32314
32315
32316
32317
32318
32320
32327
32328
32329
32330
32331
32332
32333
32335
32336
32337
32339
32354
32359
32360
32361
32362
32364
32365
32367
32372
32374
32376
32378
32379
32380
32381
32382
32383
32384
32385
32386
32387
32388
32390
32392
32395
32396
32399
32400
32402
32403
32413
32414
32415
32416
32417
32419
32420
32421
32422
32438
32439
32440
32441
32442
32443
32455
32456
32457
32460
32462
32464
32465
32466
32467
32468
32469
32470
32472
32473
32474
32475
32483
32489
32490
32491
32492
32493
32494
32499
32508
32509
32512
32513
32514
32515
32516
32517
32518
32519
32520
32521
32522
32524
32534
32535
32536
32538
32539
32543
32544
32545
32546
32547
32551
32552
32553
32558
32562
32572
32573
32574
32576
32577
32581
32595
32596
32597
32598
32599
32600
32602
32604
32608
32612
32614
32615
32617
32618
32619
32620
32621
32622
32623
32624
32625
32627
32628
32629
32641
32644
32645
32646
32647
32648
32649
32650
32651
32652
32664
32665
32666
32667
32668
32669
32670
32671
32673
32674
32675
32676
32678
32680
32681
32682
32683
32694
32696
32697
32699
32700
32702
32704
32714
32715
32716
32717
32718
32720
32721
32722
32723
32731
32732
32733
32734
32735
32736
32737
32738
32739
32740
32742
32743
32744
32747
32759
32760
32761
32762
32763
32765
32766
32767
32779
32780
32781
32783
32784
32785
32786
32787
32797
32798
32799
32800
32801
32802
32803
32804
32805
32806
32807
32809
32810
32813
32815
32823
32824
32825
32826
32827
32829
32831
32832
32833
32846
32847
32848
32849
32850
32851
32852
32862
32869
32872
32874
32875
32891
32892
32893
32894
32907
32908
32909
32911
32912
32913
32914
32915
32924
32925
32929
32930
32933
32941
32942
32943
32944
32945
32948
32950
32951
32965
32967
32968
32969
32970
32971
32972
32990
32992
32993
32995
32996
33024
33026
33027
33032
33041
33044
33045
33046
33047
33049
33050
33054
33057
33058
33060
33071
33074
33075
33076
33077
33078
33079
33080
33085
33086
33095
33098
33100
33101
33102
33105
33114
33117
33119
33121
33122
33123
33124
33126
33127
33141
33143
33144
33145
33147
33148
33149
33150
33151
33152
33153
33155
33156
33161
33164
33165
33166
33167
33168
33169
33170
33171
33172
33177
33179
33181
33187
33192
33193
33194
33195
33197
33198
33199
33445
33446
33447
33449
33451
33452
33461
33462
33463
33464
33465
33466
33536
33540
33543
33545
33547
33548
33550
33551
33552
33554
33555
33556
33557
33560
33561
33562
33563
33564
33565
33572
33573
33574
33575
33576
33577
33578
33579
33580
33582
33591
33594
33595
33596
33597
33598
33599
33601
33602
33604
33605
33609
33610
33611
33613
33619
33620
33621
33622
33623
33624
33625
33631
33632
33633
33634
33637
33646
33648
33649
33650
33658
33659
33660
33661
33662
33663
33664
33666
33676
33684
33691
33692
33693
33694
33695
33696
33697
33699
33702
33703
33704
33705
33706
33707
33708
33709
33711
33714
33715
33719
33720
33721
33722
33723
33725
33726
33728
33729
33730
33731
33736
33737
33738
33741
33742
33743
33744
33745
33746
33748
33749
33751
33755
33757
33759
33760
33761
33762
33764
33765
33766
33770
33771
33775
33776
33777
33778
33779
33781
33782
33784
33785
33786
33787
33788
33789
33790
33791
33792
33793
33794
33802
33803
33805
33806
33807
33808
33810
33811
33812
33813
33814
33816
33824
33830
33832
33833
33834
33836
33837
33838
33840
33842
33843
33844
33853
33858
33859
33860
33861
33864
33865
33866
33867
33868
33878
33885
33889
33891
33892
33893
33894
33895
33896
33897
33898
33900
33901
33902
33906
33911
33913
33914
33916
33918
33919
33920
33921
33922
33923
34061
34063
34064
34065
34066
34067
34068
34069
34070
34072
34073
34074
34075
34077
34078
34079
34080
34084
34085
34086
34142
34143
34144
34145
34146
34147
34148
34149
34153
34154
34158
34159
34162
34171
34173
34174
34175
34176
34177
34180
34183
34184
34185
34190
34193
34201
34202
34203
34204
34205
34206
34207
34211
34212
34227
34233
34235
34239
34240
34242
34243
34252
34255
34262
34263
34267
34268
34269
34270
34271
34272
34273
34274
34275
34276
34280
34281
34282
34284
34285
34286
34287
34288
34290
34291
34292
34295
34303
34304
34305
34306
34307
34347
34348
34350
34353
34355
34359
34361
34363
34368
34369
34371
34374
34381
34382
34391
34395
34398
34401
34403
34404
34406
34407
34408
34409
34411
34412
34413
34414
34423
34430
34435
34436
34437
34438
34440
34441
34444
34445
34448
34449
34450
34458
34461
34462
34463
34464
34465
34471
34472
34473
34474
34475
34476
34477
34478
34479
34480
34488
34489
34490
34491
34492
34493
34495
34497
34499
34500
34511
34513
34515
34516
34517
34518
34519
34520
34522
34524
34525
34526
34529
34530
34531
34532
34533
34534
34535
34536
34537
34538
34539
34540
34551
34554
34555
34556
34557
34558
34559
34560
34562
34564
34565
34570
34571
34575
34576
34577
34578
34579
34581
34584
34585
34586
34588
34592
34594
34596
34597
34598
34599
34600
34601
34603
34604
34609
34610
34618
34621
34622
34623
34624
34625
34626
34627
34629
34630
34631
34632
34637
34639
34646
34647
34648
34649
34650
34651
34652
34653
34656
34671
34672
34678
34679
34685
34689
34693
34694
34695
34696
34710
34711
34712
34713
34715
34718
34720
34721
34734
34736
34737
34738
34739
34741
34742
34744
34746
34758
34760
34761
34762
34763
34764
34765
34766
34767
34768
34769
34773
34778
34780
34782
34783
34784
34785
34786
34787
34789
34791
34800
34801
34802
34803
34804
34805
34806
34807
34808
34809
34810
34823
34824
34825
34826
34828
34830
34831
34833
34835
34837
34838
34853
34854
34855
34856
34858
34859
34866
34872
34874
34875
34876
34877
34878
34879
34880
34881
34887
34900
34901
34902
34903
34904
34905
34906
34907
34919
34920
34921
34922
34924
34925
34926
34927
34933
34934
34938
34939
34941
34943
34944
34946
35009
35011
35012
35014
35016
35017
35019
35022
35023
35024
35025
35026
35030
35036
35042
35045
35047
35048
35049
35050
35051
35056
35057
35062
35065
35067
35073
35076
35077
35078
35081
35087
35088
35098
35100
35101
35102
35103
35104
35113
35114
35116
35121
35123
35127
35128
35129
35130
35131
35138
35139
35145
35147
35151
35152
35153
35154
35155
35156
35157
35158
35160
35168
35169
35175
35178
35180
35181
35182
35183
35184
35185
35187
35188
35190
35191
35192
35193
35194
35195
35196
35197
35198
35200
35209
35211
35213
35214
35215
35230
35233
35234
35235
35237
35238
35239
35240
35241
35243
35244
35246
35255
35256
35258
35259
35260
35261
35262
35263
35266
35267
35269
35270
35271
35272
35273
35274
35276
35277
35278
35279
35280
35288
35289
35291
35292
35293
35294
35295
35296
35300
35301
35302
35303
35304
35305
35308
35312
35313
35324
35325
35326
35327
35328
35329
35330
35331
35332
35335
35337
35338
35339
35340
35341
35344
35345
35346
35348
35349
35350
35355
35357
35358
35359
35360
35361
35367
35368
35376
35381
35388
35390
35391
35392
35393
35398
35399
35400
35401
35406
35407
35416
35418
35420
35421
35422
35423
35424
35425
35426
35427
35430
35434
35439
35443
35445
35446
35447
35452
35453
35454
35455
35456
35458
35459
35461
35463
35464
35468
35474
35475
35477
35480
35482
35485
35488
35489
35491
35492
35512
35513
35515
35516
35531
35534
35535
35536
35537
35538
35539
35540
35541
35542
35546
35547
35548
35551
35562
35564
35566
35567
35568
35569
35574
35575
35576
35577
35585
35591
35593
35594
35597
35598
35603
35604
35605
35606
35609
35610
35611
35612
35613
35614
35616
35618
35619
35620
35622
35623
35626
35627
35632
35633
35641
35642
35643
35644
35645
35647
35655
35656
35657
35658
35664
35665
35666
35667
35668
35669
35670
35671
35676
35678
35680
35686
35687
35688
35689
35690
35691
35692
35694
35695
35702
35707
35708
35711
35713
35715
35716
35726
35727
35728
35730
35731
35732
35733
35736
35745
35746
35747
35757
35758
35759
35760
35765
35770
35771
35772
35773
35774
35775
35776
35785
35786
35788
35792
35802
35803
35804
35805
35806
35808
35809
35817
35822
35823
35825
35826
35828
35830
35831
35832
35833
35834
35835
35842
35843
35844
35845
35846
35847
35850
35852
35855
35858
35860
35861
35862
35873
35877
35880
35881
35885
35890
35891
35892
35893
35894
35895
35902
35905
35906
35907
35908
35916
35924
35925
35926
35927
35928
35930
35932
35933
35934
35956
35957
35958
35959
35960
35961
35962
35963
35968
35970
35971
35975
35978
35979
35980
35982
35984
35985
35986
35987
35988
35989
35991
35993
35999
36000
36001
36004
36005
36007
36009
36014
36015
36016
36017
36023
36025
36026
36027
36028
36033
36035
36036
36039
36042
36043
36044
36045
36046
36047
36049
36058
36059
36067
36068
36069
36070
36071
36073
36074
36078
36079
36081
36083
36085
36086
36087
36093
36098
36099
36100
36101
36102
36108
36109
36112
36113
36114
36145
36146
36148
36150
36151
36152
36153
36154
36155
36156
36157
36158
36159
36177
36181
36182
36185
36190
36191
36202
36208
36209
36210
36211
36213
36214
36215
36216
36217
36218
36220
36221
36222
36227
36228
36234
36237
36238
36239
36240
36241
36242
36243
36244
36246
36248
36249
36250
36265
36266
36267
36268
36274
36275
36289
36295
36296
36298
36299
36300
36301
36302
36303
36304
36306
36307
36318
36320
36322
36323
36324
36325
36326
36327
36328
36329
36332
36333
36339
36340
36341
36343
36344
36348
36349
36350
36351
36353
36354
36355
36356
36357
36359
36365
36366
36367
36368
36369
36370
36371
36372
36374
36375
36376
36383
36386
36387
36388
36389
36390
36392
36393
36394
36395
36396
36397
36399
36400
36401
36407
36408
36410
36412
36413
36414
36415
36416
36417
36418
36419
36421
36422
36431
36436
36448
36449
36450
36451
36452
36456
36457
36458
36459
36460
36461
36462
36469
36473
36474
36475
36476
36477
36478
36479
36480
36481
36482
36483
36484
36485
36487
36488
36489
36492
36493
36494
36498
36500
36501
36503
36504
36505
36506
36507
36510
36512
36513
36522
36529
36531
36533
36534
36535
36537
36538
36540
36541
36542
36543
36544
36545
36546
36547
36548
36549
36550
36552
36553
36554
36555
36558
36569
36571
36575
36577
36584
36585
36586
36591
36593
36594
36596
36597
36598
36601
36602
36603
36604
36605
36606
36607
36609
36615
36621
36623
36624
36625
36626
36627
36628
36631
36632
36634
36636
36639
36642
36643
36650
36651
36652
36653
36657
36658
36659
36660
36661
36662
36663
36672
36676
36677
36678
36679
36680
36681
36684
36688
36691
36692
36693
36695
36711
36712
36713
36715
36716
36717
36718
36719
36720
36727
36732
36737
36738
36740
36741
36742
36750
36751
36754
36755
36757
36758
36759
36760
36761
36762
36763
36764
36765
36766
36767
36768
36769
36771
36786
36787
36791
36792
36793
36794
36795
36796
36797
36800
36801
36802
36807
36819
36820
36821
36823
36824
36825
36826
36831
36833
36838
36839
36840
36841
36846
36847
36848
36857
36860
36862
36863
36864
36865
36866
36879
36881
36882
36883
36884
36885
36886
36887
36888
36892
36893
36895
36896
36901
36903
36908
36910
36911
36912
36913
36914
36915
36916
36917
36920
36927
36931
36932
36934
36937
36938
36939
36940
36941
36946
36959
36961
36962
36963
36964
36975
36976
36977
36978
36980
36981
36982
36983
36984
36985
36987
36988
36989
36990
36991
36999
37000
37001
37014
37015
37016
37017
37018
37019
37021
37038
37039
37040
37041
37042
37044
37045
37046
37053
37054
37063
37066
37068
37069
37070
37071
37072
37073
37074
37083
37084
37085
37089
37090
37093
37094
37095
37096
37097
37098
37100
37104
37105
37106
37107
37121
37122
37151
37152
37155
37157
37158
37161
37162
37163
37164
37165
37166
37167
37168
37169
37171
37173
37179
37180
37181
37182
37184
37185
37186
37187
37203
37204
37205
37206
37232
37233
37234
37236
37237
37239
37248
37249
37250
37251
37252
37258
37259
37260
37263
37267
37274
37278
37280
37281
37282
37283
37284
37285
37286
37291
37294
37305
37306
37311
37312
37313
37316
37318
37319
37320
37321
37322
37323
37324
37325
37326
37328
37329
37330
37331
37338
37339
37340
37342
37343
37344
37345
37347
37349
37353
37354
37363
37368
37372
37373
37374
37375
37376
37377
37378
37379
37392
37393
37395
37396
37397
37399
37403
37405
37406
37407
37408
37409
37410
37415
37420
37421
37429
37431
37432
37433
37434
37435
37438
37439
37440
37444
37451
37453
37454
37456
37457
37458
37460
37462
37466
37467
37468
37472
37473
37482
37483
37484
37485
37486
37487
37488
37490
37491
37493
37498
37500
37504
37505
37506
37509
37511
37512
37515
37519
37520
37522
37523
37525
37526
37527
37528
37529
37530
37532
37533
37534
37535
37536
37537
37540
37542
37545
37546
37549
37550
37551
37553
37554
37555
37556
37560
37565
37567
37568
37570
37576
37577
37579
37580
37582
37583
37584
37585
37586
37589
37603
37604
37607
37610
37611
37612
37613
37614
37615
37616
37617
37619
37633
37637
37639
37640
37641
37642
37643
37644
37645
37654
37656
37658
37659
37660
37661
37662
37663
37664
37682
37683
37685
37687
37688
37689
37691
37693
37694
37696
37697
37700
37701
37714
37715
37716
37717
37718
37722
37724
37726
37729
37730
37735
37736
37738
37739
37745
37747
37748
37749
37750
37751
37753
37754
37755
37757
37760
37764
37766
37767
37768
37769
37770
37771
37775
37776
37777
37779
37780
37781
37783
37784
37785
37786
37790
37795
37801
37804
37805
37807
37808
37809
37810
37811
37812
37813
37817
37819
37820
37821
37823
37824
37825
37836
37838
37839
37840
37841
37842
37843
37844
37846
37847
37849
37850
37851
37853
37854
37869
37870
37871
37872
37873
37874
37875
37876
37878
37879
37880
37881
37883
37884
37886
37892
37893
37897
37898
37899
37900
37901
37904
37906
37908
37911
37912
37913
37914
37917
37918
37926
37928
37929
37930
37931
37932
37933
37934
37935
37936
37937
37938
37939
37941
37942
37943
37944
37946
37961
37966
37969
37970
37971
37972
37973
37975
37976
37978
37979
37986
37989
37993
37995
37996
37997
37999
38000
38001
38016
38023
38026
38028
38029
38030
38031
38036
38038
38040
38045
38048
38049
38050
38051
38052
38053
38054
38055
38056
38057
38058
38061
38064
38066
38068
38069
38070
38071
38073
38074
38075
38076
38077
38078
38079
38080
38081
38082
38083
38084
38087
38088
38091
38092
38095
38096
38097
38098
38099
38100
38101
38102
38108
38109
38110
38111
38113
38115
38124
38130
38131
38132
38133
38134
38135
38136
38137
38138
38139
38140
38145
38148
38154
38156
38157
38158
38159
38160
38161
38162
38163
38164
38165
38166
38167
38168
38169
38189
38190
38191
38192
38193
38194
38195
38196
38197
38198
38200
38201
38207
38208
38209
38220
38225
38226
38227
38230
38232
38233
38234
38235
38236
38242
38249
38250
38253
38255
38256
38257
38258
38288
38292
38293
38295
38296
38297
38298
38305
38308
38312
38315
38322
38328
38329
38330
38331
38333
38334
38337
38339
38343
38344
38346
38348
38350
38355
38356
38357
38358
38359
38360
38361
38362
38369
38373
38375
38376
38377
38378
38379
38382
38383
38386
38389
38390
38391
38392
38395
38396
38397
38398
38399
38400
38401
38402
38403
38404
38405
38406
38407
38408
38409
38410
38411
38412
38418
38420
38439
38440
38444
38445
38447
38448
38449
38450
38451
38454
38459
38460
38462
38463
38465
38474
38477
38478
38479
38480
38481
38482
38483
38484
38485
38496
38501
38504
38506
38508
38509
38511
38512
38513
38514
38515
38516
38517
38518
38519
38521
38523
38524
38525
38526
38528
38530
38532
38534
38535
38536
38537
38538
38546
38547
38550
38551
38552
38553
38554
38555
38556
38557
38558
38559
38560
38561
38562
38563
38564
38565
38568
38570
38572
38576
38581
38587
38589
38590
38591
38592
38602
38606
38607
38609
38610
38611
38612
38613
38614
38615
38616
38617
38618
38619
38622
38623
38624
38626
38627
38630
38631
38632
38637
38645
38646
38647
38648
38649
38650
38651
38653
38669
38672
38673
38678
38679
38680
38682
38688
38696
38699
38702
38705
38711
38717
38718
38719
38720
38721
38722
38723
38724
38725
38726
38727
38728
38730
38743
38746
38747
38748
38749
38754
38755
38756
38757
38768
38769
38770
38771
38772
38773
38774
38775
38777
38778
38779
38780
38782
38783
38784
38787
38788
38789
38802
38803
38804
38805
38806
38807
38811
38821
38823
38826
38829
38830
38831
38832
38833
38834
38835
38836
38840
38841
38842
38843
38855
38856
38857
38858
38859
38860
38861
38862
38863
38864
38865
38866
38872
38880
38883
38885
38886
38889
38890
38892
38893
38896
38897
38900
38901
38902
38907
38908
38909
38911
38912
38918
38919
38921
38922
38923
38924
38925
38927
38928
38929
38930
38944
38945
38950
38951
38952
38953
38954
38956
38957
38958
38959
38960
38971
38979
38981
38983
38984
38985
38986
38987
38988
38989
38990
38996
39004
39008
39009
39010
39012
39015
39021
39024
39038
39039
39040
39042
39043
39044
39049
39050
39054
39057
39061
39063
39065
39066
39067
39068
39069
39070
39071
39075
39077
39088
39097
39098
39099
39100
39104
39105
39106
39111
39120
39122
39123
39125
39126
39127
39128
39129
39130
39131
39133
39134
39135
39136
39137
39138
39140
39143
39147
39149
39152
39157
39159
39168
39169
39170
39171
39172
39173
39176
39177
39183
39193
39194
39200
39201
39202
39203
39204
39205
39206
39210
39213
39214
39215
39225
39226
39227
39228
39230
39231
39232
39233
39236
39237
39239
39240
39241
39242
39243
39244
39245
39247
39248
39249
39250
39253
39257
39258
39259
39260
39261
39262
39263
39265
39266
39267
39271
39272
39281
39288
39290
39291
39293
39294
39295
39296
39299
39303
39306
39308
39319
39320
39321
39322
39323
39325
39326
39329
39339
39340
39343
39345
39346
39347
39349
39350
39351
39353
39358
39371
39372
39373
39374
39375
39376
39377
39378
39379
39384
39387
39388
39389
39390
39391
39392
39393
39394
39397
39404
39405
39406
39407
39412
39422
39426
39429
39431
39432
39433
39434
39435
39436
39437
39438
39439
39440
39443
39462
39463
39464
39465
39466
39467
39469
39470
39471
39476
39479
39480
39482
39492
39494
39495
39496
39497
39498
39499
39500
39501
39502
39503
39504
39505
39506
39508
39511
39512
39514
39522
39523
39524
39525
39527
39528
39529
39530
39535
39540
39552
39553
39554
39555
39556
39557
39558
39559
39560
39564
39565
39569
39570
39571
39572
39573
39574
39581
39584
39593
39594
39595
39596
39598
39600
39602
39603
39604
39608
39609
39611
39612
39613
39614
39620
39624
39628
39629
39630
39634
39635
39636
39637
39638
39649
39654
39656
39659
39660
39662
39663
39664
39665
39667
39678
39680
39685
39686
39688
39689
39690
39691
39703
39704
39714
39720
39721
39722
39723
39724
39725
39726
39727
39731
39733
39737
39738
39740
39741
39743
39744
39745
39746
39752
39754
39756
39764
39771
39774
39776
39777
39778
39779
39780
39781
39782
39784
39792
39793
39794
39795
39796
39798
39801
39802
39803
39804
39805
39806
39807
39808
39810
39811
39812
39814
39828
39834
39835
39836
39837
39838
39839
39841
39851
39854
39855
39856
39857
39858
39859
39860
39861
39862
39863
39864
39865
39866
39867
39870
39872
39874
39889
39890
39891
39892
39894
39895
39896
39897
39898
39900
39901
39905
39906
39907
39908
39909
39915
39916
39917
39920
39921
39922
39936
39937
39938
39939
39941
39942
39943
39944
39945
39954
39957
39958
39959
39960
39961
39962
39963
39964
39965
39966
39967
39969
39976
39979
39980
39984
39985
39986
39987
39988
39989
39990
39991
39994
39995
39996
39997
39998
39999
40000
40001
40003
40007
40015
40017
40018
40019
40020
40021
40022
40024
40025
40030
40031
40033
40034
40039
40040
40042
40043
40044
40045
40046
40047
40048
40051
40052
40053
40056
40057
40058
40059
40061
40062
40063
40065
40066
40067
40068
40069
40070
40071
40072
40073
40074
40087
40094
40095
40096
40097
40098
40109
40118
40121
40122
40123
40124
40125
40126
40128
40131
40134
40135
40139
40142
40143
40151
40166
40171
40172
40173
40175
40184
40187
40191
40193
40194
40195
40196
40197
40208
40209
40210
40211
40212
40213
40214
40215
40218
40219
40234
40235
40236
40237
40238
40239
40240
40246
40248
40257
40263
40264
40265
40266
40267
40268
40269
40270
40273
40274
40275
40276
40279
40285
40290
40295
40296
40297
40300
40304
40306
40311
40316
40317
40322
40326
40327
40328
40331
40345
40346
40347
40348
40375
40389
40390
40395
40398
40399
40401
40411
40412
40413
40414
40415
40416
40417
40418
40421
40422
40425
40426
40427
40428
40429
40430
40431
40445
40446
40451
40452
40453
40454
40455
40456
40457
40458
40459
40460
40464
40466
40468
40469
40470
40478
40479
40481
40482
40484
40485
40487
40488
40501
40504
40505
40506
40510
40512
40513
40514
40515
40516
40520
40529
40530
40531
40532
40533
40534
40536
40538
40540
40542
40543
40547
40548
40549
40551
40552
40553
40554
40565
40566
40567
40568
40569
40570
40571
40572
40573
40574
40579
40580
40582
40583
40587
40588
40592
40593
40595
40597
40598
40599
40600
40601
40602
40603
40604
40606
40608
40623
40626
40627
40628
40629
40630
40632
40636
40639
40640
40645
40657
40658
40661
40662
40672
40673
40674
40675
40679
40684
40686
40687
40688
40690
40691
40692
40693
40714
40715
40716
40718
40720
40721
40722
40723
40725
40726
40729
40734
40735
40740
40741
40742
40743
40744
40745
40746
40747
40751
40752
40753
40758
40759
40760
40761
40763
40764
40765
40766
40767
40768
40769
40788
40789
40790
40794
40795
40796
40797
40798
40799
40800
40801
40802
40805
40806
40807
40814
40818
40819
40820
40821
40822
40823
40824
40825
40826
40827
40828
40829
40830
40846
40847
40848
40849
40850
40851
40853
40854
40855
40856
40857
40858
40865
40868
40869
40872
40873
40874
40875
40878
40879
40883
40884
40885
40886
40887
40895
40899
40904
40905
40906
40908
40909
40911
40917
40918
40919
40920
40921
40922
40923
40924
40925
40926
40927
40928
40929
40933
40935
40936
40940
40942
40944
40946
40947
40948
40949
40950
40951
40952
40953
40955
40956
40957
40958
40964
40969
40975
40976
40977
40978
40979
40981
40982
40984
40985
40987
40988
40989
40991
41004
41005
41006
41007
41008
41009
41010
41012
41013
41014
41015
41025
41027
41031
41032
41035
41036
41038
41040
41041
41042
41045
41051
41053
41055
41056
41057
41058
41059
41060
41062
41063
41064
41065
41066
41067
41068
41071
41073
41074
41076
41077
41078
41084
41090
41092
41093
41096
41098
41099
41101
41102
41103
41104
41116
41117
41121
41125
41126
41127
41136
41138
41139
41140
41141
41142
41145
41149
41152
41153
41155
41156
41157
41158
41159
41161
41162
41164
41166
41167
41170
41171
41172
41173
41181
41182
41183
41184
41186
41187
41188
41189
41190
41191
41192
41193
41198
41199
41200
41201
41202
41203
41204
41206
41207
41211
41213
41214
41222
41223
41224
41225
41226
41229
41230
41233
41234
41239
41240
41242
41244
41245
41246
41247
41248
41250
41252
41259
41268
41269
41270
41271
41272
41273
41274
41275
41276
41297
41298
41299
41300
41301
41302
41303
41304
41305
41306
41307
41311
41312
41313
41314
41315
41321
41324
41325
41326
41328
41329
41330
41331
41332
41333
41334
41340
41341
41342
41343
41346
41349
41350
41351
41352
41366
41368
41370
41371
41372
41373
41374
41377
41378
41384
41389
41393
41395
41397
41398
41400
41401
41402
41403
41405
41418
41424
41425
41426
41427
41428
41429
41430
41431
41432
41433
41435
41436
41437
41443
41447
41448
41449
41451
41452
41453
41457
41458
41459
41460
41461
41462
41463
41464
41465
41466
41467
41468
41470
41471
41475
41476
41486
41488
41494
41495
41496
41498
41499
41500
41501
41502
41505
41508
41509
41510
41511
41513
41518
41519
41522
41523
41524
41525
41527
41529
41533
41534
41540
41544
41545
41546
41548
41549
41550
41551
41552
41553
41554
41555
41558
41559
41560
41561
41585
41589
41590
41591
41592
41593
41596
41610
41611
41613
41614
41615
41616
41617
41618
41619
41620
41621
41622
41623
41625
41634
41641
41647
41648
41652
41653
41654
41655
41656
41657
41658
41660
41661
41662
41663
41664
41677
41679
41680
41681
41682
41683
41684
41685
41686
41687
41688
41695
41696
41709
41710
41772
41774
41775
41778
41779
41780
41781
41796
41799
41801
41802
41804
41805
41806
41807
41808
41809
41812
41815
41816
41819
41820
41827
41829
41830
41831
41832
41833
41834
41835
41848
41849
41852
41856
41857
41858
41859
41861
41862
41881
41882
41884
41885
41886
41887
41888
41901
41903
41910
41911
41912
41913
41914
41916
41917
41918
41919
41920
41921
41924
41926
41927
41928
41933
41934
41935
41940
41941
41944
41945
41946
41948
41949
41950
41951
41953
41954
41955
41956
41958
41959
41960
41964
41965
41966
41967
41968
41969
41973
41975
41976
41977
41978
41979
41981
41982
41983
41985
41986
41987
41988
41989
41990
41991
41993
41994
41997
41998
42004
42007
42008
42009
42011
42012
42013
42014
42015
42016
42017
42018
42021
42022
42034
42035
42036
42037
42038
42039
42040
42041
42044
42045
42046
42047
42049
42050
42052
42054
42061
42062
42063
42064
42065
42067
42069
42071
42079
42081
42082
42083
42084
42085
42086
42087
42088
42089
42092
42093
42094
42095
42098
42099
42101
42102
42103
42104
42106
42108
42111
42122
42124
42125
42126
42128
42129
42130
42131
42132
42133
42134
42135
42136
42139
42140
42141
42143
42144
42149
42150
42151
42152
42157
42158
42159
42161
42166
42169
42171
42172
42173
42174
42176
42177
42178
42179
42180
42184
42185
42190
42192
42194
42195
42202
42204
42205
42207
42208
42209
42211
42212
42213
42214
42215
42224
42226
42227
42232
42238
42240
42241
42242
42243
42244
42247
42248
42252
42253
42255
42256
42268
42269
42270
42271
42272
42273
42274
42281
42283
42287
42288
42289
42290
42291
42292
42304
42305
42306
42307
42308
42309
42312
42313
42322
42326
42327
42328
42329
42330
42331
42332
42333
42334
42335
42336
42338
42339
42340
42346
42349
42350
42351
42352
42353
42354
42355
42357
42358
42359
42360
42361
42362
42363
42364
42365
42366
42367
42369
42370
42371
42372
42373
42375
42376
42382
42383
42385
42387
42388
42389
42390
42391
42392
42393
42394
42398
42407
42409
42410
42411
42412
42416
42417
42418
42419
42420
42422
42423
42424
42425
42426
42428
42429
42430
42431
42433
42434
42435
42436
42439
42440
42441
42447
42451
42452
42453
42454
42455
42456
42458
42459
42460
42461
42467
42468
42469
42472
42473
42474
42475
42480
42481
42484
42486
42488
42489
42490
42492
42493
42494
42495
42496
42501
42502
42503
42507
42508
42509
42510
42511
42512
42513
42523
42524
42525
42526
42527
42528
42529
42530
42531
42535
42541
42542
42544
42545
42549
42550
42551
42552
42553
42554
42555
42556
42557
42558
42559
42560
42561
42562
42563
42565
42567
42582
42583
42584
42585
42586
42587
42588
42590
42592
42593
42595
42596
42597
42598
42599
42600
42601
42602
42603
42604
42608
42609
42612
42618
42620
42621
42622
42623
42624
42625
42626
42627
42628
42629
42636
42639
42640
42641
42644
42648
42651
42652
42654
42655
42660
42661
42662
42663
42664
42666
42668
42681
42682
42683
42684
42685
42686
42687
42688
42689
42702
42705
42706
42707
42708
42709
42710
42713
42726
42730
42731
42732
42733
42734
42735
42736
42737
42738
42739
42748
42752
42755
42758
42759
42761
42762
42763
42764
42766
42769
42770
42771
42773
42774
42775
42776
42777
42790
42794
42796
42798
42799
42802
42803
42804
42805
42806
42807
42810
42816
42820
42829
42830
42831
42832
42833
42834
42839
42840
42841
42842
42844
42845
42847
42855
42856
42857
42858
42859
42860
42861
42862
42863
42864
42866
42867
42868
42869
42871
42872
42874
42875
42876
42882
42883
42884
42885
42886
42887
42888
42897
42898
42899
42900
42901
42902
42903
42904
42905
42906
42907
42908
42909
42910
42911
42912
42913
42915
42916
42917
42920
42921
42924
42926
42928
42929
42930
42931
42932
42933
42934
42936
42937
42938
42939
42940
42950
42951
42953
42954
42955
42956
42957
42958
42959
42960
42975
42979
42981
42982
42983
42984
42985
42986
42987
42988
42994
42995
42997
42998
43000
43001
43002
43003
43004
43005
43006
43007
43008
43009
43010
43011
43012
43013
43014
43016
43017
43018
43019
43020
43022
43024
43025
43027
43028
43030
43037
43038
43042
43044
43045
43046
43047
43048
43049
43050
43051
43052
43053
43054
43056
43057
43058
43059
43061
43063
43065
43066
43068
43071
43072
43074
43075
43076
43079
43082
43083
43084
43085
43086
43087
43088
43096
43097
43098
43099
43100
43101
43102
43108
43114
43119
43121
43123
43124
43125
43127
43129
43134
43135
43136
43138
43141
43142
43145
43146
43147
43152
43155
43156
43157
43158
43159
43160
43161
43163
43164
43165
43166
43171
43172
43174
43177
43181
43182
43185
43186
43187
43190
43192
43193
43194
43195
43212
43214
43215
43216
43217
43218
43219
43220
43225
43226
43227
43228
43235
43238
43240
43241
43242
43243
43244
43245
43247
43249
43272
43273
43274
43275
43276
43278
43279
43280
43283
43284
43285
43286
43287
43306
43307
43308
43309
43310
43312
43313
43315
43318
43324
43325
43326
43327
43328
43329
43332
43333
43338
43339
43344
43348
43350
43352
43353
43354
43355
43369
43371
43372
43380
43381
43382
43383
43384
43385
43389
43400
43402
43403
43404
43405
43420
43429
43430
43431
43432
43433
43434
43437
43438
43439
43442
43449
43451
43452
43453
43454
43455
43463
43464
43476
43478
43479
43480
43481
43482
43483
43489
43491
43495
43496
43498
43499
43503
43504
43522
43524
43525
43526
43527
43529
43531
43532
43533
43534
43535
43536
43537
43538
43539
43540
43541
43542
43543
43544
43546
43547
43549
43551
43552
43553
43554
43555
43556
43558
43559
43573
43574
43575
43576
43577
43583
43589
43590
43591
43592
43593
43594
43595
43596
43597
43598
43599
43600
43601
43615
43618
43619
43620
43621
43622
43623
43624
43637
43638
43641
43643
43644
43645
43654
43657
43659
43660
43661
43662
43663
43665
43666
43667
43674
43678
43681
43682
43683
43684
43685
43686
43689
43697
43702
43703
43704
43705
43706
43707
43708
43709
43710
43712
43713
43715
43716
43718
43725
43727
43730
43731
43732
43733
43734
43735
43736
43737
43738
43739
43740
43741
43742
43743
43744
43754
43755
43758
43759
43760
43761
43762
43763
43765
43766
43767
43769
43776
43789
43790
43791
43792
43793
43794
43795
43796
43797
43799
43800
43801
43802
43803
43804
43805
43807
43813
43827
43829
43830
43831
43836
43837
43839
43849
43850
43851
43853
43856
43857
43858
43859
43876
43881
43882
43883
43887
43888
43889
43890
43892
43894
43902
43904
43905
43906
43908
43909
43913
43914
43917
43923
43932
43933
43934
43935
43936
43937
43938
43939
43940
43941
43942
43944
43945
43954
43955
43956
43957
43958
43959
43960
43961
43972
43973
43974
43975
43976
43977
43978
43979
43980
43982
43983
43984
43985
43988
43989
44003
44007
44010
44011
44027
44034
44035
44037
44039
44040
44041
44042
44045
44047
44048
44056
44057
44058
44059
44060
44061
44062
44063
44064
44065
44089
44090
44093
44094
44097
44098
44099
44100
44101
44109
44118
44119
44120
44121
44122
44123
44124
44125
44126
44242
44245
44246
44257
44261
44262
44263
44264
44265
44266
44268
44269
44270
44271
44272
44289
44296
44297
44298
44299
44300
44301
44308
44311
44312
44313
44314
44319
44321
44322
44323
44325
44326
44327
44328
44345
44346
44347
44348
44350
44351
44352
44353
44355
44362
44363
44369
44372
44373
44374
44375
44380
44390
44392
44393
44394
44395
44396
44397
44398
44399
44400
44402
44404
44410
44412
44414
44415
44416
44417
44419
44420
44421
44422
44427
44433
44437
44440
44441
44444
44445
44450
44451
44456
44459
44460
44463
44464
44465
44467
44470
44479
44484
44485
44486
44487
44488
44489
44490
44491
44493
44497
44498
44499
44500
44501
44502
44505
44506
44507
44508
44509
44511
44513
44514
44517
44518
44520
44521
44522
44525
44526
44530
44539
44541
44542
44543
44544
44546
44547
44548
44549
44550
44551
44552
44553
44555
44557
44558
44560
44565
44581
44582
44583
44584
44586
44587
44590
44591
44609
44610
44611
44612
44613
44615
44616
44617
44618
44619
44620
44621
44622
44631
44636
44637
44638
44640
44641
44642
44643
44644
44645
44646
44663
44664
44672
44681
44682
44684
44685
44687
44690
44691
44692
44693
44694
44700
44718
44721
44722
44723
44724
44728
44730
44732
44733
44735
44736
44737
44738
44752
44753
44754
44757
44758
44775
44776
44777
44778
44779
44780
44781
44782
44783
44784
44797
44800
44801
44802
44803
44804
44805
44806
44807
44808
44811
44813
44814
44815
44827
44829
44830
44831
44832
44833
44836
44837
44838
44839
44840
44841
44849
44850
44851
44852
44853
44854
44855
44856
44857
44860
44861
44862
44869
44872
44873
44874
44875
44876
44878
44879
44882
44883
44884
44885
44886
44888
44892
44903
44906
44907
44908
44909
44910
44918
44919
44921
44923
44924
44925
44926
44927
44928
44929
44931
44933
44935
44936
44938
44939
44940
44941
44942
44944
44952
44955
44956
44957
44958
44959
44960
44962
44963
44966
44972
44974
44975
44976
44977
44978
44979
44981
44982
44984
44985
44986
44988
44991
44992
44993
44994
44995
44997
44999
45000
45002
45003
45004
45005
45006
45007
45008
45010
45013
45016
45019
45020
45031
45032
45034
45035
45036
45041
45043
45044
45045
45059
45060
45061
45062
45063
45066
45067
45071
45072
45077
45078
45079
45083
45085
45087
45088
45089
45090
45091
45092
45093
45097
45106
45110
45111
45122
45123
45126
45130
45141
45145
45147
45148
45149
45150
45151
45152
45157
45158
45159
45160
45161
45162
45163
45165
45166
45178
45179
45180
45181
45182
45184
45185
45186
45187
45189
45190
45195
45196
45197
45202
45203
45204
45208
45209
45210
45230
45231
45232
45233
45234
45235
45238
45240
45241
45242
45246
45254
45257
45258
45259
45260
45261
45263
45264
45268
45269
45270
45273
45274
45275
45276
45278
45286
45289
45290
45291
45292
45293
45294
45295
45296
45298
45302
45303
45304
45307
45310
45312
45313
45314
45315
45319
45321
45322
45323
45324
45325
45328
45329
45330
45343
45344
45345
45346
45347
45348
45349
45350
45361
45362
45363
45372
45374
45376
45377
45378
45379
45380
45381
45382
45383
45384
45385
45399
45400
45405
45406
45407
45408
45409
45410
45411
45425
45427
45431
45439
45441
45442
45443
45444
45445
45446
45447
45448
45450
45462
45463
45464
45477
45483
45484
45486
45487
45488
45489
45490
45491
45492
45498
45503
45505
45510
45516
45519
45520
45521
45522
45523
45525
45526
45534
45546
45549
45550
45552
45553
45554
45555
45556
45557
45559
45562
45564
45565
45571
45573
45574
45575
45576
45579
45580
45582
45583
45585
45589
45590
45591
45593
45596
45597
45605
45606
45607
45608
45609
45610
45611
45612
45613
45614
45615
45624
45626
45627
45628
45629
45630
45631
45632
45633
45634
45635
45638
45639
45644
45645
45646
45647
45648
45649
45668
45669
45670
45671
45672
45673
45674
45675
45676
45677
45678
45679
45681
45686
45687
45688
45696
45698
45700
45701
45703
45704
45705
45706
45707
45708
45714
45716
45720
45737
45738
45739
45740
45742
45743
45744
45747
45748
45749
45750
45751
45752
45754
45755
45756
45757
45763
45764
45766
45770
45771
45772
45773
45774
45775
45776
45785
45796
45799
45802
45803
45804
45805
45806
45807
45808
45810
45812
45813
45816
45817
45819
45820
45822
45833
45835
45838
45839
45840
45841
45842
45843
45844
45845
45868
45870
45871
45872
45873
45874
45875
45876
45877
45878
45879
45880
45881
45883
45884
45887
45888
45894
45895
45896
45897
45898
45899
45900
45901
45902
45903
45904
45905
45906
45908
45909
45910
45911
45926
45927
45928
45929
45930
45931
45932
45933
45935
45938
45944
45945
45946
45947
45948
45949
45950
45951
45952
45953
45954
45956
45961
45963
45964
45965
45966
45967
45968
45975
45976
45977
45978
45979
45985
45987
45994
45995
45996
45997
45998
46001
46002
46003
46007
46009
46023
46024
46025
46026
46027
46028
46029
46030
46032
46033
46042
46043
46045
46046
46047
46048
46049
46051
46053
46059
46060
46061
46062
46063
46064
46065
46066
46072
46073
46075
46082
46085
46086
46092
46094
46095
46096
46097
46098
46099
46100
46101
46102
46103
46104
46105
46106
46107
46110
46111
46112
46113
46128
46129
46133
46135
46136
46137
46138
46139
46140
46141
46142
46145
46156
46164
46165
46166
46167
46168
46169
46170
46171
46172
46173
46174
46175
46176
46177
46183
46184
46185
46186
46187
46193
46194
46195
46197
46198
46199
46200
46201
46202
46203
46204
46205
46206
46207
46208
46209
46211
46212
46213
46214
46215
46221
46230
46231
46233
46234
46235
46236
46237
46238
46239
46240
46241
46242
46243
46245
46248
46268
46269
46270
46271
46272
46273
46274
46275
46276
46277
46288
46292
46294
46295
46296
46297
46298
46299
46300
46301
46302
46303
46304
46305
46306
46307
46311
46312
46313
46317
46318
46319
46320
46322
46323
46324
46325
46326
46327
46328
46329
46330
46334
46337
46342
46347
46353
46354
46355
46358
46359
46360
46361
46362
46363
46364
46365
46366
46367
46368
46369
46370
46394
46396
46397
46398
46400
46401
46402
46406
46410
46414
46415
46416
46417
46418
46421
46430
46431
46432
46433
46434
46441
46445
46452
46454
46455
46458
46459
46460
46463
46464
46465
46466
46467
46470
46472
46475
46479
46482
46483
46484
46485
46488
46491
46495
46497
46498
46499
46503
46504
46520
46521
46522
46527
46528
46529
46530
46531
46532
46533
46534
46535
46536
46537
46538
46540
46541
46543
46544
46549
46557
46558
46559
46560
46561
46562
46563
46564
46565
46566
46567
46568
46569
46570
46571
46572
46573
46575
46584
46589
46590
46591
46592
46593
46595
46602
46603
46604
46605
46606
46607
46608
46609
46617
46618
46619
46620
46621
46622
46623
46624
46625
46626
46627
46628
46629
46630
46631
46632
46636
46638
46644
46653
46654
46656
46657
46658
46659
46660
46661
46666
46680
46682
46683
46684
46685
46686
46687
46688
46689
46691
46692
46693
46696
46702
46703
46711
46712
46713
46714
46715
46716
46717
46718
46719
46720
46721
46722
46723
46724
46726
46727
46728
46729
46741
46748
46750
46751
46752
46753
46754
46757
46759
46763
46766
46777
46778
46779
46780
46781
46782
46783
46788
46794
46795
46802
46804
46805
46806
46807
46808
46810
46811
46812
46813
46814
46815
46816
46822
46823
46824
46825
46826
46828
46836
46838
46840
46841
46842
46843
46844
46845
46846
46847
46848
46849
46851
46855
46856
46866
46868
46870
46871
46874
46875
46877
46878
46879
46880
46884
46885
46886
46887
46888
46890
46891
46892
46899
46900
46902
46903
46904
46905
46906
46907
46908
46909
46910
46911
46913
46914
46915
46941
46942
46943
46944
46945
46948
46949
46950
46952
46953
46954
46966
46967
46969
46971
46972
46973
46974
46975
46976
46977
46978
46979
46980
46994
46998
46999
47000
47001
47002
47003
47011
47014
47018
47020
47022
47023
47025
47026
47027
47028
47029
47030
47031
47032
47033
47035
47052
47053
47054
47055
47056
47057
47061
47066
47071
47072
47073
47074
47075
47076
47077
47078
47079
47080
47081
47082
47083
47084
47085
47086
47087
47089
47094
47095
47096
47097
47100
47105
47109
47110
47111
47112
47113
47114
47115
47116
47117
47118
47119
47123
47132
47133
47134
47135
47136
47137
47139
47140
47141
47142
47144
47145
47146
47148
47155
47156
47157
47158
47159
47160
47161
47162
47163
47164
47165
47166
47167
47168
47169
47184
47185
47186
47187
47188
47189
47190
47193
47196
47197
47210
47214
47215
47216
47217
47218
47219
47221
47223
47224
47225
47226
47227
47228
47230
47231
47245
47246
47247
47248
47249
47250
47251
47255
47266
47267
47268
47270
47274
47275
47276
47277
47278
47279
47280
47281
47286
47304
47305
47306
47309
47310
47311
47326
47327
47328
47329
47330
47331
47332
47333
47334
47337
47338
47339
47342
47343
47344
47345
47346
47350
47351
47352
47353
47354
47355
47356
47357
47359
47361
47374
47376
47377
47378
47379
47380
47381
47383
47384
47385
47386
47389
47390
47391
47392
47395
47396
47400
47402
47403
47404
47405
47406
47407
47415
47417
47419
47420
47421
47422
47423
47424
47425
47426
47427
47429
47431
47433
47438
47439
47440
47442
47443
47444
47445
47446
47447
47448
47449
47450
47462
47464
47465
47466
47468
47469
47470
47472
47473
47483
47484
47488
47489
47490
47491
47492
47493
47494
47497
47498
47499
47500
47510
47512
47513
47515
47516
47517
47520
47521
47522
47537
47538
47539
47540
47541
47542
47543
47544
47545
47548
47549
47550
47554
47555
47556
47557
47558
47559
47560
47563
47565
47566
47568
47569
47570
47578
47579
47580
47581
47603
47604
47605
47606
47607
47608
47609
47613
47615
47616
47622
47624
47626
47627
47628
47629
47630
47631
47632
47633
47634
47639
47640
47642
47646
47647
47651
47652
47654
47655
47656
47657
47658
47659
47660
47662
47663
47664
47666
47670
47672
47673
47676
47677
47678
47679
47680
47681
47682
47683
47684
47685
47686
47687
47689
47702
47703
47704
47705
47706
47707
47708
47709
47710
47711
47712
47716
47718
47719
47720
47722
47730
47732
47734
47735
47736
47737
47739
47740
47741
47742
47743
47746
47747
47748
47749
47751
47752
47753
47756
47761
47767
47768
47769
47770
47771
47772
47773
47774
47775
47777
47778
47782
47786
47787
47788
47789
47790
47791
47792
47793
47794
47795
47796
47797
47798
47799
47800
47801
47803
47805
47806
47808
47814
47815
47816
47817
47818
47819
47820
47821
47822
47823
47824
47825
47827
47829
47830
47831
47833
47834
47835
47836
47837
47838
47839
47851
47853
47855
47856
47857
47858
47859
47861
47863
47866
47868
47870
47872
47873
47875
47878
47879
47880
47881
47883
47884
47890
47891
47892
47893
47894
47895
47896
47897
47898
47899
47916
47917
47919
47920
47921
47922
47923
47924
47925
47926
47927
47931
47932
47933
47938
47940
47941
47942
47943
47944
47945
47946
47947
47948
47949
47950
47954
47955
47956
47957
47958
47959
47960
47962
47967
47972
47973
47980
47985
47986
47987
47988
47989
47990
47991
47992
47993
48000
48001
48003
48015
48016
48017
48018
48019
48020
48021
48028
48029
48030
48039
48042
48045
48046
48047
48049
48050
48051
48052
48053
48054
48065
48066
48067
48068
48069
48070
48071
48072
48073
48074
48075
48093
48094
48095
48096
48097
48098
48099
48100
48101
48103
48104
48105
48106
48107
48108
48118
48119
48120
48121
48122
48123
48124
48127
48128
48129
48132
48145
48146
48147
48148
48149
48150
48151
48153
48155
48163
48167
48170
48172
48173
48174
48175
48177
48181
48190
48192
48193
48194
48195
48196
48197
48198
48199
48200
48201
48202
48203
48205
48212
48215
48217
48218
48219
48220
48221
48222
48223
48224
48225
48226
48227
48228
48246
48248
48249
48250
48251
48253
48258
48268
48274
48275
48276
48277
48278
48279
48280
48281
48301
48302
48303
48304
48305
48306
48320
48321
48322
48333
48334
48335
48337
48339
48340
48341
48342
48344
48349
48352
48353
48357
48358
48359
48365
48366
48367
48368
48369
48370
48371
48372
48373
48375
48376
48378
48379
48381
48383
48384
48385
48390
48391
48394
48395
48397
48400
48405
48406
48407
48408
48409
48410
48411
48425
48428
48431
48432
48433
48434
48435
48436
48437
48438
48442
48446
48452
48454
48460
48461
48462
48463
48464
48465
48468
48469
48470
48472
48476
48477
48478
48491
48492
48496
48497
48498
48499
48500
48501
48503
48504
48506
48507
48514
48519
48520
48521
48523
48524
48533
48534
48535
48536
48537
48545
48547
48548
48550
48553
48554
48555
48556
48558
48559
48569
48571
48572
48573
48574
48575
48576
48577
48578
48579
48580
48581
48582
48583
48584
48585
48586
48587
48588
48589
48592
48607
48608
48609
48610
48611
48613
48614
48615
48616
48617
48618
48628
48632
48635
48636
48637
48638
48639
48640
48641
48642
48643
48644
48645
48647
48648
48651
48652
48654
48655
48658
48659
48662
48663
48666
48668
48669
48670
48679
48680
48681
48698
48702
48703
48717
48718
48719
48720
48722
48723
48725
48726
48727
48728
48731
48732
48733
48734
48735
48743
48750
48752
48753
48754
48755
48756
48757
48758
48759
48760
48761
48771
48772
48779
48780
48781
48782
48783
48785
48786
48787
48791
48795
48796
48808
48811
48812
48813
48814
48815
48816
48817
48818
48819
48821
48822
48823
48824
48825
48829
48832
48834
48835
48836
48843
48844
48845
48846
48847
48854
48859
48860
48861
48862
48863
48864
48865
48866
48867
48868
48869
48870
48871
48873
48874
48875
48876
48877
48878
48879
48880
48890
48891
48892
48893
48895
48897
48898
48899
48905
48924
48925
48926
48927
48928
48929
48930
48931
48932
48933
48934
48935
48936
48937
48938
48939
48940
48941
48949
48954
48955
48956
48958
48959
48960
48961
48962
48963
48964
48965
48977
48989
48990
48991
48992
48993
49008
49010
49011
49012
49013
49015
49016
49017
49018
49019
49020
49021
49022
49023
49027
49029
49030
49037
49045
49046
49047
49048
49049
49051
49052
49055
49056
49057
49058
49059
49079
49081
49084
49085
49086
49087
49090
49091
49093
49095
49104
49106
49107
49108
49109
49111
49115
49116
49117
49118
49131
49134
49135
49136
49137
49139
49141
49143
49144
49145
49146
49147
49149
49158
49160
49163
49164
49165
49166
49168
49169
49170
49171
49172
49176
49177
49178
49179
49180
49181
49182
49183
49184
49185
49186
49190
49191
49192
49202
49203
49204
49205
49206
49207
49208
49209
49210
49211
49212
49213
49215
49216
49218
49219
49221
49231
49233
49235
49236
49237
49238
49239
49240
49241
49242
49243
49244
49245
49248
49250
49257
49263
49264
49265
49266
49267
49268
49269
49270
49271
49272
49273
49274
49275
49284
49287
49289
49293
49294
49295
49301
49302
49306
49307
49308
49309
49310
49311
49312
49313
49316
49317
49327
49328
49329
49330
49331
49332
49333
49334
49335
49336
49337
49338
49356
49358
49359
49363
49366
49367
49368
49369
49370
49371
49372
49382
49384
49385
49386
49389
49390
49391
49392
49393
49394
49395
49396
49397
49398
49400
49403
49404
49407
49408
49424
49425
49426
49427
49428
49429
49439
49440
49446
49450
49451
49454
49455
49456
49463
49464
49478
49479
49480
49481
49482
49483
49484
49485
49486
49487
49490
49491
49492
49493
49501
49504
49505
49506
49507
49509
49510
49512
49513
49515
49523
49527
49529
49530
49531
49532
49533
49534
49535
49541
49542
49547
49550
49551
49560
49562
49563
49564
49565
49567
49568
49569
49570
49571
49572
49573
49591
49592
49594
49595
49596
49597
49598
49600
49602
49609
49612
49614
49615
49616
49617
49618
49619
49620
49621
49623
49628
49629
49630
49631
49632
49633
49636
49637
49638
49645
49647
49648
49649
49653
49654
49655
49658
49659
49660
49661
49662
49663
49664
49665
49667
49668
49671
49673
49684
49686
49688
49689
49690
49692
49693
49694
49695
49697
49698
49701
49702
49703
49704
49705
49707
49709
49711
49713
49714
49716
49717
49718
49719
49720
49721
49726
49729
49731
49737
49738
49739
49740
49752
49753
49758
49759
49760
49761
49762
49765
49766
49785
49786
49787
49788
49789
49790
49791
49792
49795
49802
49806
49807
49810
49813
49814
49815
49816
49817
49819
49820
49823
49824
49825
49828
49829
49830
49831
49832
49833
49834
49835
49838
49850
49857
49859
49862
49863
49865
49877
49883
49884
49885
49886
49887
49888
49891
49892
49893
49895
49897
49901
49902
49903
49904
49905
49906
49907
49908
49909
49910
49913
49914
49918
49919
49922
49929
49933
49935
49936
49937
49938
49939
49940
49941
49944
49946
49947
49948
49950
49961
49962
49963
49964
49965
49966
49967
49968
49970
49971
49972
49976
49977
49978
49991
49992
49993
49994
49996
49997
49998
50001
50002
50003
50004
50005
50006
50007
50009
50012
50018
50020
50021
50022
50023
50025
50026
50027
50028
50030
50038
50039
50041
50042
50043
50045
50046
50047
50048
50049
50050
50051
50053
50064
50068
50069
50071
50073
50074
50075
50076
50080
50081
50082
50084
50086
50093
50094
50095
50097
50099
50100
50101
50102
50108
50109
50110
50111
50112
50113
50114
50116
50117
50118
50119
50120
50121
50122
50125
50126
50127
50128
50129
50130
50131
50133
50134
50135
50136
50140
50150
50151
50152
50153
50154
50155
50156
50172
50174
50175
50176
50177
50178
50179
50180
50181
50182
50183
50184
50185
50186
50189
50190
50191
50193
50194
50195
50196
50197
50198
50199
50205
50207
50209
50210
50211
50212
50213
50214
50215
50216
50217
50218
50219
50220
50221
50222
50223
50224
50225
50226
50227
50228
50229
50230
50231
50232
50233
50234
50235
50236
50237
50238
50239
50240
50242
50252
50253
50254
50255
50256
50257
50258
50259
50260
50275
50277
50278
50279
50280
50281
50283
50284
50285
50288
50289
50291
50292
50293
50294
50297
50301
50302
50307
50308
50311
50312
50313
50314
50315
50316
50317
50318
50325
50327
50328
50329
50330
50331
50332
50333
50334
50347
50348
50351
50352
50353
50354
50355
50357
50358
50369
50378
50379
50380
50381
50382
50383
50385
50386
50387
50406
50408
50409
50410
50411
50413
50414
50415
50416
50417
50419
50427
50442
50443
50444
50445
50446
50447
50448
50450
50452
50454
50455
50456
50457
50458
50459
50460
50461
50469
50471
50472
50473
50474
50475
50476
50477
50492
50493
50494
50495
50496
50497
50498
50501
50503
50510
50511
50512
50513
50514
50515
50516
50517
50518
50519
50520
50523
50530
50532
50537
50541
50547
50548
50550
50562
50565
50567
50568
50569
50570
50571
50572
50573
50574
50577
50578
50579
50580
50581
50582
50583
50584
50585
50587
50588
50589
50591
50592
50596
50597
50598
50599
50600
50601
50605
50613
50624
50625
50627
50628
50629
50630
50633
50634
50635
50636
50637
50638
50639
50643
50644
50646
50647
50648
50649
50650
50651
50652
50653
50654
50655
50656
50657
50659
50660
50668
50670
50674
50676
50677
50681
50682
50685
50687
50699
50702
50706
50707
50708
50709
50710
50711
50713
50715
50716
50718
50719
50720
50722
50723
50724
50725
50726
50727
50732
50741
50742
50743
50744
50745
50757
50758
50759
50761
50791
50792
50796
50802
50803
50804
50805
50808
50809
50811
50813
50815
50819
50820
50825
50830
50831
50832
50833
50834
50835
50836
50837
50838
50840
50841
50860
50861
50862
50863
50864
50865
50866
50867
50868
50869
50872
50873
50874
50876
50877
50878
50883
50884
50887
50888
50889
50890
50891
50892
50905
50907
50913
50917
50919
50920
50921
50922
50923
50957
50958
50959
50960
50961
50962
50977
50979
50980
50981
50982
50983
50984
50985
50986
50999
51000
51001
51008
51016
51018
51020
51021
51022
51023
51024
51025
51026
51027
51028
51029
51030
51031
51032
51041
51042
51043
51044
51045
51046
51047
51048
51049
51050
51051
51052
51053
51057
51059
51061
51062
51063
51064
51065
51073
51074
51075
51076
51077
51078
51079
51081
51082
51083
51084
51085
51105
51106
51108
51109
51110
51111
51112
51113
51114
51115
51130
51131
51134
51136
51137
51138
51139
51140
51141
51142
51144
51159
51160
51161
51162
51163
51164
51166
51169
51170
51171
51172
51173
51177
51178
51181
51182
51183
51184
51185
51186
51188
51190
51191
51192
51194
51195
51196
51197
51198
51206
51207
51208
51209
51210
51211
51212
51213
51229
51230
51233
51234
51235
51236
51237
51238
51239
51240
51241
51244
51245
51247
51248
51249
51252
51254
51255
51256
51257
51258
51259
51260
51261
51262
51263
51277
51287
51288
51289
51290
51291
51294
51296
51300
51301
51310
51313
51314
51316
51317
51318
51319
51320
51321
51323
51324
51326
51327
51328
51329
51332
51334
51335
51336
51340
51350
51351
51354
51355
51357
51358
51359
51360
51361
51362
51363
51364
51373
51376
51378
51379
51380
51381
51382
51383
51384
51385
51386
51388
51389
51390
51392
51393
51405
51408
51409
51410
51411
51415
51421
51422
51424
51425
51426
51427
51428
51429
51432
51434
51435
51436
51437
51439
51440
51445
51446
51447
51448
51449
51450
51451
51456
51457
51458
51464
51465
51466
51469
51472
51473
51474
51476
51477
51478
51480
51481
51482
51483
51488
51497
51499
51501
51503
51505
51506
51507
51518
51519
51520
51521
51522
51523
51524
51525
51526
51527
51528
51529
51530
51534
51535
51536
51537
51543
51547
51549
51550
51551
51552
51553
51554
51555
51556
51557
51559
51580
51581
51582
51584
51585
51586
51587
51605
51606
51607
51609
51610
51616
51619
51620
51621
51622
51624
51625
51627
51628
51631
51632
51645
51649
51656
51657
51659
51661
51662
51663
51664
51665
51666
51667
51670
51671
51672
51680
51681
51682
51683
51684
51685
51687
51689
51690
51691
51693
51694
51695
51696
51698
51700
51701
51702
51707
51708
51715
51717
51719
51720
51721
51722
51723
51724
51725
51726
51728
51742
51748
51749
51751
51752
51753
51756
51757
51759
51760
51762
51764
51765
51773
51777
51779
51780
51781
51782
51783
51784
51785
51787
51788
51789
51790
51791
51793
51794
51795
51798
51800
51807
51811
51812
51813
51814
51817
51824
51828
51832
51834
51835
51836
51837
51838
51839
51840
51841
51863
51864
51865
51866
51867
51868
51869
51880
51886
51889
51891
51892
51893
51894
51895
51896
51897
51898
51900
51901
51902
51905
51906
51907
51908
51910
51911
51915
51916
51920
51938
51939
51940
51941
51942
51943
51944
51948
51949
51957
51958
51972
51973
51974
51976
51977
51978
51990
51992
51993
51994
51995
51996
51997
51998
51999
52000
52001
52002
52003
52004
52021
52022
52026
52027
52028
52029
52030
52032
52035
52036
52037
52045
52046
52047
52048
52049
52051
52052
52053
52054
52058
52060
52062
52063
52065
52066
52068
52069
52071
52075
52079
52080
52081
52082
52083
52084
52091
52103
52104
52105
52106
52107
52108
52109
52110
52111
52112
52117
52118
52119
52120
52126
52129
52130
52131
52132
52133
52134
52135
52136
52137
52138
52139
52140
52141
52152
52163
52164
52165
52166
52167
52168
52169
52170
52171
52175
52182
52183
52185
52187
52188
52189
52190
52191
52192
52193
52194
52220
52221
52222
52223
52224
52225
52226
52228
52229
52230
52231
52232
52233
52247
52248
52249
52250
52252
52253
52258
52274
52275
52277
52278
52279
52280
52281
52282
52291
52293
52294
52295
52296
52297
52298
52299
52301
52302
52306
52307
52314
52315
52317
52320
52321
52322
52323
52324
52325
52326
52327
52329
52332
52333
52334
52335
52336
52343
52349
52350
52351
52352
52353
52354
52355
52356
52357
52358
52359
52360
52361
52362
52363
52364
52365
52366
52367
52368
52369
52370
52372
52373
52374
52375
52376
52378
52380
52384
52386
52388
52389
52391
52392
52393
52394
52395
52396
52397
52398
52400
52401
52403
52406
52407
52408
52410
52411
52434
52435
52436
52438
52439
52440
52442
52445
52447
52448
52449
52451
52456
52457
52458
52460
52462
52463
52464
52465
52466
52468
52469
52470
52471
52472
52473
52476
52477
52478
52479
52480
52481
52482
52483
52486
52487
52488
52489
52490
52491
52492
52493
52509
52510
52511
52512
52513
52514
52516
52517
52518
52520
52526
52529
52536
52540
52541
52542
52543
52544
52546
52547
52551
52552
52553
52557
52558
52561
52562
52563
52566
52567
52568
52569
52573
52574
52576
52577
52585
52591
52592
52593
52594
52595
52596
52597
52598
52599
52600
52601
52602
52603
52604
52607
52608
52609
52610
52611
52612
52613
52614
52615
52623
52624
52625
52626
52627
52628
52637
52641
52644
52646
52648
52649
52650
52651
52652
52661
52665
52667
52668
52669
52670
52671
52672
52673
52674
52675
52676
52679
52690
52692
52695
52696
52697
52698
52699
52700
52701
52702
52703
52705
52706
52717
52719
52720
52721
52722
52723
52724
52725
52726
52727
52729
52730
52731
52732
52734
52738
52740
52743
52746
52747
52748
52750
52753
52754
52755
52756
52757
52758
52759
52760
52774
52775
52776
52777
52778
52779
52780
52781
52784
52785
52786
52787
52794
52795
52796
52797
52798
52799
52806
52807
52808
52809
52811
52813
52814
52815
52816
52817
52818
52820
52821
52822
52823
52833
52836
52837
52838
52839
52840
52841
52842
52843
52845
52847
52849
52856
52857
52865
52866
52867
52868
52869
52870
52871
52872
52886
52887
52888
52890
52891
52893
52894
52895
52896
52897
52901
52905
52907
52908
52910
52912
52913
52914
52915
52917
52918
52919
52920
52921
52922
52923
52926
52928
52929
52930
52931
52932
52933
52934
52935
52936
52940
52941
52942
52943
52944
52946
52952
52953
52954
52955
52957
52959
52960
52962
52963
52965
52967
52969
52971
52984
52989
52990
52991
52992
52993
52994
52995
52996
53012
53014
53015
53016
53017
53018
53019
53020
53022
53040
53041
53043
53044
53045
53047
53048
53049
53060
53071
53074
53075
53076
53077
53078
53079
53080
53081
53082
53085
53089
53090
53092
53093
53094
53095
53100
53105
53106
53107
53108
53109
53110
53111
53113
53114
53115
53123
53132
53133
53134
53135
53136
53137
53138
53139
53140
53141
53142
53145
53147
53149
53157
53159
53160
53161
53162
53163
53164
53165
53166
53167
53168
53169
53170
53183
53185
53188
53189
53191
53193
53194
53196
53197
53198
53199
53200
53201
53203
53205
53210
53217
53219
53220
53221
53222
53223
53224
53225
53226
53227
53228
53229
53230
53231
53232
53233
53234
53251
53252
53253
53254
53255
53256
53257
53259
53260
53269
53272
53273
53274
53276
53277
53279
53280
53281
53282
53283
53284
53285
53286
53287
53304
53314
53315
53316
53317
53318
53319
53322
53323
53324
53325
53326
53327
53340
53341
53343
53344
53345
53346
53347
53348
53349
53350
53351
53352
53353
53354
53364
53365
53366
53368
53369
53370
53371
53372
53375
53376
53377
53378
53379
53380
53381
53384
53386
53387
53388
53403
53404
53405
53406
53409
53410
53411
53412
53413
53414
53415
53417
53420
53421
53422
53423
53424
53425
53426
53430
53433
53434
53437
53439
53440
53442
53444
53445
53446
53447
53448
53449
53451
53452
53453
53454
53469
53472
53474
53475
53476
53477
53478
53479
53480
53481
53482
53483
53484
53491
53492
53493
53496
53510
53511
53517
53518
53519
53520
53533
53539
53544
53545
53546
53547
53548
53549
53550
53551
53552
53553
53554
53555
53556
53557
53558
53559
53560
53561
53562
53563
53564
53567
53568
53571
53574
53575
53577
53578
53579
53580
53582
53583
53584
53585
53586
53588
53591
53592
53593
53594
53595
53596
53597
53598
53599
53600
53608
53611
53614
53615
53616
53617
53618
53619
53620
53621
53622
53623
53624
53628
53629
53630
53631
53632
53633
53634
53635
53638
53639
53646
53647
53648
53649
53650
53651
53656
53657
53659
53662
53663
53665
53672
53676
53678
53681
53682
53683
53684
53685
53686
53697
53706
53710
53713
53716
53718
53719
53732
53736
53738
53739
53740
53741
53742
53744
53745
53747
53748
53749
53750
53751
53758
53760
53761
53763
53764
53767
53773
53778
53779
53780
53781
53783
53785
53786
53787
53788
53789
53792
53793
53794
53795
53796
53805
53806
53810
53811
53812
53813
53814
53816
53823
53824
53827
53831
53832
53833
53834
53835
53836
53837
53838
53839
53840
53841
53842
53843
53844
53845
53846
53848
53849
53850
53854
53855
53856
53857
53858
53859
53860
53861
53862
53863
53864
53865
53866
53869
53873
53874
53875
53876
53877
53900
53901
53902
53904
53905
53906
53907
53908
53910
53911
53912
53913
53914
53915
53916
53917
53918
53919
53921
53939
53942
53943
53944
53945
53946
53950
53952
53954
53955
53957
53958
53959
53960
53961
53962
53969
53970
53972
53973
53974
53975
53976
53977
53978
53979
53995
53999
54002
54003
54004
54005
54006
54007
54008
54009
54010
54011
54012
54016
54017
54018
54019
54023
54024
54034
54035
54036
54037
54038
54039
54040
54041
54042
54043
54044
54045
54046
54047
54048
54049
54061
54062
54063
54064
54065
54066
54067
54068
54069
54079
54080
54089
54090
54092
54093
54094
54095
54096
54097
54098
54101
54103
54122
54123
54124
54125
54126
54127
54128
54129
54130
54132
54149
54152
54153
54154
54155
54157
54163
54170
54171
54174
54175
54177
54178
54179
54180
54181
54182
54183
54187
54188
54197
54200
54201
54203
54204
54205
54206
54207
54208
54209
54216
54217
54226
54227
54228
54229
54230
54231
54232
54233
54235
54236
54243
54244
54249
54250
54251
54252
54253
54254
54255
54256
54262
54263
54264
54265
54266
54268
54269
54270
54271
54272
54273
54279
54280
54281
54306
54307
54309
54312
54313
54315
54316
54317
54329
54330
54331
54332
54336
54338
54342
54346
54347
54351
54352
54353
54354
54355
54356
54357
54358
54359
54360
54362
54363
54365
54379
54380
54381
54382
54383
54384
54385
54390
54398
54399
54400
54401
54403
54404
54405
54406
54408
54409
54410
54428
54429
54430
54431
54432
54451
54453
54454
54456
54457
54458
54459
54460
54461
54463
54466
54467
54468
54469
54470
54471
54472
54474
54475
54476
54477
54479
54506
54508
54509
54510
54517
54521
54524
54525
54526
54527
54528
54530
54531
54532
54534
54535
54537
54538
54539
54540
54547
54548
54549
54550
54551
54552
54553
54554
54555
54556
54558
54560
54561
54563
54564
54565
54566
54567
54568
54569
54570
54584
54585
54586
54587
54588
54589
54590
54592
54593
54595
54596
54598
54599
54600
54611
54612
54613
54614
54615
54627
54628
54630
54631
54632
54633
54634
54635
54636
54637
54638
54645
54659
54660
54661
54662
54663
54664
54665
54666
54667
54668
54669
54670
54671
54672
54674
54677
54679
54681
54683
54684
54685
54699
54703
54704
54705
54707
54708
54721
54722
54724
54725
54727
54728
54729
54740
54741
54742
54743
54744
54745
54746
54747
54748
54749
54750
54751
54754
54755
54756
54758
54767
54769
54770
54771
54772
54773
54774
54775
54776
54778
54788
54789
54790
54791
54792
54793
54794
54795
54796
54798
54799
54801
54802
54803
54804
54805
54806
54808
54810
54811
54812
54813
54814
54819
54820
54821
54822
54823
54824
54825
54826
54827
54828
54829
54831
54832
54833
54834
54840
54844
54845
54846
54858
54859
54860
54861
54862
54863
54864
54865
54868
54869
54872
54874
54875
54876
54877
54884
54885
54886
54887
54888
54889
54891
54893
54896
54899
54905
54906
54907
54908
54910
54911
54918
54919
54921
54922
54923
54925
54947
54948
54951
54952
54960
54970
54987
54994
54995
54996
54997
55002
55003
55004
55017
55018
55019
55020
55022
55023
55024
55025
55026
55027
55028
55036
55037
55038
55039
55040
55041
55042
55043
55044
55045
55046
55047
55056
55060
55061
55062
55064
55065
55067
55068
55070
55072
55073
55074
55075
55076
55078
55085
55086
55087
55088
55089
55090
55091
55092
55093
55095
55096
55105
55106
55108
55109
55110
55111
55112
55113
55114
55118
55125
55126
55128
55129
55130
55131
55132
55133
55134
55136
55137
55138
55140
55141
55160
55161
55162
55163
55164
55165
55166
55168
55169
55171
55180
55181
55182
55183
55184
55185
55186
55187
55188
55189
55206
55207
55208
55209
55210
55221
55226
55227
55228
55229
55230
55231
55232
55233
55234
55236
55238
55245
55246
55247
55248
55249
55250
55251
55252
55253
55254
55255
55256
55257
55258
55259
55260
55263
55264
55266
55267
55268
55275
55279
55283
55284
55285
55286
55287
55288
55289
55290
55292
55293
55297
55306
55307
55308
55309
55310
55311
55312
55313
55314
55315
55316
55319
55321
55322
55323
55324
55326
55328
55329
55336
55337
55338
55339
55355
55356
55357
55358
55359
55361
55381
55382
55383
55384
55385
55386
55387
55388
55389
55391
55396
55398
55399
55404
55405
55407
55408
55410
55413
55418
55419
55420
55421
55422
55423
55424
55425
55426
55434
55435
55436
55437
55438
55442
55443
55444
55445
55454
55456
55458
55459
55460
55461
55462
55464
55466
55467
55469
55473
55474
55475
55476
55477
55478
55479
55483
55484
55485
55487
55488
55489
55494
55495
55496
55497
55498
55499
55500
55501
55502
55503
55504
55505
55506
55507
55524
55525
55526
55527
55528
55529
55530
55531
55532
55535
55536
55537
55538
55540
55542
55544
55545
55546
55547
55549
55550
55551
55552
55553
55554
55555
55557
55558
55569
55570
55571
55572
55573
55574
55575
55576
55577
55578
55579
55580
55581
55597
55598
55599
55600
55601
55602
55606
55607
55608
55618
55624
55625
55626
55627
55628
55629
55630
55631
55632
55633
55653
55654
55655
55656
55657
55658
55659
55660
55661
55662
55663
55664
55665
55666
55667
55670
55673
55674
55675
55676
55677
55679
55680
55688
55689
55690
55691
55692
55693
55697
55698
55699
55700
55701
55702
55714
55715
55716
55717
55718
55720
55721
55726
55727
55728
55729
55731
55732
55734
55735
55736
55737
55738
55749
55750
55751
55752
55753
55754
55755
55756
55757
55766
55771
55772
55773
55774
55775
55776
55777
55779
55780
55781
55782
55783
55784
55785
55786
55789
55796
55802
55803
55804
55805
55806
55807
55808
55809
55810
55811
55812
55822
55823
55828
55831
55832
55833
55834
55835
55836
55837
55838
55839
55840
55841
55842
55843
55844
55845
55847
55848
55849
55850
55851
55856
55857
55858
55860
55861
55863
55864
55865
55866
55868
55887
55888
55889
55890
55891
55892
55893
55894
55896
55897
55909
55910
55911
55912
55913
55914
55915
55916
55917
55918
55919
55920
55921
55922
55923
55925
55926
55927
55928
55936
55937
55939
55940
55941
55942
55943
55944
55945
55946
55947
55948
55949
55950
55952
55974
55978
55979
55980
55981
55982
55983
55991
55995
55996
55998
55999
56000
56002
56003
56005
56006
56007
56008
56009
56019
56025
56027
56028
56029
56030
56031
56032
56033
56034
56035
56036
56037
56041
56042
56044
56051
56052
56053
56054
56055
56056
56057
56058
56059
56087
56088
56089
56090
56091
56092
56112
56113
56114
56115
56117
56119
56120
56121
56122
56140
56141
56142
56143
56144
56145
56146
56147
56148
56149
56150
56151
56152
56154
56155
56156
56157
56158
56159
56168
56170
56174
56175
56177
56180
56181
56182
56183
56184
56185
56186
56187
56188
56191
56193
56194
56195
56208
56211
56212
56213
56214
56215
56216
56217
56218
56219
56221
56224
56225
56226
56228
56229
56230
56234
56235
56237
56238
56239
56240
56243
56244
56245
56246
56247
56248
56249
56250
56256
56257
56258
56260
56261
56262
56263
56264
56265
56266
56267
56269
56270
56271
56272
56273
56279
56286
56287
56288
56289
56291
56292
56293
56294
56295
56299
56300
56302
56303
56304
56305
56307
56317
56318
56319
56320
56321
56322
56341
56343
56348
56349
56350
56352
56353
56354
56357
56358
56359
56360
56361
56375
56376
56377
56378
56381
56382
56383
56384
56385
56386
56389
56390
56391
56392
56394
56398
56401
56402
56403
56404
56406
56407
56408
56410
56412
56428
56429
56432
56433
56434
56435
56436
56437
56438
56448
56450
56454
56455
56456
56457
56458
56459
56460
56475
56477
56478
56479
56480
56481
56482
56483
56484
56485
56501
56503
56505
56507
56509
56510
56513
56515
56516
56517
56519
56523
56524
56527
56528
56529
56530
56531
56536
56541
56542
56543
56545
56546
56547
56548
56549
56550
56551
56553
56554
56556
56558
56565
56566
56567
56568
56569
56570
56572
56573
56576
56577
56578
56590
56591
56592
56593
56594
56595
56596
56597
56598
56600
56611
56612
56613
56614
56615
56616
56617
56622
56623
56624
56627
56638
56639
56640
56641
56642
56645
56646
56648
56661
56662
56663
56664
56665
56666
56668
56669
56671
56672
56673
56674
56680
56681
56682
56683
56684
56685
56686
56687
56688
56689
56690
56699
56702
56703
56707
56708
56709
56710
56711
56712
56713
56714
56715
56733
56734
56735
56736
56737
56738
56739
56744
56749
56755
56761
56763
56764
56765
56766
56767
56768
56769
56770
56772
56773
56776
56777
56778
56786
56789
56790
56792
56793
56794
56795
56796
56797
56798
56799
56800
56813
56814
56815
56816
56817
56818
56819
56820
56821
56822
56845
56846
56847
56848
56849
56850
56851
56852
56853
56854
56855
56856
56857
56858
56859
56860
56863
56864
56865
56866
56867
56868
56869
56870
56871
56887
56888
56889
56890
56891
56892
56893
56894
56895
56896
56897
56899
56901
56902
56904
56905
56916
56917
56920
56921
56923
56924
56928
56930
56931
56932
56933
56934
56943
56946
56947
56948
56949
56950
56952
56954
56956
56958
56975
56976
56977
56978
56979
56980
56982
56998
56999
57000
57001
57002
57003
57004
57005
57006
57007
57008
57009
57010
57011
57029
57031
57032
57033
57034
57035
57036
57037
57038
57041
57043
57045
57049
57051
57053
57054
57056
57058
57060
57061
57063
57064
57073
57077
57078
57080
57081
57082
57083
57084
57085
57086
57087
57090
57091
57092
57099
57102
57104
57105
57107
57108
57109
57111
57113
57114
57115
57116
57117
57118
57135
57136
57137
57138
57139
57140
57142
57143
57145
57148
57149
57150
57151
57152
57153
57154
57155
57156
57157
57161
57164
57166
57167
57168
57169
57170
57171
57172
57173
57174
57176
57177
57179
57184
57185
57186
57197
57198
57199
57200
57206
57207
57209
57213
57216
57217
57218
57219
57220
57221
57222
57229
57230
57231
57232
57233
57236
57237
57239
57240
57241
57245
57246
57247
57248
57249
57253
57258
57259
57263
57264
57265
57267
57268
57270
57272
57275
57277
57282
57283
57285
57286
57287
57288
57289
57290
57291
57292
57293
57294
57296
57297
57298
57299
57301
57304
57307
57326
57327
57328
57330
57331
57332
57333
57334
57335
57336
57337
57338
57341
57342
57343
57354
57355
57356
57357
57358
57361
57362
57363
57364
57367
57370
57371
57372
57373
57374
57375
57376
57377
57378
57385
57386
57387
57388
57389
57391
57393
57403
57404
57405
57406
57407
57408
57409
57410
57411
57412
57415
57416
57418
57419
57422
57427
57435
57436
57437
57438
57439
57440
57443
57446
57447
57448
57449
57450
57451
57464
57465
57466
57467
57468
57469
57471
57473
57474
57483
57484
57485
57486
57487
57488
57489
57490
57492
57494
57495
57496
57509
57510
57511
57512
57516
57519
57520
57522
57527
57528
57529
57530
57531
57532
57533
57539
57541
57542
57543
57545
57546
57547
57548
57549
57558
57559
57560
57561
57563
57564
57565
57566
57568
57571
57572
57579
57580
57581
57582
57583
57584
57585
57587
57588
57589
57590
57591
57593
57596
57597
57598
57599
57600
57601
57602
57603
57607
57608
57609
57616
57620
57621
57623
57636
57637
57638
57639
57648
57649
57650
57651
57655
57656
57657
57658
57659
57661
57667
57668
57669
57670
57671
57672
57673
57674
57689
57691
57692
57693
57694
57695
57696
57699
57708
57711
57712
57714
57715
57716
57719
57720
57721
57722
57723
57724
57725
57726
57727
57728
57729
57730
57731
57732
57733
57734
57735
57736
57749
57753
57755
57756
57758
57760
57761
57766
57767
57770
57777
57778
57781
57782
57783
57784
57785
57786
57787
57788
57795
57796
57797
57798
57799
57800
57801
57806
57807
57808
57810
57811
57812
57822
57823
57824
57826
57827
57828
57829
57831
57832
57838
57839
57840
57841
57842
57843
57844
57847
57848
57851
57852
57853
57854
57858
57859
57862
57863
57879
57882
57883
57884
57885
57886
57890
57891
57892
57894
57896
57897
57898
57899
57900
57901
57902
57903
57904
57907
57908
57909
57911
57914
57917
57918
57919
57920
57922
57927
57929
57930
57931
57932
57946
57970
57971
57972
57973
57974
57976
57981
57982
57996
57999
58000
58004
58005
58006
58013
58014
58015
58016
58017
58018
58019
58020
58021
58023
58024
58026
58040
58042
58043
58045
58046
58047
58049
58052
58054
58055
58067
58068
58069
58072
58074
58075
58076
58077
58094
58097
58098
58099
58107
58109
58112
58113
58114
58115
58116
58117
58118
58120
58122
58123
58126
58127
58128
58129
58132
58133
58134
58136
58138
58139
58140
58141
58142
58143
58144
58145
58147
58148
58149
58150
58151
58152
58158
58160
58161
58162
58163
58164
58165
58166
58167
58168
58169
58175
58187
58189
58190
58191
58192
58193
58194
58195
58196
58211
58213
58214
58215
58216
58217
58218
58219
58220
58224
58225
58226
58227
58237
58238
58239
58240
58241
58242
58243
58244
58245
58246
58247
58248
58249
58251
58252
58253
58257
58259
58260
58261
58267
58269
58271
58272
58273
58274
58275
58276
58277
58278
58279
58288
58297
58298
58299
58300
58301
58302
58303
58304
58305
58306
58307
58308
58309
58310
58311
58334
58337
58338
58339
58340
58341
58343
58364
58365
58366
58368
58369
58370
58371
58372
58373
58390
58391
58392
58393
58394
58395
58396
58416
58417
58418
58419
58427
58429
58430
58431
58432
58433
58434
58435
58436
58437
58441
58442
58443
58444
58445
58447
58451
58455
58458
58459
58460
58461
58462
58463
58464
58465
58466
58467
58468
58469
58472
58473
58474
58476
58486
58492
58494
58495
58496
58497
58499
58500
58516
58517
58518
58519
58520
58521
58522
58523
58525
58526
58527
58528
58529
58533
58536
58537
58538
58539
58541
58543
58544
58545
58546
58555
58557
58559
58560
58561
58562
58563
58565
58566
58567
58571
58572
58576
58577
58578
58579
58582
58583
58584
58588
58590
58591
58606
58607
58608
58609
58610
58611
58615
58627
58628
58629
58630
58631
58633
58634
58636
58640
58642
58657
58658
58659
58660
58661
58662
58663
58665
58667
58686
58687
58689
58690
58691
58692
58694
58696
58698
58699
58701
58712
58713
58715
58716
58717
58719
58720
58721
58733
58734
58735
58736
58737
58738
58739
58740
58755
58757
58758
58759
58760
58761
58762
58763
58764
58765
58766
58768
58769
58790
58791
58793
58794
58795
58796
58797
58798
58799
58800
58801
58815
58816
58817
58819
58822
58823
58826
58827
58831
58832
58833
58834
58835
58846
58848
58849
58850
58855
58859
58872
58873
58874
58875
58876
58877
58878
58879
58881
58882
58883
58893
58894
58896
58898
58899
58900
58901
58902
58903
58904
58905
58907
58908
58909
58910
58922
58923
58925
58926
58927
58929
58930
58931
58932
58933
58934
58935
58938
58939
58940
58947
58948
58949
58950
58951
58952
58953
58955
58956
58958
58959
58960
58962
58963
58964
58965
58966
58967
58974
58975
58988
58989
58990
58991
58993
58994
58995
58996
58997
58998
58999
59000
59015
59017
59018
59019
59020
59021
59022
59023
59024
59039
59040
59041
59042
59043
59044
59045
59046
59047
59048
59057
59073
59077
59078
59079
59080
59081
59082
59083
59084
59086
59104
59105
59106
59107
59108
59109
59110
59111
59112
59113
59114
59115
59116
59117
59118
59119
59121
59128
59130
59141
59144
59145
59146
59147
59148
59149
59150
59151
59152
59153
59155
59164
59165
59166
59167
59168
59169
59170
59175
59177
59178
59179
59180
59181
59200
59201
59204
59205
59206
59207
59208
59211
59212
59214
59215
59216
59217
59224
59226
59227
59229
59230
59231
59232
59243
59244
59245
59246
59247
59248
59267
59268
59269
59270
59271
59272
59273
59274
59275
59276
59284
59287
59288
59289
59290
59291
59295
59296
59297
59298
59304
59305
59307
59308
59309
59312
59313
59314
59315
59322
59323
59335
59336
59337
59338
59339
59340
59341
59343
59345
59348
59350
59353
59355
59356
59362
59363
59372
59373
59374
59375
59376
59377
59378
59380
59381
59384
59385
59386
59387
59388
59389
59390
59393
59395
59396
59398
59399
59400
59406
59410
59411
59428
59431
59432
59433
59434
59435
59436
59437
59439
59441
59454
59458
59460
59461
59463
59464
59465
59466
59487
59488
59489
59490
59491
59492
59496
59497
59498
59500
59502
59504
59505
59509
59510
59511
59512
59513
59514
59517
59518
59519
59520
59521
59522
59523
59524
59525
59526
59536
59537
59538
59539
59540
59541
59543
59545
59546
59547
59549
59550
59551
59552
59553
59554
59559
59560
59561
59562
59572
59574
59584
59587
59588
59589
59590
59591
59592
59593
59594
59598
59599
59616
59617
59618
59619
59620
59621
59622
59624
59626
59627
59628
59630
59631
59633
59635
59636
59637
59638
59639
59647
59648
59649
59651
59652
59653
59654
59655
59669
59677
59678
59679
59680
59681
59682
59683
59684
59686
59690
59691
59692
59693
59694
59695
59696
59697
59702
59705
59706
59709
59710
59711
59712
59713
59718
59720
59721
59723
59726
59728
59736
59741
59742
59743
59744
59745
59747
59748
59761
59763
59764
59765
59766
59767
59768
59771
59772
59773
59783
59784
59785
59786
59787
59788
59789
59790
59791
59792
59793
59795
59809
59810
59811
59812
59813
59814
59815
59818
59819
59820
59827
59828
59829
59830
59832
59833
59834
59835
59836
59837
59838
59839
59847
59849
59850
59852
59853
59869
59870
59871
59872
59873
59874
59875
59876
59877
59879
59880
59881
59882
59883
59884
59885
59886
59891
59897
59898
59899
59900
59901
59902
59903
59904
59910
59911
59912
59913
59919
59920
59922
59923
59924
59925
59926
59927
59928
59930
59931
59933
59934
59936
59937
59938
59939
59940
59943
59949
59950
59951
59952
59953
59954
59956
59957
59958
59972
59973
59974
59975
59976
59977
59980
59987
59988
59989
59994
59995
59996
59997
59998
59999
60000
60001
60002
60003
60004
60005
60013
60015
60022
60039
60040
60041
60044
60046
60047
60051
60058
60059
60062
60063
60064
60069
60070
60071
60072
60073
60074
60075
60077
60080
60081
60082
60083
60084
60089
60091
60092
60093
60094
60095
60096
60097
60098
60100
60103
60105
60106
60107
60108
60109
60110
60116
60117
60119
60120
60122
60124
60126
60127
60129
60130
60132
60133
60134
60135
60137
60138
60139
60140
60148
60153
60154
60155
60156
60157
60158
60159
60160
60161
60162
60163
60164
60165
60166
60167
60168
60169
60170
60182
60183
60184
60185
60186
60187
60188
60203
60204
60205
60206
60207
60208
60209
60210
60211
60222
60225
60226
60227
60228
60229
60230
60231
60232
60233
60237
60238
60239
60240
60241
60242
60243
60244
60245
60246
60248
60253
60254
60255
60256
60265
60266
60274
60276
60277
60278
60279
60280
60295
60296
60297
60298
60299
60300
60301
60302
60303
60304
60305
60306
60307
60308
60319
60320
60324
60325
60327
60328
60329
60330
60332
60334
60335
60336
60337
60340
60341
60342
60343
60344
60348
60349
60350
60366
60367
60372
60373
60374
60377
60378
60379
60380
60381
60386
60388
60389
60394
60396
60397
60407
60408
60409
60410
60411
60414
60418
60419
60420
60424
60432
60433
60434
60435
60436
60437
60439
60440
60441
60443
60444
60451
60452
60453
60454
60455
60456
60457
60459
60461
60462
60464
60465
60466
60468
60469
60470
60474
60475
60482
60483
60484
60485
60486
60487
60488
60494
60495
60505
60506
60507
60508
60509
60510
60511
60515
60516
60518
60519
60520
60521
60522
60531
60532
60533
60534
60536
60539
60550
60551
60553
60555
60556
60560
60561
60562
60565
60568
60569
60578
60580
60581
60582
60583
60584
60585
60586
60587
60588
60589
60593
60594
60595
60596
60600
60605
60606
60607
60608
60609
60610
60611
60612
60613
60615
60616
60617
60626
60627
60628
60629
60630
60631
60632
60633
60634
60635
60636
60637
60638
60656
60658
60659
60660
60661
60662
60664
60665
60666
60670
60671
60673
60676
60678
60679
60688
60689
60692
60693
60694
60695
60696
60697
60698
60699
60701
60702
60703
60717
60718
60719
60720
60721
60722
60723
60724
60726
60730
60731
60742
60743
60744
60745
60746
60747
60748
60749
60750
60751
60752
60753
60754
60755
60756
60757
60760
60761
60765
60767
60773
60779
60780
60781
60782
60783
60784
60785
60787
60788
60789
60790
60791
60793
60794
60796
60798
60800
60801
60802
60804
60818
60819
60820
60821
60822
60823
60824
60825
60826
60828
60829
60830
60831
60833
60836
60837
60839
60849
60850
60853
60854
60855
60856
60858
60860
60861
60862
60864
60865
60866
60870
60882
60883
60884
60885
60887
60888
60889
60890
60893
60895
60897
60899
60900
60902
60903
60905
60909
60926
60927
60929
60930
60931
60932
60933
60934
60935
60936
60937
60938
60939
60943
60957
60959
60960
60961
60965
60968
60969
60976
60977
60978
60979
60980
60981
60982
60983
60984
60985
60987
60988
60990
60991
60992
60993
61000
61002
61003
61004
61005
61006
61007
61008
61010
61011
61013
61017
61018
61021
61022
61023
61025
61028
61029
61032
61034
61035
61045
61047
61048
61049
61050
61051
61052
61053
61054
61055
61057
61070
61071
61072
61073
61074
61075
61076
61077
61079
61080
61082
61084
61085
61087
61090
61092
61097
61101
61103
61104
61105
61106
61107
61110
61116
61117
61118
61119
61120
61121
61122
61123
61124
61127
61131
61132
61133
61134
61135
61136
61137
61138
61139
61141
61142
61150
61151
61152
61153
61155
61156
61157
61158
61159
61160
61161
61162
61163
61175
61176
61177
61178
61179
61180
61181
61183
61184
61185
61186
61187
61197
61199
61200
61201
61202
61203
61204
61205
61206
61207
61208
61209
61210
61211
61217
61219
61220
61221
61223
61224
61228
61237
61238
61239
61240
61242
61245
61247
61248
61249
61250
61251
61257
61258
61259
61260
61261
61262
61263
61264
61265
61273
61275
61277
61284
61285
61286
61287
61288
61289
61290
61291
61292
61297
61299
61300
61310
61311
61312
61313
61317
61322
61323
61326
61334
61335
61337
61338
61339
61340
61341
61342
61343
61344
61345
61346
61347
61348
61349
61350
61352
61354
61358
61360
61367
61368
61369
61371
61372
61374
61375
61376
61377
61379
61380
61391
61392
61393
61394
61395
61396
61397
61398
61411
61413
61414
61415
61416
61417
61418
61419
61422
61423
61432
61433
61434
61435
61436
61437
61438
61439
61440
61441
61453
61454
61455
61456
61457
61458
61459
61461
61471
61472
61474
61475
61476
61477
61478
61479
61480
61481
61489
61493
61496
61497
61498
61499
61500
61502
61503
61509
61510
61515
61516
61517
61518
61519
61520
61521
61522
61525
61533
61534
61535
61536
61537
61538
61542
61543
61544
61545
61546
61547
61548
61549
61550
61562
61563
61564
61565
61566
61569
61578
61591
61592
61593
61594
61595
61596
61598
61599
61600
61601
61602
61603
61609
61614
61616
61617
61618
61619
61620
61621
61622
61623
61630
61631
61632
61633
61634
61646
61651
61653
61664
61665
61666
61667
61669
61670
61671
61689
61690
61691
61692
61693
61694
61695
61696
61697
61698
61700
61703
61704
61708
61710
61713
61726
61727
61728
61729
61737
61741
61747
61748
61749
61750
61752
61753
61754
61755
61756
61757
61758
61759
61760
61761
61762
61768
61769
61770
61772
61773
61788
61789
61790
61791
61792
61793
61794
61795
61796
61797
61798
61799
61800
61802
61804
61805
61806
61808
61810
61811
61812
61813
61816
61819
61820
61823
61824
61848
61849
61850
61869
61870
61872
61873
61874
61875
61876
61879
61887
61890
61891
61892
61893
61894
61895
61896
61897
61898
61900
61903
61904
61905
61906
61907
61919
61920
61921
61922
61923
61929
61930
61931
61932
61935
61936
61937
61942
61943
61946
61947
61948
61949
61950
61952
61954
61955
61969
61970
61971
61972
61989
61990
61991
61992
61994
61996
61997
61999
62000
62001
62003
62004
62005
62011
62013
62014
62015
62016
62017
62018
62019
62020
62035
62036
62037
62038
62039
62040
62041
62042
62043
62044
62045
62047
62048
62050
62051
62052
62053
62057
62058
62059
62060
62061
62062
62065
62066
62067
62068
62069
62070
62071
62073
62074
62075
62076
62077
62088
62089
62090
62091
62092
62093
62094
62095
62096
62097
62098
62108
62109
62110
62111
62112
62113
62114
62117
62118
62130
62131
62132
62133
62136
62137
62138
62139
62143
62144
62146
62147
62148
62149
62150
62156
62157
62158
62159
62160
62161
62162
62163
62164
62179
62180
62181
62182
62183
62184
62185
62186
62187
62188
62189
62194
62219
62220
62221
62222
62223
62224
62225
62226
62227
62228
62229
62230
62231
62232
62233
62254
62255
62256
62257
62258
62259
62260
62261
62262
62263
62264
62265
62266
62267
62268
62270
62271
62274
62275
62277
62291
62292
62293
62294
62295
62296
62298
62299
62300
62301
62302
62303
62304
62305
62308
62309
62310
62311
62312
62313
62314
62315
62316
62317
62318
62319
62320
62322
62323
62324
62326
62330
62331
62332
62333
62334
62335
62340
62341
62342
62355
62356
62357
62358
62360
62363
62364
62365
62366
62367
62368
62369
62371
62375
62377
62386
62387
62388
62390
62392
62393
62394
62395
62396
62397
62398
62399
62400
62405
62406
62407
62408
62409
62410
62411
62412
62413
62415
62416
62417
62425
62426
62427
62428
62429
62430
62438
62439
62440
62441
62442
62443
62444
62445
62446
62447
62448
62449
62450
62451
62452
62454
62457
62458
62465
62466
62469
62471
62472
62473
62474
62475
62476
62477
62479
62481
62482
62483
62485
62486
62487
62488
62494
62496
62497
62498
62499
62500
62501
62502
62504
62525
62527
62528
62529
62531
62532
62533
62535
62536
62537
62541
62543
62544
62545
62548
62549
62555
62556
62557
62558
62559
62560
62561
62572
62573
62577
62578
62579
62580
62581
62582
62583
62584
62585
62588
62589
62590
62592
62594
62600
62601
62603
62604
62607
62610
62611
62613
62615
62616
62617
62618
62619
62620
62621
62622
62624
62625
62628
62629
62630
62632
62633
62634
62635
62636
62637
62638
62639
62640
62641
62642
62643
62644
62647
62652
62653
62654
62655
62657
62658
62660
62661
62664
62665
62666
62667
62668
62669
62670
62672
62676
62678
62682
62683
62684
62688
62689
62690
62691
62692
62693
62694
62695
62698
62700
62701
62702
62703
62704
62705
62709
62715
62716
62717
62719
62720
62721
62722
62723
62724
62725
62726
62728
62729
62730
62732
62735
62738
62739
62740
62741
62742
62743
62744
62745
62746
62747
62748
62749
62751
62752
62753
62754
62756
62758
62759
62762
62763
62764
62765
62766
62767
62769
62770
62771
62776
62777
62778
62781
62782
62783
62784
62785
62790
62793
62794
62795
62796
62797
62798
62799
62800
62802
62805
62806
62807
62808
62809
62815
62816
62817
62818
62819
62820
62821
62829
62831
62832
62833
62834
62835
62836
62837
62838
62839
62840
62841
62842
62843
62844
62845
62846
62847
62848
62849
62850
62851
62852
62853
62860
62861
62862
62863
62864
62865
62866
62867
62868
62870
62871
62872
62873
62874
62877
62878
62879
62880
62881
62882
62883
62884
62887
62888
62892
62893
62894
62895
62897
62898
62901
62902
62910
62911
62912
62913
62914
62915
62916
62917
62918
62919
62920
62921
62922
62923
62924
62925
62927
62928
62932
62933
62934
62935
62936
62937
62938
62939
62941
62942
62943
62944
62946
62948
62949
62950
62955
62956
62958
62959
62960
62961
62964
62965
62966
62967
62968
62969
62970
62973
62974
62975
62976
62982
62983
62984
62985
62986
62988
62989
62993
62995
62996
62997
62998
63000
63001
63002
63003
63011
63012
63013
63014
63015
63016
63017
63018
63019
63020
63022
63029
63030
63031
63032
63033
63034
63035
63036
63037
63038
63039
63040
63041
63043
63044
63045
63048
63051
63052
63053
63056
63057
63058
63059
63060
63061
63062
63063
63064
63068
63069
63070
63072
63073
63074
63075
63076
63077
63078
63079
63080
63081
63082
63083
63084
63085
63092
63093
63094
63095
63096
63097
63099
63100
63101
63102
63103
63104
63110
63112
63113
63114
63115
63116
63117
63118
63119
63120
63131
63133
63134
63135
63136
63137
63138
63139
63140
63141
63147
63148
63149
63151
63152
63153
63154
63155
63156
63157
63160
63161
63162
63163
63164
63165
63166
63167
63168
63169
63170
63171
63172
63173
63174
63180
63185
63186
63188
63189
63190
63191
63192
63193
63194
63195
63196
63198
63201
63202
63203
63204
63205
63206
63207
63208
63209
63210
63211
63212
63213
63218
63219
63220
63221
63222
63223
63226
63227
63229
63230
63231
63232
63233
63234
63235
63236
63237
63238
63239
63240
63242
63244
63245
63246
63247
63249
63250
63251
63252
63259
63260
63261
63262
63263
63264
63265
63266
63268
63269
63270
63271
63272
63273
63274
63277
63278
63279
63280
63281
63282
63283
63284
63285
63286
63289
63295
63296
63297
63298
63299
63300
63301
63302
63303
63310
63311
63312
63314
63315
63316
63317
63318
63320
63321
63322
63323
63326
63327
63328
63329
63331
63333
63334
63335
63336
63337
63339
63341
63342
63343
63344
63349
63350
63356
63357
63358
63360
63361
63366
63367
63368
63369
63370
63372
63375
63378
63379
63380
63381
63382
63383
63385
63387
63388
63389
63390
63391
63398
63399
63400
63401
63402
63409
63410
63411
63412
63413
63414
63415
63418
63419
63421
63422
63423
63424
63425
63426
63427
63428
63433
63435
63436
63437
63438
63439
63440
63441
63442
63443
63444
63452
63453
63454
63455
63456
63457
63458
63462
63463
63464
63465
63466
63467
63468
63474
63476
63477
63478
63479
63484
63485
63486
63487
63490
63491
63492
63496
63497
63498
63504
63505
63506
63507
63508
63509
63510
63511
63513
63514
63515
63517
63518
63525
63527
63528
63529
63530
63532
63533
63534
63539
63540
63541
63543
63547
63548
63549
63550
63551
63556
63557
63558
63559
63560
63561
63562
63563
63569
63571
63572
63573
63574
63575
63576
63577
63578
63581
63582
63587
63588
63589
63590
63591
63592
63593
63594
63598
63599
63600
63601
63602
63606
63607
63608
63612
63613
63614
63615
63623
63624
63627
63628
63629
63630
63631
63632
63635
63636
63637
63638
63639
63641
63644
63645
63647
63648
63649
63650
63654
63659
63664
63666
63667
63668
63674
63675
63676
63677
63678
63682
63683
63684
63685
63686
63687
63689
63691
63697
63698
63699
63702
63703
63704
63705
63707
63708
63709
63710
63711
63712
63713
63714
63715
63717
63718
63719
63720
63721
63722
63723
63724
63726
63729
63730
63731
63732
63733
63734
63735
63738
63739
63740
63741
63742
63743
63744
63746
63747
63748
63749
63750
63751
63753
63754
63756
63757
63758
63759
63760
63761
63762
63763
63764
63765
63766
63767
63768
63769
63772
63773
63774
63776
63777
63778
63779
63780
63781
63782
63785
63786
63787
63788
63789
63790
63791
63792
63794
63795
63796
63797
63798
63799
63800
63801
63802
63803
63804
63807
63808
63809
63810
63811
63812
63813
63814
63815
63816
63817
63818
63820
63821
63822
63823
63825
63826
63827
63828
63829
63830
63831
63832
63833
63834
63835
63836
63837
63838
63839
63840
63841
63843
63845
63846
63848
63850
63851
63852
63853
63854
63855
63857
63860
63862
63863
63864
63869
63870
63871
63872
63873
63874
63877
63878
63879
63881
63884
63885
63886
63887
63888
63889
63890
63891
63892
63893
63894
63896
63899
63901
63902
63904
63905
63906
63908
63909
63910
63911
63912
63914
63916
63918
63920
63922
63923
63924
63926
63927
63928
63930
63931
63932
63933
63934
63935
63936
63937
63938
63940
63941
63943
63944
63945
63946
63947
63949
63950
63951
63952
63953
63955
63957
63958
63962
63964
63965
63966
63967
63968
63969
63971
63972
63974
63975
63976
63977
63980
63983
63984
63985
63988
63989
63990
63991
63992
63993
63994
63995
63998
64001
64002
64003
64007
64008
64010
64013
64014
64015
64016
64022
64023
64024
64025
64027
64028
64029
64031
64032
64033
64034
64036
64038
64039
64043
64044
64045
64047
64048
64049
64050
64051
64054
64055
64056
64057
64058
64059
64060
64061
64062
64063
64064
64065
64071
64073
64074
64075
64076
64078
64079
64082
64084
64085
64086
64088
64089
64090
64091
64092
64093
64094
64095
64097
64098
64099
64102
64103
64104
64105
64106
64107
64108
64109
64112
64114
64115
64116
64121
64122
64123
64124
64125
64126
64127
64128
64129
64132
64133
64134
64135
64136
64137
64138
64139
64140
64143
64149
64150
64151
64152
64153
64154
64155
64156
64157
64158
64159
64161
64162
64163
64164
64169
64171
64172
64173
64175
64176
64179
64181
64183
64187
64190
64192
64197
64198
64199
64200
64201
64202
64203
64204
64211
64212
64213
64214
64215
64216
64217
64221
64222
64223
64224
64225
64226
64227
64233
64234
64235
64236
64241
64243
64244
64245
64246
64248
64249
64250
64251
64252
64253
64256
64257
64258
64259
64260
64261
64262
64266
64267
64268
64269
64270
64271
64272
64275
64278
64279
64281
64282
64285
64286
64287
64288
64298
64299
64300
64301
64302
64303
64304
64305
64306
64307
64308
64309
64317
64318
64319
64320
64321
64322
64323
64324
64325
64326
64327
64328
64329
64336
64337
64338
64339
64347
64348
64349
64350
64351
64352
64353
64354
64355
64363
64364
64365
64366
64367
64368
64369
64370
64372
64373
64375
64376
64377
64378
64379
64380
64381
64382
64385
64387
64388
64389
64390
64391
64392
64397
64399
64401
64402
64405
64406
64407
64408
64409
64410
64413
64414
64415
64416
64417
64418
64419
64420
64421
64422
64423
64424
64425
64426
64427
64428
64429
64430
64431
64432
64433
64434
64435
64436
64437
64438
64439
64440
64441
64442
64444
64452
64455
64458
64459
64460
64461
64462
64463
64464
64465
64466
64467
64468
64470
64471
64475
64476
64477
64478
64479
64480
64489
64490
64491
64492
64493
64494
64495
64496
64498
64499
64506
64507
64508
64509
64511
64512
64513
64514
64515
64523
64524
64525
64527
64528
64538
64539
64540
64541
64542
64543
64544
64545
64546
64547
64550
64556
64558
64559
64560
64562
64563
64564
64565
64566
64567
64568
64569
64572
64573
64574
64576
64578
64579
64580
64581
64582
64583
64584
64585
64586
64587
64588
64590
64591
64592
64599
64600
64601
64602
64603
64604
64605
64609
64612
64616
64617
64618
64619
64620
64621
64622
64623
64624
64625
64626
64627
64630
64632
64633
64634
64635
64636
64637
64638
64640
64641
64642
64643
64644
64645
64646
64649
64650
64651
64652
64653
64654
64661
64662
64663
64664
64665
64666
64667
64668
64669
64670
64671
64672
64673
64674
64676
64677
64678
64679
64680
64681
64682
64684
64685
64686
64687
64688
64690
64691
64692
64693
64696
64697
64698
64699
64700
64701
64702
64703
64704
64705
64706
64708
64709
64714
64715
64716
64719
64720
64721
64725
64726
64727
64728
64729
64730
64731
64732
64735
64736
64737
64740
64742
64743
64745
64746
64747
64751
64752
64753
64754
64755
64757
64758
64759
64760
64762
64766
64768
64769
64773
64786
64787
64789
64790
64791
64792
64793
64794
64795
64796
64797
64799
64802
64803
64804
64805
64806
64807
64816
64817
64820
64821
64822
64823
64824
64825
64826
64827
64828
64829
64830
64831
64834
64835
64836
64837
64838
64839
64840
64841
64842
64843
64844
64846
64847
64854
64855
64856
64857
64858
64859
64860
64861
64865
64866
64867
64868
64869
64870
64871
64872
64873
64878
64879
64880
64881
64882
64883
64884
64892
64893
64894
64895
64896
64897
64898
64899
64900
64901
64902
64903
64904
64905
64910
64912
64914
64915
64916
64919
64920
64921
64922
64923
64924
64925
64926
64927
64929
64930
64931
64932
64933
64934
64935
64936
64937
64938
64939
64942
64943
64944
64945
64946
64947
64948
64949
64950
64951
64952
64962
64963
64964
64965
64966
64967
64968
64974
64975
64976
64977
64978
64979
64980
64982
64984
64985
64986
64987
64991
64992
64993
64994
64995
64996
64997
64998
64999
65001
65012
65013
65014
65015
65016
65019
65020
65021
65024
65025
65026
65027
65028
65030
65032
65034
65036
65039
65040
65041
65042
65043
65044
65046
65049
65050
65051
65052
65053
65054
65055
65056
65057
65059
65060
65062
65063
65064
65066
65067
65072
65073
65074
65075
65076
65077
65078
65080
65084
65085
65086
65087
65088
65089
65090
65091
65092
65095
65096
65097
65098
65099
65100
65103
65104
65105
65113
65114
65115
65118
65121
65122
65123
65124
65125
65126
65129
65130
65131
65132
65139
65141
65142
65143
65144
65145
65146
65147
65148
65149
65150
65151
65152
65153
65154
65159
65161
65162
65163
65172
65173
65174
65175
65176
65177
65178
65179
65180
65181
65182
65183
65184
65185
65186
65201
65202
65203
65204
65205
65206
65207
65208
65209
65211
65212
65214
65215
65216
65217
65218
65219
65220
65224
65225
65226
65227
65228
65229
65230
65231
65238
65239
65240
65241
65242
65243
65244
65245
65246
65247
65248
65249
65250
65251
65252
65253
65254
65255
65256
65260
65261
65262
65263
65264
65265
65266
65268
65269
65274
65275
65276
65277
65278
65279
65280
65281
65282
65283
65290
65291
65292
65293
65294
65295
65296
65297
65298
65299
65300
65301
65302
65303
65304
65305
65306
65307
65308
65309
65311
65312
65313
65316
65320
65321
65322
65323
65324
65325
65326
65329
65330
65331
65332
65333
65336
65340
65341
65342
65343
65344
65345
65346
65347
65348
65349
65350
65351
65353
65354
65355
65356
65357
65358
65364
65366
65367
65369
65370
65371
65372
65373
65374
65375
65376
65377
65378
65379
65380
65382
65385
65386
65387
65388
65389
65390
65391
65392
65394
65399
65400
65401
65402
65403
65404
65405
65415
65416
65418
65419
65420
65421
65422
65423
65424
65425
65426
65427
65428
65429
65430
65431
65432
65433
65434
65438
65439
65440
65441
65442
65443
65444
65445
65446
65447
65448
65449
65450
65451
65453
65455
65456
65457
65464
65465
65466
65467
65470
65474
65475
65481
65482
65483
65484
65485
65486
65487
65488
65489
65490
65491
65493
65499
65501
65502
65503
65505
65507
65508
65509
65510
65511
65516
65517
65518
65519
65521
65523
65524
65525
65526
65528
65529
65532
65534
65535
65538
65543
65544
65546
65547
65548
65549
65550
65551
65553
65554
65555
65557
65558
65560
65561
65563
65564
65565
65566
65567
65568
65573
65574
65575
65576
65578
65579
65580
65581
65582
65583
65584
65585
65586
65587
65589
65590
65591
65592
65593
65594
65596
65598
65600
65601
65602
65603
65604
65605
65608
65609
65610
65611
65612
65613
65616
65620
65621
65622
65627
65629
65630
65631
65632
65633
65634
65635
65636
65637
65638
65639
65640
65641
65642
65644
65645
65646
65651
65652
65653
65654
65655
65663
65664
65665
65666
65667
65668
65669
65670
65671
65672
65673
65674
65675
65676
65677
65679
65681
65682
65683
65687
65688
65689
65690
65691
65692
65693
65694
65704
65705
65706
65707
65708
65709
65710
65711
65712
65713
65714
65715
65722
65723
65724
65725
65726
65727
65728
65729
65730
65731
65732
65733
65734
65735
65739
65740
65741
65742
65744
65745
65746
65747
65748
65749
65752
65753
65756
65757
65758
65759
65760
65763
65764
65765
65766
65767
65769
65779
65780
65781
65782
65783
65784
65785
65790
65791
65792
65793
65794
65795
65796
65797
65798
65799
65800
65801
65805
65806
65807
65808
65809
65810
65811
65812
65813
65819
65820
65821
65822
65828
65829
65830
65831
65832
65833
65834
65835
65836
65837
65838
65840
65841
65842
65843
65844
65845
65846
65847
65857
65858
65859
65860
65861
65862
65863
65864
65865
65867
65869
65870
65872
65873
65876
65877
65878
65879
65880
65881
65882
65888
65889
65890
65891
65892
65894
65897
65898
65899
65900
65901
65902
65903
65904
65905
65906
65909
65910
65911
65912
65919
65920
65921
65922
65923
65924
65925
65930
65931
65932
65933
65934
65935
65937
65938
65939
65940
65941
65942
65943
65944
65946
65947
65948
65949
65950
65951
65952
65953
65954
65955
65956
65957
65958
65964
65965
65966
65967
65968
65969
65970
65971
65972
65973
65975
65976
65979
65980
65981
65982
65983
65984
65985
65987
65988
65990
65993
65994
65995
65996
65997
65998
66001
66002
66003
66007
66008
66009
66010
66011
66012
66013
66014
66015
66016
66018
66019
66020
66021
66022
66026
66027
66028
66029
66030
66031
66035
66036
66037
66038
66039
66040
66041
66042
66043
66044
66045
66046
66047
66048
66051
66053
66054
66055
66056
66057
66059
66060
66061
66062
66063
66064
66065
66071
66072
66074
66076
66081
66082
66083
66084
66085
66086
66087
66088
66098
66099
66100
66101
66102
66103
66104
66105
66106
66107
66108
66113
66118
66119
66120
66121
66122
66123
66124
66127
66128
66129
66130
66131
66137
66138
66139
66140
66141
66142
66143
66144
66145
66146
66147
66148
66149
66151
66154
66155
66156
66157
66158
66159
66160
66161
66162
66163
66164
66167
66168
66169
66170
66171
66172
66173
66174
66180
66181
66182
66183
66185
66186
66187
66188
66189
66190
66191
66192
66194
66196
66197
66198
66202
66203
66204
66205
66206
66207
66208
66209
66212
66213
66214
66215
66216
66217
66220
66222
66223
66224
66225
66226
66227
66228
66229
66230
66231
66237
66239
66240
66243
66246
66247
66248
66249
66250
66251
66252
66253
66254
66255
66260
66261
66262
66263
66264
66266
66267
66268
66269
66270
66271
66272
66274
66276
66277
66278
66279
66280
66281
66282
66285
66286
66292
66293
66295
66296
66297
66298
66299
66300
66301
66302
66306
66307
66308
66310
66311
66312
66313
66314
66315
66316
66321
66322
66323
66324
66325
66329
66332
66334
66335
66336
66337
66338
66341
66342
66348
66349
66350
66351
66352
66353
66354
66355
66356
66362
66363
66364
66365
66366
66367
66368
66369
66371
66372
66373
66374
66376
66377
66378
66379
66380
66381
66382
66383
66384
66385
66386
66387
66388
66389
66390
66391
66392
66393
66394
66395
66397
66398
66399
66400
66401
66409
66410
66411
66412
66413
66414
66415
66416
66417
66418
66422
66424
66426
66427
66428
66429
66430
66431
66432
66433
66434
66435
66437
66442
66444
66445
66446
66447
66448
66449
66451
66452
66453
66454
66455
66456
66457
66460
66461
66462
66467
66468
66469
66470
66471
66472
66473
66474
66475
66476
66477
66478
66484
66485
66486
66487
66488
66489
66490
66493
66494
66496
66498
66500
66501
66506
66508
66509
66510
66511
66512
66513
66514
66515
89944
90368
90405
90432
90434
90442
90451
90452
90454
90462
90466
90468
90488
90489
90502
90503
90512
90521
90522
90526
90530
90532
90533
90543
90548
90549
90550
90555
90562
90566
90582
90587
90592
90595
90599
90601
90605
90609
90613
90620
90624
90627
90629
90641
90658
90659
90662
90686
90690
90695
90696
90699
90701
90705
90706
90707
90709
90710
90717
90725
90727
90730
90737
90740
90746
90752
90759
90768
90774
90779
90784
90804
90805
90806
90807
90813
90823
90828
90832
90836
90843
90845
90851
90857
90858
90867
90870
90876
90881
90883
90884
90885
90889
90894
90903
90920
90925
90966
90969
90970
90975
90989
91012
91020
91022
91031
91035
91046
91047
91050
91052
91056
91059
91064
91069
91071
91072
91077
91080
91082
91091
91096
91099
91106
91110
91111
91113
91114
91117
91120
91123
91124
91126
91130
91133
91139
91141
91144
91147
91150
91151
91155
91156
91159
91162
91173
91186
91187
91191
91192
91197
91200
91206
91214
91217
91218
91219
91221
91222
91225
91226
91229
91236
91241
91251
91252
91253
91257
91258
91261
91263
91264
91269
91271
91275
91276
91277
91279
91281
91287
91303
91314
91328
91335
91343
91353
91355
91368
91370
91374
91377
91378
91380
91381
91382
91391
91393
91395
91396
91397
91398
91399
91401
91405
91406
91407
91411
91412
91416
91417
91421
91423
91430
91431
91434
91435
91436
91444
91447
91450
91451
91455
91457
91459
91460
91474
91475
91482
91489
91494
91497
91498
91505
91507
91508
91511
91515
91524
91529
91531
91534
91535
91540
91541
91544
91552
91553
91554
91557
91559
91563
91565
91567
91571
91574
91575
91577
91578
91580
91581
91583
91584
91585
91588
91592
91596
91598
91599
91600
91604
91606
91611
91612
91618
91619
91620
91625
91626
91628
91630
91631
91635
91636
91639
91640
91641
91648
91649
91651
91653
91654
91656
91662
91663
91674
91679
91683
91688
91698
91706
91714
91722
91726
91727
91731
91733
91734
91735
91736
91737
91738
91740
91742
91743
91744
91745
91751
91757
91759
91761
91764
91767
91768
91779
91782
91785
91797
91799
91801
91804
91805
91808
91809
91811
91813
91814
91815
91818
91820
91821
91823
91824
91826
91837
91845
91847
91855
91856
91857
91858
91862
91866
91871
91872
91880
91881
91882
91884
91885
91887
91889
91892
91894
91898
91901
91907
91908
91910
91912
91919
91920
91923
91925
91927
91929
91932
91933
91938
91939
91941
91943
91944
91946
91951
91952
91954
91962
91970
91979
91981
91984
91993
91994
91996
92000
92004
92006
92007
92008
92015
92018
92020
92021
92026
92031
92033
92036
92037
92046
92048
92050
92051
92057
92058
92059
92060
92061
92062
92064
92065
92075
92079
92081
92083
92088
92089
92098
92099
92101
92102
92107
92109
92110
92114
92117
92118
92120
92122
92123
92128
92131
92135
92137
92140
92144
92152
92153
92155
92164
92167
92168
92170
92172
92174
92179
92200
92201
92203
92219
92226
92231
92234
92235
92258
92269
92273
92284
92285
92291
92304
92311
92313
92315
92326
92329
92338
92341
92346
92353
92362
92363
92373
92394
92413
92436
92439
92456
92467
92470
92485
92494
92518
92523
92529
92537
92539
92549
92551
92569
92576
92584
92585
92588
92618
92619
92626
92644
92654
92666
92671
92673
92676
92677
92709
92730
92731
92740
92744
92746
92751
92753
92756
92757
92760
92763
92770
92775
92785
92787
92799
92817
92826
92850
92857
92866
92871
92872
92873
92877
92884
92902
92903
92918
92932
92935
92951
92955
92967
92974
92981
92994
93010
93012
93031
93038
93039
93046
93049
93053
93056
93059
93061
93068
93071
93090
93093
93120
93149
93159
93171
93176
93178
93205
93211
93245
93247
93252
93276
93278
93291
93309
93312
93324
93327
93329
93330
93334
93338
93343
93346
93353
93369
93373
93375
93380
93386
93390
93391
93401
93425
93445
93457
93461
93476
93482
93502
93511
93526
93532
93536
93566
93569
93574
93575
93576
93582
93583
93592
93594
93599
93626
93629
93633
93638
93645
93657
93662
93664
93668
93671
93673
93696
93700
93704
93708
93718
93725
93748
93749
93783
93784
93796
93798
93804
93805
93813
93817
93836
93844
93845
93868
93871
93884
93895
93898
93902
93904
93914
93916
93923
93927
93982
93983
94013
94016
94026
94040
94049
94061
94063
94112
94115
94132
94134
94140
94148
94150
94152
94156
94157
94197
94198
94199
94200
94205
94229
94233
94240
94249
94253
94259
94280
94288
94312
94324
94325
94333
94335
94342
94346
94377
94387
94402
94420
94422
94439
94447
94455
94460
94466
94469
94470
94485
94489
94503
94518
94521
94551
94557
94561
94573
94583
94597
94621
94654
94670
94700
94704
94729
94733
94734
94783
94790
94812
94814
94819
94823
94834
94837
94840
94846
94859
94879
94903
94918
94922
94932
94935
94945
94959
94961
94962
94986
94987
94993
95000
95012
95023
95030
95051
95058
95071
95075
95088
95092
95107
95109
95112
95116
95143
95146
95155
95161
95165
95176
95186
95219
95226
95236
95244
95249
95255
95268
95276
95282
95288
95290
95291
95293
95301
95305
95325
95336
95360
95372
95392
95408
95413
95417
95435
95437
95440
95442
95443
95449
95450
95460
95462
95463
95477
95480
95482
95489
95490
95494
95495
95499
95507
95511
95513
95525
95530
95533
95550
95557
95562
95583
95586
95593
95596
95605
95611
95631
95642
95647
95648
95650
95654
95659
95664
95679
95688
95691
95710
95712
95713
95714
95729
95730
95732
95733
95734
95766
95779
95793
95795
95796
95810
95817
95820
95821
95823
95824
95825
95827
95828
95840
95844
95851
95855
95859
95875
95877
95890
95901
95903
95907
95908
95920
95921
95923
95939
95940
95965
95968
95969
95970
96001
96005
96015
96024
96055
96059
96060
96062
96064
96070
96074
96085
96093
96097
96098
96105
96110
96113
96114
96124
96132
96137
96144
96145
96150
96163
96172
96185
96196
96215
96226
96249
96268
96281
96316
96346
96351
96354
96356
96362
96403
96425
96439
96443
96445
96484
96500
96501
96504
96510
96511
96534
96536
96562
96563
96568
96573
96578
96587
96594
96595
96599
96605
96609
96620
96622
96626
96649
96655
96656
96660
96668
96674
96679
96693
96712
96717
96725
96726
96731
96733
96743
96747
96749
96750
96773
96776
96799
96817
96821
96823
96863
96870
96883
96899
96908
96915
96941
96942
96952
96956
96960
96971
96974
96979
96997
96998
97009
97013
97017
97022
97037
97039
97057
97060
97061
97093
97104
97105
97118
97122
97162
97164
97199
97202
97213
97224
97232
97254
97268
97282
97315
97330
97346
97352
97358
97426
97437
97440
97441
97448
97453
97460
97479
97495
97504
97511
97512
97547
97549
97557
97559
97566
97572
97579
97602
97612
97641
97664
97678
97682
97695
97699
97712
97717
97726
97748
97752
97758
97763
97797
97812
97815
97816
97828
97830
97832
97857
97876
97919
97942
97947
97964
97966
97973
97977
98004
98005
98024
98038
98051
98053
98062
98067
98080
98108
98109
98117
98120
98123
98126
98164
98174
98189
98215
98247
98265
98279
98283
98284
98306
98309
98328
98340
98342
98346
98376
98413
98414
98439
98450
98454
98469
98482
98488
98501
98503
98512
98522
98533
98554
98561
98594
98621
98635
98641
98651
98665
98689
98692
98731
98733
98748
98789
98795
98807
98830
98838
98849
98851
98853
98868
98869
98871
98880
98905
98917
98920
98927
98953
98958
98959
98973
98981
98994
98997
99006
99010
99042
99049
99074
99087
99092
99098
99116
99118
99132
99150
99165
99172
99175
99190
99200
99217
99236
99246
99263
99266
99269
99272
99278
99283
99288
99293
99306
99308
99311
99314
99332
99347
99354
99447
99475
99476
99499
99511
99521
99523
99533
99534
99545
99551
99563
99565
99566
99570
99582
99607
99638
99667
99714
99726
99743
99757
99761
99768
99770
99772
99773
99776
99795
99813
99814
99816
99818
99819
99820
99821
99824
99825
99827
99829
99830
99831
99832
99833
99834
99835
99836
99837
99838
99839
99841
99844
99845
99846
99847
99849
99851
99852
99853
99854
99855
99856
99858
99860
99861
99862
99863
99864
99866
99867
99868
99869
99871
99872
99873
99874
99875
99880
99881
99884
99886
99888
99889
99891
99893
99896
99898
99899
99903
99911
99912
99913
99914
99915
99916
99917
99918
99919
99920
99921
99922
99923
99924
99925
99926
99927
99928
99929
99930
99931
99932
99933
99934
99935
99936
99937
99938
99939
99940
99941
99942
99943
99944
99945
99946
99947
99948
99949
99950
99951
99952
99953
99954
99955
99956
99957
99958
99959
99960
99961
99962
99963
99964
99965
99966
99967
99968
99969
99970
99971
99972
99973
99974
99975
99976
99977
99978
99979
99980
99981
99982
99983
99984
99985
99986
99987
99988
99989
99990
99991
99992
99993
99994
99995
99996
99997
99998
99999
10052967
10052968
10052969
10052970
10052972
10052973
10052974
10052975
10052976
10052977
10052978
10052979
10052980
10052981
10052982
10052983
10052984
10052985
10052986
10052987
10052988
10052989
10052990
10052991
10052992
10052993
10052994
10052995
10052996
10052997
10052998
10053000
10053001
10053003
10053005
10053006
10053007
10053008
10053009
10053010
10053011
10053012
10053013
10053014
10053015
10053016
10053017
10053018
10053019
10053020
10053021
10053022
10053023
10053024
10053025
10053026
10053028
10053029
10053030
10053031
10053032
10053033
10053034
10053036
10053037
10053038
10053039
10053040
10053041
10053042
10053043
10053045
10053046
10053047
10053048
10053049
10053050
10053051
10053052
10053053
10053054
10053055
10053056
10053057
10053058
10053059
10053060
10053061
10053062
10053063
10053064
10053065
10053066
10053067
10053068
10053069
10053070
10053071
10053072
10053073
10053074
10053075
10053076
10053077
10053078
10053079
10053080
10053081
10053082
10053083
10053084
10053085
10053086
10053087
10053088
10053089
10053090
10053091
10053092
10053093
10053094
10053095
10053096
10053097
10053098
10053099
10053100
10053101
10053102
10053103
10053104
10053105
10053106
10053107
10053108
10053109
10053110
10053111
10053112
10053113
10053114
10053115
10053116
10053117
10053118
10053119
10053120
10053121
10053122
10053124
10053125
10053126
10053127
10053128
10053129
10053130
10053131
10053132
10053133
10053134
10053135
10053136
10053137
10053138
10053139
10053141
10053142
10053143
10053144
10053145
10053146
10053147
10053148
10053149
10053150
10053151
10053152
10053153
10053154
10053155
10053156
10053157
10053158
10053159
10053162
10053165
10053166
10053167
10053168
10053172
10053173
10053175
10053176
10053178
10053179
10053180
10053181
10053182
10053186
10053187
10053190
10053191
10053192
10053193
10053194
10053195
10053196
10053197
10053198
10053199
10053203
10053204
10053205
10053206
10053207
10053208
10053209
10053212
10053213
10053214
10053216
10053218
10053220
10053223
10053224
10053225
10053227
10053229
10053230
10053232
10053233
10053234
10053235
10053236
10053237
10053242
10053243
10053244
10053245
10053246
10053247
10053248
10053249
10053250
10053251
10053254
10053255
10053257
10053258
10053259
10053260
10053262
10053263
10053264
10053265
10053266
10053267
10053268
10053271
10053274
10053277
10053280
10053283
10053284
10053285
10053286
10053288
10053289
10053290
10053291
10053292
10053293
10053294
10053295
10053296
10053297
10053298
10053299
10053300
10053305
10053306
10053307
10053308
10053309
10053314
10053316
10053317
10053318
10053319
10053320
10053321
10053322
10053323
10053324
10053325
10053326
10053327
10053328
10053329
10053334
10053335
10053336
10053339
10053343
10053344
10053345
10053346
10053347
10053348
10053349
10053350
10053351
10053352
10053353
10053354
10053355
10053356
10053357
10053358
10053359
10053360
10053361
10053362
10053363
10053364
10053368
10053369
10053370
10053371
10053372
10053373
10053374
10053375
10053376
10053377
10053381
10053383
10053384
10053385
10053386
10053387
10053388
10053389
10053390
10053391
10053392
10053393
10053394
10053400
10053402
10053405
10053406
10053407
10053408
10053409
10053410
10053411
10053412
10053419
10053421
10053422
10053423
10053424
10053425
10053426
10053428
10053429
10053431
10053432
10053433
10053434
10053435
10053436
10053437
10053438
10053439
10053440
10053441
10053442
10053443
10053444
10053445
10053446
10053447
10053448
10053450
10053451
10053452
10053453
10053454
10053455
10053456
10053457
10053458
10053459
10053460
10053461
10053462
10053463
10053464
10053465
10053466
10053470
10053472
10053473
10053474
10053475
10053476
10053477
10053478
10053479
10053481
10053484
10053486
10053487
10053488
10053489
10053490
10053491
10053492
10053493
10053494
10053495
10053496
10053497
10053498
10053499
10053500
10053501
10053504
10053505
10053506
10053507
10053508
10053510
10053511
10053512
10053513
10053517
10053518
10053519
10053520
10053523
10053524
10053525
10053526
10053532
10053533
10053534
10053535
10053536
10053537
10053538
10053539
10053540
10053545
10053547
10053548
10053549
10053550
10053551
10053552
10053553
10053554
10053562
10053563
10053564
10053565
10053566
10053567
10053568
10053569
10053572
10053573
10053577
10053578
10053579
10053580
10053582
10053584
10053585
10053586
10053587
10053588
10053589
10053591
10053598
10053600
10053601
10053602
10053603
10053604
10053606
10053607
10053608
10053609
10053619
10053620
10053621
10053622
10053624
10053627
10053628
10053629
10053630
10053631
10053634
10053635
10053636
10053637
10053638
10053639
10053640
10053641
10053642
10053643
10053648
10053650
10053653
10053654
10053655
10053658
10053659
10053660
10053661
10053662
10053663
10053664
10053665
10053666
10053667
10053668
10053670
10053672
10053673
10053674
10053684
10053685
10053689
10053690
10053691
10053692
10053693
10053694
10053695
10053697
10053698
10053699
10053700
10053704
10053705
10053708
10053709
10053714
10053715
10053716
10053717
10053718
10053719
10053720
10053721
10053722
10053724
10053727
10053729
10053732
10053733
10053735
10053740
10053741
10053742
10053743
10053744
10053745
10053746
10053747
10053748
10053749
10053750
10053755
10053756
10053757
10053761
10053763
10053764
10053772
10053773
10053774
10053776
10053777
10053778
10053779
10053780
10053781
10053782
10053784
10053787
10053789
10053790
10053793
10053796
10053800
10053802
10053803
10053804
10053805
10053806
10053807
10053808
10053809
10053810
10053811
10053815
10053817
10053818
10053819
10053820
10053821
10053822
10053823
10053825
10053827
10053828
10053829
10053835
10053836
10053837
10053838
10053839
10053840
10053846
10053850
10053851
10053852
10053853
10053854
10053855
10053856
10053857
10053858
10053859
10053861
10053862
10053864
10053870
10053871
10053872
10053873
10053874
10053875
10053876
10053877
10053878
10053879
10053880
10053885
10053887
10053888
10053891
10053892
10053893
10053894
10053895
10053896
10053897
10053898
10053899
10053900
10053901
10053902
10053903
10053904
10053905
10053907
10053908
10053909
10053910
10053911
10053914
10053915
10053916
10053917
10053918
10053919
10053920
10053921
10053922
10053924
10053925
10053927
10053928
10053929
10053930
10053938
10053939
10053940
10053941
10053942
10053943
10053944
10053949
10053950
10053951
10053952
10053954
10053955
10053956
10053958
10053959
10053960
10053961
10053964
10053966
10053967
10053968
10053969
10053970
10053971
10053972
10053973
10053974
10053975
10053976
10053978
10053979
10053980
10053981
10053983
10053985
10053986
10053987
10053988
10053997
10053998
10053999
10054000
10054001
10054002
10054003
10054004
10054005
10054006
10054007
10054008
10054009
10054010
10054030
10054031
10054032
10054033
10054034
10054036
10054046
10054047
10054049
10054050
10054051
10054052
10054053
10054054
10054055
10054056
10054057
10054062
10054063
10054064
10054065
10054066
10054067
10054068
10054069
10054070
10054071
10054072
10054073
10054074
10054075
10054076
10054077
10054078
10054079
10054082
10054090
10054091
10054092
10054093
10054094
10054095
10054096
10054098
10054102
10054103
10054104
10054105
10054106
10054108
10054111
10054112
10054113
10054116
10054120
10054121
10054122
10054123
10054124
10054125
10054126
10054127
10054132
10054133
10054135
10054136
10054137
10054138
10054140
10054142
10054143
10054144
10054146
10054147
10054148
10054153
10054154
10054155
10054156
10054157
10054158
10054159
10054160
10054166
10054167
10054168
10054169
10054170
10054171
10054172
10054173
10054185
10054186
10054187
10054188
10054189
10054190
10054193
10054194
10054196
10054199
10054200
10054201
10054203
10054205
10054206
10054207
10054208
10054209
10054210
10054211
10054212
10054213
10054214
10054215
10054216
10054217
10054219
10054220
10054221
10054223
10054225
10054226
10054228
10054229
10054230
10054231
10054232
10054233
10054235
10054236
10054241
10054242
10054247
10054248
10054249
10054250
10054251
10054252
10054253
10054254
10054255
10054256
10054257
10054258
10054259
10054260
10054262
10054263
10054264
10054265
10054266
10054267
10054268
10054269
10054270
10054271
10054272
10054273
10054274
10054275
10054276
10054279
10054281
10054287
10054288
10054289
10054290
10054291
10054292
10054293
10054294
10054295
10054296
10054297
10054298
10054301
10054302
10054303
10054304
10054305
10054306
10054309
10054310
10054311
10054312
10054313
10054314
10054318
10054319
10054320
10054323
10054324
10054325
10054326
10054327
10054328
10054329
10054330
10054332
10054333
10054335
10054336
10054337
10054339
10054340
10054341
10054342
10054343
10054344
10054345
10054346
10054347
10054348
10054349
10054350
10054351
10054355
10054356
10054357
10054358
10054359
10054360
10054361
10054362
10054363
10054364
10054365
10054366
10054367
10054368
10054369
10054370
10054371
10054374
10054379
10054380
10054381
10054382
10054383
10054384
10054385
10054386
10054387
10054388
10054389
10054390
10054391
10054393
10054394
10054397
10054398
10054400
10054401
10054402
10054403
10054404
10054405
10054406
10054407
10054408
10054411
10054415
10054416
10054418
10054420
10054421
10054422
10054423
10054424
10054425
10054426
10054429
10054430
10054432
10054433
10054435
10054436
10054437
10054438
10054439
10054440
10054441
10054442
10054443
10054444
10054447
10054448
10054449
10054450
10054451
10054452
10054453
10054454
10054456
10054457
10054458
10054459
10054460
10054461
10054462
10054463
10054464
10054465
10054466
10054467
10054468
10054472
10054473
10054476
10054479
10054480
10054481
10054482
10054483
10054484
10054485
10054486
10054487
10054488
10054489
10054490
10054494
10054496
10054497
10054498
10054499
10054500
10054502
10054503
10054504
10054506
10054510
10054513
10054514
10054515
10054516
10054517
10054518
10054519
10054520
10054521
10054523
10054524
10054525
10054526
10054527
10054528
10054529
10054530
10054531
10054532
10054533
10054536
10054543
10054544
10054545
10054546
10054547
10054548
10054549
10054551
10054553
10054555
10054562
10054563
10054564
10054565
10054566
10054569
10054570
10054571
10054572
10054573
10054574
10054575
10054576
10054577
10054578
10054579
10054580
10054581
10054582
10054588
10054589
10054590
10054591
10054592
10054593
10054594
10054595
10054596
10054597
10054601
10054604
10054605
10054606
10054607
10054608
10054609
10054616
10054622
10054623
10054624
10054626
10054627
10054628
10054629
10054630
10054631
10054632
10054633
10054634
10054637
10054638
10054639
10054641
10054642
10054643
10054645
10054646
10054648
10054649
10054651
10054655
10054657
10054660
10054661
10054662
10054663
10054665
10054666
10054667
10054668
10054669
10054670
10054671
10054672
10054674
10054675
10054676
10054678
10054679
10054680
10054681
10054682
10054684
10054685
10054687
10054688
10054690
10054693
10054694
10054696
10054699
10054700
10054701
10054702
10054703
10054704
10054705
10054706
10054708
10054709
10054710
10054711
10054712
10054713
10054720
10054721
10054722
10054723
10054725
10054726
10054727
10054730
10054734
10054735
10054736
10054737
10054739
10054740
10054743
10054744
10054745
10054746
10054747
10054750
10054751
10054753
10054754
10054755
10054760
10054762
10054764
10054765
10054766
10054767
10054769
10054770
10054771
10054772
10054773
10054774
10054777
10054779
10054780
10054781
10054782
10054783
10054784
10054785
10054786
10054792
10054796
10054797
10054798
10054800
10054801
10054802
10054803
10054804
10054805
10054806
10054816
10054818
10054819
10054820
10054821
10054822
10054823
10054824
10054825
10054826
10054827
10054828
10054829
10054830
10054831
10054833
10054834
10054835
10054838
10054839
10054840
10054841
10054842
10054843
10054845
10054846
10054847
10054848
10054849
10054851
10054852
10054853
10054854
10054855
10054856
10054857
10054859
10054860
10054861
10054865
10054866
10054867
10054868
10054869
10054870
10054871
10054872
10054873
10054874
10054877
10054878
10054879
10054881
10054883
10054884
10054885
10054886
10054887
10054888
10054889
10054890
10054891
10054892
10054906
10054907
10054908
10054909
10054910
10054911
10054912
10054913
10054914
10054915
10054916
10054917
10054918
10054919
10054920
10054921
10054922
10054923
10054924
10054926
10054927
10054928
10054939
10054940
10054941
10054942
10054943
10054944
10054945
10054947
10054948
10054949
10054952
10054953
10054954
10054955
10054956
10054957
10054958
10054959
10054960
10054961
10054975
10054976
10054977
10054978
10054979
10054980
10055002
10055003
10055004
10055005
10055006
10055007
10055008
10055009
10055010
10055011
10055012
10055013
10055014
10055015
10055016
10055017
10055018
10055019
10055020
10055021
10055022
10055023
10055027
10055028
10055029
10055030
10055031
10055032
10055033
10055034
10055035
10055036
10055037
10055038
10055039
10055040
10055041
10055042
10055043
10055044
10055045
10055046
10055047
10055049
10055050
10055051
10055053
10055054
10055055
10055056
10055057
10055058
10055059
10055061
10055062
10055063
10055064
10055065
10055066
10055067
10055069
10055070
10055071
10055073
10055074
10055075
10055076
10055078
10055079
10055081
10055082
10055083
10055084
10055085
10055086
10055087
10055088
10055089
10055090
10055091
10055092
10055094
10055095
10055096
10055098
10055099
10055100
10055101
10055102
10055103
10055104
10055106
10055107
10055108
10055109
10055110
10055111
10055113
10055118
10055119
10055120
10055123
10055124
10055125
10055126
10055127
10055128
10055129
10055130
10055131
10055132
10055133
10055134
10055135
10055139
10055140
10055141
10055142
10055143
10055144
10055145
10055146
10055147
10055148
10055149
10055151
10055152
10055153
10055154
10055155
10055156
10055157
10055159
10055160
10055165
10055167
10055168
10055171
10055172
10055173
10055174
10055175
10055176
10055177
10055178
10055179
10055180
10055183
10055185
10055188
10055194
10055195
10055196
10055197
10055198
10055199
10055200
10055201
10055205
10055206
10055207
10055208
10055209
10055210
10055211
10055212
10055213
10055214
10055216
10055217
10055218
10055219
10055220
10055221
10055222
10055224
10055226
10055227
10055228
10055229
10055230
10055231
10055232
10055233
10055234
10055235
10055236
10055237
10055238
10055239
10055241
10055242
10055243
10055245
10055246
10055247
10055251
10055252
10055253
10055254
10055255
10055256
10055257
10055258
10055259
10055260
10055261
10055264
10055267
10055268
10055269
10055270
10055271
10055272
10055273
10055274
10055275
10055279
10055283
10055284
10055285
10055286
10055287
10055288
10055289
10055290
10055291
10055293
10055296
10055297
10055298
10055299
10055300
10055301
10055302
10055303
10055304
10055305
10055306
10055307
10055308
10055309
10055310
10055311
10055312
10055313
10055316
10055317
10055318
10055319
10055322
10055323
10055325
10055327
10055328
10055331
10055332
10055333
10055334
10055335
10055336
10055337
10055338
10055339
10055340
10055344
10055348
10055349
10055355
10055356
10055357
10055358
10055359
10055361
10055363
10055364
10055365
10055366
10055368
10055370
10055371
10055372
10055373
10055374
10055376
10055377
10055378
10055380
10055381
10055382
10055383
10055384
10055390
10055393
10055397
10055398
10055399
10055400
10055401
10055403
10055404
10055406
10055407
10055409
10055411
10055412
10055413
10055420
10055421
10055422
10055423
10055424
10055425
10055426
10055427
10055432
10055433
10055435
10055436
10055437
10055440
10055441
10055442
10055453
10055454
10055455
10055456
10055457
10055458
10055459
10055460
10055461
10055462
10055463
10055464
10055468
10055469
10055470
10055471
10055472
10055475
10055476
10055477
10055478
10055479
10055483
10055484
10055485
10055486
10055487
10055488
10055489
10055490
10055491
10055492
10055494
10055496
10055497
10055498
10055499
10055500
10055503
10055504
10055505
10055508
10055509
10055510
10055511
10055512
10055513
10055514
10055515
10055516
10055517
10055518
10055519
10055520
10055521
10055522
10055523
10055524
10055525
10055526
10055527
10055528
10055529
10055531
10055532
10055535
10055536
10055537
10055540
10055541
10055542
10055544
10055545
10055546
10055547
10055548
10055549
10055550
10055551
10055552
10055553
10055554
10055555
10055558
10055559
10055560
10055561
10055562
10055564
10055567
10055568
10055574
10055576
10055577
10055578
10055579
10055584
10055585
10055587
10055588
10055589
10055591
10055594
10055595
10055596
10055597
10055598
10055599
10055600
10055601
10055602
10055605
10055608
10055609
10055613
10055614
10055615
10055616
10055617
10055618
10055620
10055622
10055623
10055624
10055625
10055627
10055628
10055629
10055630
10055631
10055632
10055633
10055634
10055635
10055638
10055639
10055640
10055641
10055643
10055644
10055645
10055646
10055648
10055649
10055650
10055651
10055652
10055653
10055654
10055655
10055656
10055657
10055658
10055661
10055662
10055663
10055665
10055666
10055667
10055668
10055669
10055670
10055671
10055672
10055673
10055674
10055675
10055676
10055677
10055678
10055682
10055683
10055684
10055686
10055687
10055688
10055690
10055691
10055695
10055696
10055697
10055698
10055699
10055700
10055702
10055705
10055706
10055707
10055708
10055709
10055710
10055711
10055712
10055713
10055714
10055715
10055716
10055717
10055718
10055719
10055720
10055721
10055722
10055723
10055724
10055725
10055726
10055727
10055728
10055730
10055732
10055735
10055736
10055738
10055739
10055740
10055741
10055742
10055743
10055744
10055745
10055747
10055748
10055750
10055751
10055752
10055753
10055754
10055759
10055760
10055762
10055763
10055764
10055765
10055766
10055767
10055768
10055769
10055770
10055771
10055772
10055775
10055776
10055777
10055779
10055781
10055782
10055783
10055784
10055785
10055786
10055787
10055789
10055790
10055791
10055793
10055794
10055795
10055796
10055797
10055798
10055799
10055800
10055801
10055802
10055803
10055804
10055805
10055808
10055809
10055810
10055811
10055812
10055813
10055818
10055820
10055821
10055822
10055823
10055824
10055825
10055826
10055827
10055828
10055829
10055830
10055832
10055833
10055835
10055836
10055837
10055838
10055840
10055841
10055842
10055843
10055844
10055845
10055846
10055847
10055848
10055849
10055850
10055852
10055853
10055854
10055855
10055856
10055857
10055858
10055859
10055860
10055861
10055862
10055863
10055864
10055865
10055866
10055867
10055868
10055869
10055871
10055872
10055873
10055874
10055875
10055876
10055878
10055879
10055880
10055881
10055882
10055884
10055885
10055886
10055887
10055888
10055892
10055893
10055894
10055895
10055896
10055897
10055898
10055899
10055900
10055901
10055902
10055903
10055905
10055906
10055909
10055910
10055911
10055912
10055913
10055914
10055915
10055916
10055917
10055918
10055919
10055920
10055922
10055923
10055924
10055925
10055927
10055928
10055929
10055931
10055932
10055933
10055934
10055935
10055936
10055938
10055939
10055942
10055943
10055944
10055945
10055946
10055947
10055950
10055951
10055952
10055953
10055955
10055956
10055957
10055958
10055959
10055960
10055962
10055963
10055964
10055965
10055969
10055970
10055971
10055972
10055973
10055974
10055975
10055976
10055977
10055978
10055979
10055980
10055981
10055982
10055983
10055984
10055985
10055986
10055987
10055988
10055989
10055990
10055991
10055992
10055996
10055997
10055998
10056000
10056001
10056002
10056004
10056005
10056006
10056007
10056008
10056009
10056010
10056011
10056012
10056014
10056015
10056016
10056017
10056018
10056019
10056020
10056021
10056023
10056024
10056025
10056027
10056028
10056030
10056031
10056032
10056033
10056034
10056035
10056036
10056037
10056038
10056039
10056043
10056044
10056045
10056046
10056047
10056048
10056049
10056051
10056052
10056053
10056054
10056056
10056057
10056058
10056059
10056060
10056061
10056062
10056063
10056064
10056065
10056066
10056067
10056068
10056069
10056070
10056071
10056074
10056075
10056076
10056079
10056080
10056081
10056082
10056083
10056084
10056085
10056086
10056087
10056088
10056089
10056090
10056091
10056092
10056093
10056094
10056095
10056096
10056097
10056098
10056099
10056104
10056105
10056106
10056107
10056108
10056110
10056111
10056112
10056113
10056114
10056118
10056119
10056120
10056121
10056122
10056123
10056124
10056125
10056126
10056127
10056128
10056129
10056130
10056131
10056135
10056136
10056137
10056138
10056141
10056142
10056143
10056144
10056145
10056146
10056147
10056148
10056149
10056150
10056151
10056152
10056153
10056154
10056155
10056156
10056157
10056159
10056160
10056162
10056163
10056164
10056165
10056166
10056167
10056171
10056172
10056173
10056174
10056175
10056177
10056178
10056179
10056180
10056181
10056182
10056183
10056184
10056185
10056187
10056189
10056190
10056191
10056192
10056193
10056194
10056195
10056198
10056199
10056200
10056201
10056202
10056203
10056204
10056205
10056206
10056207
10056208
10056209
10056210
10056211
10056212
10056213
10056215
10056216
10056217
10056218
10056219
10056220
10056222
10056223
10056224
10056225
10056226
10056227
10056228
10056230
10056231
10056232
10056233
10056234
10056236
10056237
10056238
10056239
10056240
10056241
10056242
10056243
10056244
10056245
10056246
10056249
10056250
10056252
10056253
10056254
10056255
10056256
10056257
10056258
10056259
10056260
10056261
10056262
10056264
10056266
10056267
10056269
10056270
10056271
10056272
10056273
10056274
10056275
10056276
10056277
10056278
10056279
10056280
10056281
10056283
10056284
10056285
10056287
10056288
10056289
10056290
10056291
10056292
10056293
10056294
10056295
10056296
10056297
10056298
10056299
10056300
10056301
10056302
10056303
10056306
10056307
10056308
10056309
10056311
10056312
10056313
10056314
10056315
10056316
10056319
10056320
10056321
10056322
10056326
10056327
10056329
10056330
10056331
10056337
10056338
10056339
10056340
10056341
10056342
10056345
10056346
10056349
10056350
10056351
10056352
10056354
10056355
10056356
10056357
10056358
10056359
10056360
10056361
10056362
10056363
10056365
10056366
10056367
10056368
10056369
10056370
10056371
10056372
10056373
10056376
10056377
10056378
10056379
10056380
10056381
10056382
10056383
10056384
10056388
10056389
10056390
10056391
10056392
10056393
10056394
10056395
10056396
10056399
10056400
10056403
10056405
10056406
10056407
10056408
10056409
10056413
10056414
10056415
10056416
10056417
10056418
10056419
10056420
10056421
10056422
10056423
10056424
10056425
10056426
10056427
10056428
10056430
10056431
10056434
10056436
10056437
10056438
10056443
10056444
10056445
10056446
10056447
10056448
10056449
10056450
10056451
10056454
10056455
10056456
10056457
10056458
10056459
10056460
10056461
10056462
10056463
10056464
10056465
10056466
10056467
10056468
10056469
10056470
10056471
10056472
10056473
10056475
10056476
10056478
10056480
10056481
10056482
10056483
10056484
10056485
10056486
10056487
10056488
10056489
10056490
10056491
10056492
10056494
10056495
10056496
10056497
10056499
10056500
10056501
10056502
10056505
10056506
10056507
10056508
10056510
10056511
10056512
10056513
10056514
10056515
10056516
10056517
10056518
10056519
10056520
10056522
10056523
10056524
10056525
10056526
10056527
10056528
10056529
10056530
10056531
10056532
10056533
10056534
10056535
10056537
10056538
10056539
10056540
10056541
10056542
10056543
10056544
10056546
10056547
10056548
10056549
10056550
10056551
10056552
10056553
10056558
10056560
10056562
10056563
10056564
10056565
10056566
10056567
10056571
10056572
10056573
10056574
10056575
10056576
10056577
10056579
10056580
10056581
10056582
10056583
10056584
10056585
10056586
10056587
10056588
10056589
10056591
10056594
10056595
10056596
10056597
10056598
10056599
10056600
10056601
10056602
10056603
10056604
10056605
10056606
10056607
10056608
10056609
10056610
10056611
10056613
10056614
10056615
10056616
10056617
10056618
10056619
10056620
10056621
10056622
10056623
10056624
10056625
10056626
10056627
10056628
10056629
10056630
10056631
10056632
10056633
10056634
10056635
10056636
10056637
10056639
10056640
10056641
10056642
10056643
10056644
10056645
10056646
10056647
10056648
10056649
10056651
10056652
10056653
10056654
10056656
10056657
10056658
10056659
10056660
10056661
10056663
10056665
10056666
10056667
10056668
10056669
10056670
10056671
10056672
10056673
10056675
10056678
10056679
10056680
10056681
10056683
10056684
10056685
10056686
10056687
10056688
10056689
10056690
10056691
10056692
10056693
10056694
10056695
10056696
10056697
10056698
10056702
10056703
10056704
10056705
10056706
10056707
10056708
10056709
10056710
10056711
10056712
10056716
10056717
10056718
10056719
10056720
10056721
10056722
10056723
10056724
10056727
10056728
10056729
10056730
10056731
10056732
10056733
10056734
10056736
10056737
10056738
10056739
10056741
10056742
10056743
10056744
10056745
10056746
10056747
10056749
10056751
10056752
10056757
10056758
10056760
10056761
10056762
10056763
10056764
10056765
10056766
10056767
10056769
10056770
10056771
10056772
10056773
10056774
10056775
10056776
10056777
10056778
10056779
10056780
10056783
10056784
10056786
10056787
10056788
10056789
10056790
10056791
10056792
10056793
10056794
10056795
10056796
10056797
10056798
10056800
10056801
10056802
10056803
10056804
10056806
10056807
10056808
10056811
10056812
10056813
10056814
10056815
10056816
10056817
10056818
10056819
10056820
10056822
10056823
10056824
10056826
10056830
10056832
10056833
10056834
10056835
10056836
10056837
10056838
10056839
10056840
10056841
10056842
10056843
10056846
10056849
10056850
10056851
10056852
10056853
10056854
10056855
10056856
10056859
10056860
10056861
10056862
10056863
10056864
10056865
10056866
10056867
10056868
10056869
10056873
10056874
10056876
10056877
10056878
10056879
10056880
10056881
10056882
10056883
10056884
10056885
10056886
10056887
10056888
10056889
10056891
10056892
10056893
10056894
10056895
10056896
10056897
10056898
10056899
10056900
10056901
10056904
10056905
10056906
10056907
10056908
10056909
10056910
10056911
10056912
10056915
10056917
10056918
10056919
10056920
10056921
10056922
10056923
10056924
10056925
10056926
10056927
10056928
10056929
10056930
10056931
10056935
10056936
10056937
10056938
10056939
10056940
10056941
10056942
10056943
10056945
10056946
10056948
10056949
10056950
10056951
10056952
10056953
10056954
10056955
10056956
10056957
10056958
10056959
10056960
10056961
10056962
10056963
10056964
10056966
10056967
10056968
10056969
10056970
10056972
10056973
10056974
10056977
10056979
10056980
10056981
10056982
10056983
10056985
10056987
10056988
10056989
10056991
10056992
10056993
10056994
10056995
10056996
10056997
10056998
10056999
10057000
10057001
10057003
10057004
10057006
10057007
10057008
10057009
10057010
10057011
10057012
10057013
10057014
10057018
10057019
10057020
10057021
10057022
10057023
10057024
10057025
10057026
10057027
10057030
10057031
10057035
10057038
10057039
10057040
10057041
10057042
10057043
10057044
10057045
10057046
10057047
10057048
10057049
10057051
10057052
10057053
10057054
10057055
10057056
10057059
10057062
10057063
10057064
10057065
10057066
10057067
10057068
10057069
10057070
10057072
10057073
10057075
10057076
10057077
10057078
10057079
10057080
10057081
10057082
10057083
10057084
10057086
10057087
10057088
10057089
10057090
10057091
10057092
10057093
10057094
10057095
10057096
10057097
10057098
10057099
10057100
10057101
10057102
10057103
10057104
10057105
10057106
10057107
10057108
10057109
10057110
10057111
10057112
10057113
10057115
10057117
10057118
10057122
10057123
10057124
10057125
10057126
10057129
10057133
10057134
10057135
10057136
10057140
10057141
10057142
10057143
10057144
10057145
10057146
10057147
10057148
10057149
10057150
10057151
10057152
10057153
10057154
10057155
10057156
10057162
10057163
10057164
10057165
10057166
10057167
10057168
10057169
10057170
10057171
10057172
10057173
10057175
10057176
10057177
10057178
10057179
10057180
10057182
10057183
10057184
10057185
10057186
10057188
10057189
10057190
10057191
10057193
10057194
10057196
10057198
10057199
10057200
10057201
10057202
10057203
10057205
10057208
10057209
10057210
10057211
10057212
10057213
10057214
10057216
10057217
10057218
10057219
10057220
10057222
10057223
10057224
10057225
10057226
10057227
10057228
10057229
10057230
10057233
10057234
10057235
10057236
10057237
10057238
10057239
10057240
10057242
10057243
10057244
10057245
10057246
10057247
10057248
10057249
10057250
10057251
10057252
10057253
10057254
10057255
10057256
10057258
10057259
10057260
10057261
10057262
10057263
10057264
10057265
10057266
10057267
10057268
10057269
10057272
10057274
10057275
10057276
10057277
10057278
10057279
10057280
10057281
10057282
10057283
10057284
10057285
10057286
10057287
10057288
10057289
10057290
10057291
10057292
10057293
10057294
10057295
10057296
10057297
10057298
10057299
10057300
10057301
10057302
10057303
10057304
10057305
10057306
10057309
10057311
10057312
10057313
10057314
10057315
10057316
10057317
10057318
10057319
10057320
10057321
10057322
10057323
10057324
10057325
10057326
10057327
10057328
10057329
10057330
10057331
10057332
10057333
10057334
10057335
10057336
10057337
10057338
10057339
10057340
10057341
10057343
10057344
10057345
10057346
10057348
10057349
10057350
10057351
10057352
10057353
10057354
10057355
10057357
10057358
10057359
10057360
10057362
10057363
10057364
10057365
10057366
10057367
10057368
10057369
10057371
10057372
10057373
10057374
10057375
10057376
10057377
10057378
10057379
10057380
10057381
10057383
10057384
10057385
10057386
10057387
10057388
10057389
10057390
10057391
10057392
10057393
10057394
10057396
10057397
10057398
10057399
10057401
10057402
10057403
10057404
10057405
10057406
10057407
10057408
10057409
10057410
10057411
10057412
10057413
10057414
10057415
10057416
10057418
10057420
10057421
10057422
10057423
10057424
10057425
10057426
10057427
10057428
10057429
10057430
10057431
10057432
10057433
10057434
10057435
10057437
10057438
10057439
10057440
10057441
10057442
10057443
10057444
10057445
10057446
10057447
10057448
10057449
10057450
10057451
10057452
10057453
10057454
10057455
10057456
10057457
10057458
10057459
10057460
10057461
10057462
10057463
10057464
10057465
10057466
10057467
10057468
10057469
10057470
10057471
10057472
10057473
10057474
10057475
10057476
10057477
10057478
10057479
10057480
10057481
10057482
10057483
10057484
10057485
10057486
10057487
10057488
10057489
10057490
10057491
10057492
10057493
10057494
10057495
10057496
10057497
10057498
10057499
10057500
10057501
10057502
10057503
10057504
10057505
10057506
10057507
10057508
10057509
10057510
10057511
10057512
10057513
10057514
10057515
10057516
10057517
10057518
10057519
10057520
10057521
10057522
10057523
10057524
10057525
10057526
10057527
10057528
10057529
10057531
10057532
10057533
10057534
10057535
10057536
10057537
10057538
10057539
10057540
10057541
10057542
10057543
10057544
10057545
10057546
10057547
10057548
10057549
10057550
10057551
10057552
10057553
10057554
10057555
10057556
10057557
10057558
10057559
10057560
10057561
10057562
10057563
10057564
10057565
10057566
10057567
10057568
10057569
10057570
10057571
10057572
10057573
10057574
10057575
10057576
10057577
10057578
10057579
10057581
10057582
10057583
10057584
10057585
10057586
10057587
10057588
10057589
10057590
10057591
10057592
10057593
10057594
10057595
10057596
10057597
10057598
10057599
10057600
10057601
10057602
10057603
10057604
10057605
10057606
10057607
10057608
10057609
10057610
10057611
10057612
10057613
10057614
10057615
10057616
10057617
10057618
10057619
10057620
10057621
10057622
10057623
10057624
10057625
10057626
10057627
10057628
10057629
10057630
10057631
10057632
10057633
10057634
10057635
10057636
10057637
10057638
10057639
10057640
10057641
10057642
10057643
10057644
10057645
10057646
10057647
10057648
10057649
10057650
10057651
10057652
10057653
10057654
10057655
10057656
10057657
10057658
10057659
10057660
10057661
10057662
10057663
10057664
10057665
10057666
10057667
10057668
10057669
10057670
10057671
10057673
10057674
10057676
10057677
10057678
10057679
10057680
10057681
10057682
10057683
10057684
10057685
10057686
10057687
10057688
10057689
10057690
10057691
10057692
10057693
10057694
10057695
10057696
10057697
10057698
10057699
10057700
10057701
10057702
10057703
10057704
10057705
10057706
10057707
10057708
10057709
10057710
10057711
10057712
10057713
10057714
10057715
10057716
10057717
10057718
10057719
10057720
10057721
10057722
10057723
10057724
10057725
10057726
10057727
10057728
10057729
10057730
10057731
10057732
10057733
10057734
10057735
10057736
10057737
10057738
10057739
10057740
10057741
10057742
10057743
10057744
10057745
10057746
10057747
10057748
10057749
10057750
10057751
10057752
10057753
10057754
10057755
10057756
10057757
10057758
10057759
10057760
10057761
10057762
10057763
10057764
10057765
10057767
10057768
10057769
10057770
10057771
10057772
10057773
10057774
10057775
10057776
10057777
10057778
10057779
10057780
10057781
10057782
10057783
10057784
10057785
10057786
10057787
10057788
10057789
10057790
10057792
10057793
10057794
10057795
10057796
10057797
10057798
10057799
10057800
10057801
10057802
10057803
10057804
10057805
10057806
10057807
10057808
10057809
10057810
10057811
10057812
10057813
10057814
10057815
10057816
10057817
10057818
10057819
10057820
10057821
10057822
10057823
10057825
10057826
10057827
10057828
10057829
10057830
10057831
10057832
10057833
10057834
10057835
10057836
10057837
10057838
10057839
10057840
10057841
10057842
10057843
10057844
10057845
10057847
10057848
10057849
10057850
10057851
10057852
10057853
10057855
10057856
10057857
10057858
10057859
10057860
10057861
10057862
10057863
10057864
10057865
10057866
10057867
10057868
10057869
10057870
10057871
10057872
10057873
10057874
10057875
10057876
10057877
10057878
10057879
10057880
10057881
10057882
10057883
10057884
10057885
10057886
10057888
10057889
10057890
10057891
10057892
10057893
10057894
10057895
10057896
10057897
10057898
10057899
10057900
10057901
10057902
10057903
10057904
10057905
10057906
10057907
10057908
10057909
10057910
10057911
10057912
10057913
10057914
10057916
10057917
10057918
10057919
10057920
10057921
10057922
10057923
10057924
10057925
10057927
10057928
10057929
10057930
10057931
10057932
10057933
10057934
10057935
10057936
10057937
10057938
10057939
10057940
10057941
10057942
10057943
10057944
10057945
10057947
10057948
10057950
10057951
10057952
10057953
10057954
10057955
10057956
10057957
10057958
10057959
10057960
10057961
10057962
10057963
10057964
10057965
10057966
10057967
10057969
10057970
10057971
10057972
10057973
10057974
10057975
10057976
10057977
10057978
10057979
10057980
10057981
10057982
10057983
10057984
10057985
10057986
10057987
10057988
10057990
10057992
10057993
10057994
10057996
10057997
10057998
10057999
10058000
10058001
10058002
10058003
10058004
10058005
10058006
10058007
10058008
10058009
10058010
10058011
10058012
10058013
10058014
10058015
10058016
10058017
10058018
10058019
10058020
10058021
10058022
10058023
10058024
10058025
10058026
10058027
10058028
10058029
10058030
10058031
10058032
10058033
10058034
10058036
10058037
10058038
10058039
10058040
10058041
10058042
10058043
10058044
10058045
10058049
10058051
10058052
10058053
10058054
10058055
10058056
10058057
10058058
10058059
10058060
10058061
10058062
10058063
10058064
10058065
10058067
10058068
10058069
10058070
10058071
10058072
10058073
10058074
10058075
10058076
10058077
10058079
10058080
10058081
10058083
10058084
10058085
10058086
10058087
10058088
10058091
10058092
10058093
10058094
10058095
10058096
10058097
10058098
10058099
10058100
10058101
10058102
10058103
10058104
10058105
10058106
10058107
10058109
10058110
10058111
10058113
10058114
10058115
10058116
10058117
10058118
10058119
10058120
10058121
10058122
10058123
10058124
10058125
10058126
10058127
10058129
10058130
10058131
10058132
10058133
10058134
10058135
10058137
10058138
10058139
10058140
10058141
10058142
10058145
10058146
10058147
10058149
10058151
10058152
10058153
10058157
10058158
10058159
10058160
10058161
10058162
10058163
10058164
10058165
10058166
10058167
10058168
10058169
10058170
10058171
10058172
10058173
10058174
10058175
10058176
10058177
10058178
10058179
10058180
10058181
10058182
10058184
10058186
10058187
10058188
10058189
10058190
10058191
10058192
10058193
10058194
10058195
10058196
10058197
10058198
10058199
10058200
10058201
10058202
10058203
10058204
10058205
10058206
10058207
10058208
10058209
10058210
10058211
10058212
10058213
10058214
10058215
10058216
10058217
10058218
10058219
10058221
10058222
10058223
10058224
10058225
10058226
10058227
10058228
10058229
10058230
10058231
10058232
10058233
10058234
10058235
10058236
10058237
10058238
10058239
10058240
10058241
10058242
10058244
10058246
10058247
10058248
10058249
10058250
10058251
10058252
10058253
10058254
10058255
10058256
10058257
10058260
10058261
10058262
10058263
10058264
10058265
10058266
10058267
10058268
10058269
10058271
10058272
10058273
10058274
10058276
10058277
10058278
10058279
10058280
10058281
10058282
10058283
10058284
10058285
10058286
10058287
10058288
10058289
10058290
10058291
10058292
10058293
10058294
10058295
10058297
10058298
10058299
10058301
10058302
10058303
10058304
10058307
10058308
10058309
10058310
10058311
10058312
10058313
10058314
10058315
10058316
10058317
10058318
10058319
10058320
10058321
10058322
10058323
10058325
10058326
10058327
10058328
10058329
10058330
10058331
10058332
10058333
10058334
10058335
10058336
10058337
10058338
10058339
10058340
10058341
10058342
10058343
10058345
10058346
10058347
10058348
10058349
10058350
10058351
10058352
10058353
10058354
10058355
10058356
10058357
10058358
10058359
10058360
10058361
10058362
10058363
10058364
10058365
10058366
10058367
10058368
10058369
10058370
10058371
10058372
10058373
10058374
10058375
10058376
10058377
10058379
10058380
10058381
10058382
10058383
10058384
10058385
10058386
10058387
10058388
10058389
10058390
10058391
10058392
10058393
10058394
10058395
10058396
10058397
10058398
10058399
10058400
10058401
10058402
10058404
10058405
10058406
10058408
10058410
10058411
10058412
10058413
10058414
10058415
10058416
10058417
10058418
10058419
10058420
10058421
10058422
10058423
10058424
10058425
10058426
10058428
10058429
10058430
10058431
10058432
10058433
10058434
10058435
10058436
10058437
10058438
10058439
10058440
10058441
10058442
10058443
10058444
10058445
10058446
10058447
10058448
10058449
10058450
10058451
10058452
10058453
10058454
10058455
10058456
10058457
10058458
10058459
10058460
10058461
10058463
10058464
10058466
10058467
10058468
10058470
10058471
10058472
10058473
10058474
10058475
10058476
10058478
10058479
10058481
10058482
10058483
10058484
10058485
10058486
10058487
10058488
10058489
10058490
10058491
10058492
10058493
10058494
10058495
10058496
10058498
10058499
10058500
10058501
10058502
10058503
10058504
10058505
10058506
10058507
10058508
10058509
10058511
10058512
10058513
10058514
10058515
10058516
10058517
10058518
10058519
10058520
10058521
10058522
10058523
10058524
10058525
10058526
10058527
10058528
10058529
10058530
10058531
10058532
10058533
10058534
10058535
10058536
10058537
10058538
10058539
10058540
10058541
10058542
10058543
10058544
10058545
10058548
10058549
10058550
10058551
10058552
10058553
10058554
10058555
10058556
10058557
10058558
10058559
10058560
10058561
10058562
10058563
10058564
10058565
10058566
10058567
10058568
10058569
10058570
10058571
10058572
10058573
10058574
10058575
10058576
10058577
10058578
10058579
10058580
10058581
10058582
10058583
10058585
10058586
10058587
10058588
10058589
10058590
10058591
10058592
10058593
10058594
10058595
10058596
10058597
10058598
10058599
10058600
10058601
10058602
10058603
10058604
10058605
10058606
10058607
10058608
10058609
10058610
10058611
10058612
10058613
10058614
10058615
10058616
10058617
10058619
10058620
10058621
10058622
10058623
10058624
10058625
10058626
10058627
10058628
10058629
10058630
10058631
10058632
10058633
10058634
10058635
10058636
10058637
10058638
10058639
10058640
10058641
10058642
10058643
10058644
10058645
10058646
10058647
10058648
10058649
10058650
10058651
10058652
10058653
10058654
10058655
10058657
10058658
10058659
10058660
10058661
10058662
10058664
10058665
10058666
10058667
10058668
10058669
10058671
10058672
10058673
10058674
10058675
10058676
10058677
10058678
10058679
10058680
10058681
10058682
10058683
10058684
10058685
10058686
10058687
10058688
10058689
10058690
10058691
10058692
10058693
10058694
10058695
10058696
10058697
10058698
10058699
10058700
10058701
10058702
10058703
10058704
10058705
10058706
10058707
10058708
10058709
10058710
10058711
10058712
10058713
10058714
10058715
10058716
10058717
10058718
10058719
10058720
10058721
10058722
10058723
10058724
10058725
10058726
10058727
10058728
10058729
10058730
10058731
10058732
10058733
10058734
10058735
10058736
10058737
10058738
10058739
10058741
10058742
10058743
10058744
10058745
10058746
10058747
10058748
10058749
10058750
10058751
10058752
10058753
10058754
10058755
10058756
10058757
10058758
10058759
10058760
10058761
10058762
10058763
10058764
10058766
10058767
10058768
10058769
10058771
10058772
10058773
10058774
10058775
10058776
10058777
10058778
10058779
10058780
10058781
10058782
10058784
10058785
10058786
10058787
10058788
10058789
10058790
10058791
10058792
10058793
10058794
10058795
10058796
10058797
10058798
10058799
10058800
10058801
10058802
10058803
10058806
10058807
10058808
10058809
10058810
10058814
10058815
10058816
10058817
10058818
10058819
10058820
10058821
10058822
10058823
10058824
10058825
10058826
10058827
10058828
10058829
10058830
10058831
10058832
10058833
10058834
10058835
10058836
10058837
10058838
10058839
10058840
10058841
10058842
10058843
10058844
10058845
10058846
10058847
10058849
10058850
10058851
10058852
10058854
10058855
10058857
10058858
10058859
10058860
10058861
10058862
10058863
10058864
10058865
10058866
10058867
10058868
10058869
10058870
10058871
10058872
10058873
10058874
10058875
10058876
10058879
10058880
10058881
10058882
10058883
10058885
10058886
10058887
10058888
10058889
10058890
10058891
10058892
10058893
10058894
10058895
10058896
10058897
10058898
10058899
10058900
10058901
10058902
10058904
10058905
10058906
10058907
10058908
10058909
10058910
10058913
10058915
10058916
10058917
10058918
10058919
10058920
10058921
10058922
10058923
10058924
10058925
10058926
10058927
10058928
10058930
10058931
10058932
10058933
10058934
10058935
10058936
10058937
10058938
10058939
10058940
10058941
10058942
10058943
10058944
10058945
10058946
10058947
10058948
10058951
10058952
10058953
10058954
10058955
10058956
10058957
10058958
10058959
10058960
10058961
10058962
10058963
10058966
10058967
10058968
10058969
10058970
10058971
10058972
10058973
10058974
10058975
10058976
10058977
10058978
10058979
10058980
10058981
10058982
10058983
10058984
10058985
10058986
10058987
10058988
10058989
10058990
10058991
10058992
10058993
10058994
10058995
10058996
10058997
10058998
10058999
10059000
10059001
10059002
10059003
10059004
10059005
10059006
10059007
10059008
10059009
10059010
10059011
10059012
10059013
10059014
10059015
10059016
10059017
10059018
10059019
10059020
10059021
10059022
10059023
10059025
10059026
10059027
10059028
10059029
10059030
10059031
10059032
10059033
10059035
10059036
10059037
10059038
10059039
10059040
10059041
10059042
10059043
10059044
10059045
10059047
10059048
10059049
10059050
10059051
10059052
10059053
10059054
10059056
10059057
10059058
10059059
10059060
10059061
10059064
10059065
10059066
10059068
10059069
10059070
10059071
10059072
10059073
10059074
10059075
10059076
10059077
10059078
10059079
10059080
10059081
10059082
10059083
10059084
10059085
10059086
10059087
10059088
10059089
10059091
10059092
10059093
10059094
10059096
10059097
10059098
10059099
10059100
10059103
10059104
10059106
10059107
10059108
10059109
10059110
10059111
10059112
10059113
10059114
10059115
10059116
10059117
10059119
10059120
10059121
10059122
10059123
10059124
10059125
10059127
10059128
10059129
10059130
10059131
10059132
10059133
10059134
10059135
10059136
10059137
10059138
10059139
10059140
10059141
10059142
10059143
10059144
10059145
10059146
10059147
10059148
10059149
10059150
10059151
10059152
10059153
10059154
10059155
10059156
10059157
10059158
10059159
10059160
10059161
10059162
10059163
10059164
10059165
10059166
10059167
10059168
10059169
10059170
10059171
10059172
10059173
10059174
10059175
10059176
10059178
10059179
10059180
10059181
10059182
10059183
10059184
10059185
10059186
10059187
10059188
10059189
10059190
10059191
10059192
10059193
10059194
10059195
10059196
10059197
10059198
10059199
10059200
10059201
10059202
10059203
10059204
10059205
10059206
10059207
10059208
10059209
10059210
10059211
10059212
10059213
10059216
10059218
10059219
10059220
10059223
10059224
10059225
10059226
10059227
10059228
10059229
10059230
10059231
10059232
10059233
10059234
10059235
10059236
10059237
10059238
10059239
10059240
10059241
10059242
10059243
10059244
10059245
10059246
10059247
10059248
10059249
10059250
10059251
10059252
10059253
10059254
10059255
10059256
10059257
10059258
10059259
10059260
10059261
10059262
10059263
10059264
10059265
10059266
10059267
10059268
10059269
10059270
10059271
10059272
10059273
10059274
10059275
10059276
10059277
10059278
10059279
10059280
10059281
10059282
10059283
10059284
10059286
10059287
10059288
10059289
10059290
10059291
10059292
10059293
10059294
10059295
10059296
10059297
10059298
10059299
10059300
10059301
10059302
10059303
10059304
10059306
10059307
10059308
10059309
10059310
10059311
10059312
10059314
10059315
10059316
10059317
10059318
10059319
10059320
10059321
10059322
10059324
10059325
10059326
10059327
10059328
10059329
10059330
10059332
10059333
10059334
10059335
10059336
10059337
10059338
10059339
10059340
10059341
10059342
10059343
10059344
10059345
10059346
10059347
10059348
10059349
10059350
10059351
10059352
10059353
10059354
10059355
10059356
10059357
10059358
10059359
10059360
10059361
10059362
10059363
10059365
10059366
10059367
10059368
10059369
10059370
10059371
10059372
10059373
10059374
10059375
10059376
10059377
10059378
10059379
10059380
10059381
10059382
10059383
10059384
10059386
10059387
10059388
10059389
10059390
10059391
10059392
10059393
10059395
10059396
10059397
10059398
10059399
10059400
10059401
10059402
10059403
10059404
10059405
10059406
10059407
10059408
10059409
10059411
10059412
10059413
10059414
10059415
10059416
10059417
10059418
10059419
10059420
10059421
10059422
10059423
10059424
10059425
10059426
10059427
10059428
10059429
10059430
10059431
10059432
10059433
10059434
10059435
10059436
10059438
10059439
10059440
10059441
10059442
10059443
10059444
10059445
10059446
10059447
10059448
10059449
10059450
10059451
10059452
10059453
10059454
10059455
10059456
10059457
10059458
10059459
10059460
10059461
10059462
10059463
10059464
10059465
10059466
10059467
10059468
10059469
10059470
10059471
10059472
10059473
10059474
10059475
10059477
10059478
10059479
10059480
10059481
10059482
10059483
10059484
10059485
10059486
10059487
10059488
10059489
10059490
10059491
10059492
10059493
10059496
10059498
10059499
10059500
10059501
10059502
10059503
10059504
10059505
10059506
10059509
10059511
10059512
10059514
10059515
10059516
10059517
10059518
10059519
10059520
10059521
10059522
10059523
10059524
10059525
10059526
10059527
10059528
10059529
10059530
10059531
10059532
10059533
10059534
10059535
10059536
10059537
10059538
10059539
10059540
10059541
10059542
10059543
10059545
10059546
10059547
10059548
10059549
10059550
10059551
10059552
10059553
10059554
10059555
10059556
10059557
10059558
10059559
10059560
10059561
10059562
10059563
10059564
10059565
10059566
10059567
10059569
10059570
10059571
10059572
10059573
10059574
10059575
10059576
10059577
10059578
10059579
10059580
10059581
10059582
10059583
10059584
10059585
10059586
10059587
10059588
10059589
10059590
10059591
10059592
10059593
10059594
10059595
10059596
10059597
10059599
10059600
10059601
10059602
10059604
10059605
10059606
10059607
10059609
10059610
10059611
10059612
10059613
10059614
10059615
10059616
10059617
10059618
10059619
10059620
10059621
10059623
10059624
10059625
10059626
10059627
10059628
10059629
10059630
10059631
10059632
10059633
10059634
10059636
10059637
10059638
10059639
10059640
10059641
10059642
10059643
10059644
10059645
10059646
10059647
10059648
10059649
10059650
10059651
10059652
10059653
10059655
10059656
10059658
10059659
10059660
10059661
10059662
10059663
10059664
10059665
10059666
10059667
10059668
10059669
10059670
10059671
10059672
10059673
10059674
10059675
10059676
10059678
10059679
10059680
10059681
10059682
10059683
10059684
10059685
10059686
10059687
10059688
10059689
10059690
10059691
10059692
10059693
10059694
10059695
10059696
10059698
10059700
10059702
10059703
10059704
10059705
10059706
10059707
10059708
10059709
10059710
10059711
10059712
10059713
10059714
10059715
10059716
10059717
10059718
10059719
10059720
10059721
10059722
10059723
10059724
10059725
10059726
10059727
10059728
10059729
10059730
10059731
10059732
10059733
10059734
10059735
10059736
10059737
10059738
10059739
10059740
10059741
10059742
10059743
10059744
10059745
10059746
10059747
10059748
10059749
10059750
10059751
10059752
10059753
10059754
10059755
10059756
10059757
10059758
10059759
10059760
10059761
10059762
10059763
10059764
10059765
10059766
10059767
10059768
10059770
10059772
10059773
10059774
10059775
10059777
10059778
10059779
10059780
10059781
10059782
10059783
10059784
10059785
10059786
10059787
10059788
10059789
10059790
10059791
10059792
10059793
10059795
10059796
10059797
10059798
10059799
10059800
10059801
10059802
10059804
10059805
10059806
10059807
10059808
10059810
10059811
10059813
10059814
10059815
10059816
10059817
10059818
10059819
10059820
10059821
10059823
10059824
10059825
10059826
10059827
10059828
10059829
10059830
10059831
10059832
10059833
10059834
10059835
10059836
10059837
10059838
10059839
10059840
10059841
10059842
10059843
10059844
10059845
10059846
10059847
10059848
10059849
10059850
10059851
10059852
10059854
10059855
10059856
10059857
10059858
10059859
10059860
10059861
10059862
10059864
10059865
10059866
10059867
10059868
10059869
10059870
10059871
10059872
10059873
10059874
10059875
10059876
10059877
10059878
10059879
10059880
10059881
10059882
10059883
10059884
10059885
10059886
10059887
10059888
10059889
10059890
10059891
10059892
10059893
10059894
10059895
10059896
10059897
10059898
10059899
10059900
10059901
10059902
10059903
10059904
10059905
10059906
10059908
10059909
10059910
10059911
10059913
10059915
10059916
10059917
10059918
10059919
10059920
10059921
10059922
10059923
10059924
10059925
10059926
10059927
10059929
10059930
10059931
10059932
10059933
10059935
10059936
10059937
10059938
10059939
10059940
10059941
10059942
10059943
10059944
10059945
10059946
10059947
10059948
10059949
10059950
10059951
10059952
10059953
10059955
10059956
10059957
10059958
10059959
10059960
10059961
10059962
10059963
10059964
10059965
10059966
10059967
10059968
10059969
10059970
10059971
10059972
10059973
10059974
10059975
10059976
10059978
10059979
10059980
10059982
10059984
10059986
10059987
10059988
10059989
10059992
10059993
10059994
10059995
10059996
10059997
10059998
10059999
10060000
10060001
10060002
10060003
10060004
10060005
10060006
10060007
10060008
10060009
10060010
10060011
10060012
10060013
10060014
10060016
10060017
10060018
10060019
10060020
10060021
10060022
10060023
10060024
10060025
10060027
10060028
10060029
10060030
10060031
10060032
10060033
10060034
10060035
10060037
10060038
10060039
10060040
10060041
10060042
10060044
10060045
10060046
10060047
10060048
10060050
10060051
10060052
10060053
10060054
10060055
10060056
10060057
10060058
10060059
10060060
10060061
10060062
10060063
10060064
10060065
10060066
10060067
10060068
10060069
10060071
10060072
10060073
10060074
10060075
10060076
10060077
10060078
10060079
10060080
10060081
10060084
10060085
10060086
10060087
10060088
10060089
10060090
10060091
10060092
10060093
10060095
10060096
10060097
10060098
10060100
10060101
10060102
10060103
10060104
10060105
10060106
10060107
10060108
10060109
10060110
10060111
10060112
10060113
10060114
10060115
10060116
10060117
10060118
10060119
10060120
10060121
10060122
10060124
10060125
10060126
10060127
10060128
10060129
10060130
10060131
10060132
10060133
10060134
10060135
10060136
10060137
10060138
10060139
10060141
10060142
10060143
10060144
10060145
10060148
10060149
10060150
10060151
10060152
10060153
10060154
10060155
10060156
10060157
10060158
10060159
10060160
10060161
10060162
10060163
10060164
10060165
10060166
10060167
10060168
10060169
10060170
10060171
10060172
10060173
10060174
10060175
10060176
10060177
10060178
10060179
10060180
10060181
10060182
10060183
10060184
10060185
10060186
10060187
10060188
10060189
10060190
10060191
10060192
10060193
10060194
10060195
10060196
10060197
10060198
10060199
10060200
10060201
10060202
10060203
10060204
10060205
10060206
10060207
10060208
10060209
10060212
10060213
10060214
10060215
10060216
10060217
10060218
10060219
10060220
10060221
10060222
10060223
10060224
10060225
10060226
10060227
10060228
10060229
10060230
10060231
10060232
10060233
10060234
10060235
10060236
10060237
10060238
10060239
10060240
10060242
10060243
10060244
10060246
10060247
10060248
10060249
10060250
10060251
10060252
10060253
10060255
10060256
10060257
10060258
10060259
10060260
10060261
10060262
10060263
10060264
10060265
10060266
10060267
10060268
10060269
10060270
10060271
10060272
10060273
10060274
10060275
10060276
10060277
10060278
10060279
10060280
10060281
10060282
10060283
10060284
10060285
10060286
10060287
10060288
10060289
10060290
10060291
10060292
10060293
10060294
10060295
10060296
10060297
10060298
10060299
10060300
10060301
10060302
10060303
10060304
10060305
10060306
10060307
10060308
10060309
10060310
10060311
10060312
10060313
10060314
10060315
10060316
10060317
10060318
10060319
10060320
10060321
10060322
10060323
10060324
10060325
10060326
10060327
10060328
10060329
10060330
10060331
10060332
10060333
10060334
10060335
10060336
10060337
10060338
10060339
10060340
10060341
10060342
10060343
10060345
10060346
10060347
10060348
10060349
10060350
10060351
10060352
10060353
10060354
10060355
10060356
10060357
10060358
10060359
10060360
10060361
10060362
10060363
10060364
10060365
10060366
10060368
10060369
10060370
10060371
10060372
10060373
10060374
10060375
10060376
10060377
10060378
10060379
10060380
10060381
10060382
10060383
10060384
10060385
10060386
10060388
10060389
10060390
10060391
10060392
10060393
10060394
10060396
10060397
10060398
10060399
10060400
10060401
10060402
10060403
10060404
10060405
10060406
10060407
10060408
10060409
10060410
10060411
10060412
10060413
10060414
10060415
10060416
10060417
10060418
10060419
10060420
10060421
10060422
10060423
10060424
10060425
10060426
10060427
10060428
10060429
10060431
10060432
10060433
10060434
10060435
10060436
10060437
10060438
10060439
10060440
10060441
10060442
10060443
10060444
10060446
10060447
10060448
10060449
10060450
10060451
10060452
10060453
10060454
10060455
10060456
10060457
10060458
10060459
10060461
10060462
10060463
10060464
10060465
10060466
10060467
10060468
10060469
10060470
10060471
10060472
10060473
10060474
10060475
10060476
10060477
10060478
10060479
10060480
10060481
10060482
10060483
10060484
10060485
10060486
10060487
10060488
10060489
10060490
10060491
10060492
10060493
10060494
10060495
10060496
10060497
10060498
10060499
10060500
10060501
10060502
10060503
10060504
10060505
10060506
10060507
10060508
10060509
10060510
10060511
10060512
10060513
10060514
10060515
10060516
10060517
10060518
10060519
10060521
10060522
10060523
10060524
10060525
10060526
10060527
10060528
10060529
10060530
10060531
10060532
10060533
10060534
10060535
10060536
10060537
10060538
10060539
10060540
10060541
10060542
10060543
10060544
10060545
10060547
10060548
10060549
10060550
10060551
10060552
10060553
10060554
10060555
10060556
10060557
10060558
10060559
10060560
10060561
10060562
10060563
10060564
10060566
10060567
10060570
10060571
10060572
10060573
10060575
10060576
10060577
10060578
10060579
10060581
10060582
10060583
10060585
10060586
10060587
10060588
10060589
10060590
10060591
10060592
10060593
10060594
10060595
10060596
10060597
10060598
10060599
10060600
10060601
10060602
10060603
10060604
10060605
10060606
10060607
10060608
10060610
10060611
10060612
10060613
10060614
10060615
10060616
10060617
10060618
10060619
10060620
10060621
10060622
10060623
10060624
10060625
10060626
10060628
10060630
10060631
10060632
10060633
10060634
10060635
10060636
10060637
10060639
10060640
10060641
10060642
10060643
10060644
10060645
10060646
10060647
10060648
10060650
10060651
10060652
10060653
10060654
10060655
10060656
10060657
10060660
10060661
10060662
10060665
10060666
10060667
10060668
10060669
10060670
10060671
10060672
10060674
10060675
10060676
10060677
10060679
10060680
10060681
10060682
10060684
10060685
10060686
10060688
10060689
10060690
10060692
10060693
10060694
10060695
10060696
10060697
10060698
10060699
10060700
10060701
10060702
10060703
10060704
10060705
10060706
10060707
10060708
10060709
10060710
10060711
10060712
10060714
10060715
10060716
10060717
10060718
10060719
10060720
10060721
10060722
10060723
10060724
10060725
10060726
10060727
10060728
10060729
10060730
10060731
10060732
10060733
10060734
10060735
10060736
10060737
10060738
10060739
10060740
10060741
10060742
10060743
10060744
10060745
10060746
10060748
10060749
10060750
10060752
10060753
10060755
10060756
10060757
10060758
10060759
10060760
10060761
10060762
10060763
10060764
10060765
10060766
10060767
10060768
10060769
10060771
10060772
10060773
10060774
10060776
10060777
10060778
10060779
10060780
10060781
10060782
10060783
10060784
10060785
10060786
10060787
10060788
10060789
10060791
10060793
10060794
10060795
10060797
10060799
10060800
10060801
10060802
10060803
10060804
10060805
10060806
10060807
10060809
10060810
10060814
10060815
10060816
10060817
10060819
10060820
10060821
10060822
10060823
10060824
10060825
10060826
10060827
10060828
10060829
10060830
10060831
10060832
10060833
10060834
10060835
10060836
10060837
10060839
10060840
10060841
10060842
10060843
10060844
10060845
10060846
10060847
10060848
10060851
10060854
10060856
10060857
10060858
10060859
10060860
10060862
10060863
10060865
10060866
10060867
10060868
10060869
10060870
10060871
10060872
10060873
10060874
10060875
10060876
10060879
10060880
10060881
10060882
10060883
10060884
10060885
10060886
10060887
10060888
10060889
10060890
10060892
10060893
10060894
10060895
10060896
10060897
10060898
10060899
10060900
10060901
10060902
10060903
10060904
10060906
10060907
10060908
10060909
10060910
10060911
10060912
10060913
10060914
10060915
10060916
10060917
10060918
10060919
10060920
10060921
10060922
10060923
10060924
10060925
10060926
10060927
10060928
10060930
10060931
10060932
10060933
10060934
10060935
10060936
10060937
10060938
10060939
10060940
10060941
10060942
10060943
10060944
10060945
10060946
10060947
10060948
10060949
10060951
10060952
10060954
10060957
10060958
10060959
10060960
10060961
10060962
10060963
10060964
10060965
10060966
10060967
10060968
10060969
10060970
10060971
10060972
10060974
10060976
10060978
10060980
10060981
10060982
10060983
10060984
10060985
10060987
10060988
10060989
10060990
10060991
10060992
10060993
10060994
10060995
10060996
10060997
10060998
10060999
10061001
10061002
10061003
10061004
10061005
10061006
10061007
10061008
10061009
10061010
10061012
10061014
10061015
10061016
10061017
10061018
10061019
10061020
10061021
10061023
10061024
10061026
10061027
10061028
10061029
10061030
10061031
10061032
10061033
10061034
10061035
10061036
10061037
10061038
10061039
10061040
10061041
10061042
10061043
10061044
10061045
10061047
10061048
10061049
10061050
10061051
10061052
10061053
10061054
10061055
10061056
10061057
10061059
10061060
10061062
10061063
10061064
10061065
10061067
10061068
10061069
10061070
10061071
10061072
10061073
10061074
10061075
10061076
10061077
10061079
10061080
10061082
10061083
10061084
10061086
10061087
10061088
10061089
10061090
10061091
10061092
10061093
10061094
10061096
10061097
10061098
10061099
10061100
10061101
10061102
10061103
10061104
10061105
10061106
10061107
10061108
10061109
10061110
10061111
10061112
10061113
10061114
10061115
10061116
10061117
10061118
10061119
10061120
10061121
10061122
10061123
10061124
10061125
10061126
10061127
10061128
10061129
10061130
10061131
10061132
10061133
10061134
10061135
10061136
10061137
10061138
10061139
10061140
10061141
10061142
10061143
10061144
10061145
10061146
10061147
10061148
10061149
10061150
10061151
10061152
10061153
10061156
10061157
10061158
10061159
10061160
10061161
10061162
10061163
10061164
10061165
10061166
10061167
10061168
10061169
10061170
10061171
10061172
10061173
10061174
10061175
10061176
10061177
10061178
10061179
10061181
10061182
10061183
10061184
10061185
10061186
10061187
10061188
10061189
10061190
10061191
10061192
10061193
10061194
10061196
10061197
10061198
10061199
10061200
10061201
10061202
10061203
10061204
10061205
10061206
10061207
10061208
10061209
10061210
10061211
10061212
10061213
10061214
10061216
10061217
10061218
10061219
10061220
10061221
10061222
10061223
10061224
10061225
10061226
10061227
10061228
10061229
10061230
10061231
10061232
10061233
10061234
10061235
10061236
10061237
10061238
10061239
10061240
10061242
10061243
10061244
10061245
10061246
10061247
10061248
10061249
10061250
10061252
10061253
10061254
10061255
10061256
10061257
10061258
10061259
10061260
10061261
10061262
10061263
10061264
10061265
10061266
10061267
10061268
10061269
10061270
10061271
10061272
10061273
10061274
10061275
10061276
10061277
10061278
10061279
10061280
10061281
10061282
10061283
10061284
10061285
10061286
10061287
10061288
10061290
10061292
10061294
10061297
10061298
10061299
10061300
10061301
10061302
10061303
10061304
10061305
10061306
10061307
10061308
10061309
10061310
10061311
10061312
10061314
10061315
10061316
10061317
10061318
10061319
10061320
10061322
10061323
10061324
10061325
10061326
10061327
10061328
10061329
10061330
10061331
10061332
10061333
10061334
10061335
10061336
10061337
10061338
10061339
10061340
10061341
10061342
10061343
10061344
10061346
10061349
10061350
10061351
10061352
10061353
10061354
10061355
10061356
10061357
10061358
10061359
10061361
10061362
10061363
10061364
10061365
10061366
10061367
10061368
10061369
10061370
10061374
10061375
10061376
10061378
10061379
10061380
10061381
10061382
10061383
10061385
10061386
10061387
10061390
10061391
10061392
10061393
10061394
10061395
10061397
10061398
10061399
10061400
10061401
10061402
10061403
10061405
10061406
10061407
10061409
10061410
10061411
10061412
10061413
10061414
10061416
10061417
10061418
10061419
10061420
10061421
10061422
10061423
10061424
10061425
10061426
10061427
10061428
10061429
10061430
10061431
10061433
10061434
10061435
10061436
10061437
10061438
10061439
10061440
10061441
10061442
10061443
10061444
10061445
10061446
10061448
10061449
10061450
10061451
10061452
10061453
10061454
10061455
10061456
10061457
10061458
10061459
10061460
10061461
10061462
10061463
10061464
10061465
10061466
10061467
10061468
10061469
10061470
10061471
10061473
10061474
10061475
10061477
10061478
10061479
10061480
10061481
10061482
10061483
10061484
10061485
10061486
10061488
10061490
10061491
10061492
10061493
10061494
10061495
10061496
10061497
10061498
10061499
10061500
10061501
10061504
10061505
10061506
10061508
10061509
10061510
10061511
10061512
10061513
10061514
10061515
10061516
10061517
10061518
10061519
10061520
10061521
10061522
10061523
10061524
10061527
10061528
10061529
10061530
10061531
10061532
10061533
10061534
10061535
10061536
10061537
10061538
10061540
10061541
10061542
10061543
10061544
10061545
10061546
10061547
10061548
10061549
10061550
10061551
10061552
10061553
10061554
10061555
10061556
10061557
10061558
10061559
10061560
10061561
10061562
10061563
10061564
10061565
10061566
10061568
10061569
10061570
10061571
10061572
10061573
10061574
10061575
10061576
10061578
10061579
10061580
10061581
10061582
10061583
10061584
10061586
10061587
10061589
10061590
10061591
10061592
10061593
10061596
10061598
10061599
10061600
10061602
10061603
10061604
10061605
10061606
10061607
10061608
10061609
10061610
10061611
10061612
10061613
10061614
10061616
10061617
10061618
10061619
10061620
10061621
10061622
10061623
10061624
10061625
10061626
10061627
10061628
10061629
10061630
10061631
10061632
10061634
10061635
10061636
10061637
10061638
10061639
10061640
10061641
10061642
10061643
10061644
10061645
10061646
10061647
10061648
10061649
10061650
10061651
10061652
10061653
10061654
10061655
10061656
10061657
10061658
10061659
10061660
10061661
10061662
10061663
10061664
10061665
10061666
10061667
10061668
10061669
10061670
10061671
10061672
10061673
10061674
10061675
10061676
10061678
10061679
10061680
10061681
10061682
10061683
10061684
10061685
10061686
10061687
10061688
10061689
10061690
10061691
10061692
10061693
10061694
10061695
10061696
10061697
10061698
10061699
10061700
10061701
10061702
10061703
10061704
10061705
10061706
10061707
10061708
10061709
10061711
10061712
10061714
10061715
10061716
10061717
10061718
10061719
10061720
10061721
10061722
10061723
10061724
10061725
10061726
10061727
10061728
10061731
10061732
10061733
10061735
10061736
10061737
10061738
10061739
10061740
10061741
10061742
10061743
10061744
10061746
10061748
10061749
10061750
10061751
10061752
10061753
10061755
10061757
10061758
10061759
10061760
10061761
10061763
10061764
10061766
10061767
10061768
10061769
10061770
10061772
10061773
10061774
10061775
10061777
10061778
10061779
10061780
10061781
10061782
10061783
10061784
10061786
10061787
10061788
10061789
10061791
10061792
10061793
10061794
10061795
10061796
10061797
10061800
10061801
10061802
10061804
10061805
10061806
10061807
10061808
10061809
10061810
10061811
10061813
10061815
10061816
10061817
10061818
10061819
10061820
10061821
10061822
10061823
10061824
10061825
10061826
10061827
10061828
10061829
10061830
10061831
10061832
10061833
10061834
10061835
10061836
10061837
10061838
10061839
10061840
10061841
10061842
10061843
10061844
10061845
10061846
10061847
10061848
10061850
10061851
10061852
10061853
10061854
10061855
10061856
10061857
10061858
10061860
10061861
10061862
10061863
10061864
10061865
10061866
10061867
10061871
10061872
10061873
10061874
10061875
10061876
10061877
10061878
10061879
10061880
10061881
10061882
10061885
10061886
10061888
10061889
10061890
10061891
10061892
10061893
10061894
10061895
10061896
10061897
10061898
10061899
10061900
10061902
10061903
10061904
10061905
10061906
10061907
10061909
10061910
10061911
10061912
10061913
10061914
10061915
10061916
10061917
10061918
10061920
10061921
10061922
10061923
10061924
10061925
10061926
10061927
10061928
10061929
10061930
10061931
10061932
10061933
10061934
10061935
10061936
10061937
10061938
10061939
10061942
10061943
10061944
10061945
10061946
10061947
10061948
10061949
10061950
10061951
10061952
10061953
10061954
10061955
10061956
10061957
10061958
10061959
10061960
10061961
10061962
10061963
10061964
10061965
10061966
10061967
10061968
10061969
10061970
10061971
10061972
10061973
10061974
10061976
10061977
10061978
10061979
10061980
10061981
10061982
10061983
10061985
10061986
10061987
10061988
10061989
10061990
10061991
10061992
10061993
10061994
10061996
10061997
10061998
10061999
10062000
10062001
10062002
10062003
10062004
10062005
10062006
10062007
10062008
10062009
10062010
10062011
10062012
10062013
10062014
10062015
10062016
10062018
10062019
10062020
10062021
10062022
10062023
10062024
10062025
10062026
10062027
10062028
10062029
10062030
10062031
10062032
10062033
10062034
10062035
10062036
10062037
10062038
10062039
10062040
10062041
10062042
10062043
10062044
10062045
10062046
10062047
10062048
10062049
10062050
10062051
10062052
10062053
10062055
10062056
10062057
10062058
10062059
10062060
10062061
10062062
10062063
10062065
10062066
10062067
10062068
10062069
10062070
10062071
10062072
10062074
10062075
10062076
10062077
10062078
10062082
10062083
10062084
10062085
10062086
10062087
10062088
10062089
10062090
10062091
10062092
10062093
10062094
10062095
10062096
10062097
10062098
10062099
10062100
10062101
10062102
10062103
10062104
10062105
10062106
10062110
10062111
10062112
10062113
10062114
10062115
10062116
10062117
10062118
10062119
10062120
10062121
10062122
10062123
10062124
10062125
10062126
10062127
10062128
10062129
10062132
10062134
10062135
10062136
10062137
10062138
10062139
10062140
10062141
10062142
10062143
10062144
10062145
10062146
10062147
10062149
10062150
10062151
10062152
10062153
10062154
10062155
10062156
10062158
10062159
10062160
10062161
10062162
10062163
10062164
10062165
10062166
10062168
10062169
10062170
10062172
10062173
10062174
10062175
10062176
10062177
10062178
10062179
10062180
10062181
10062182
10062183
10062184
10062185
10062186
10062187
10062188
10062189
10062190
10062191
10062192
10062193
10062194
10062195
10062196
10062197
10062198
10062199
10062200
10062201
10062202
10062203
10062204
10062205
10062206
10062207
10062208
10062209
10062211
10062212
10062213
10062214
10062215
10062216
10062217
10062218
10062219
10062220
10062221
10062222
10062223
10062224
10062227
10062228
10062229
10062230
10062231
10062232
10062233
10062234
10062235
10062236
10062237
10062238
10062239
10062240
10062241
10062242
10062243
10062246
10062247
10062250
10062251
10062252
10062253
10062254
10062255
10062256
10062257
10062258
10062259
10062260
10062261
10062263
10062264
10062265
10062266
10062267
10062268
10062269
10062270
10062271
10062272
10062273
10062274
10062275
10062276
10062277
10062278
10062280
10062281
10062282
10062283
10062285
10062286
10062287
10062288
10062289
10062290
10062291
10062292
10062293
10062294
10062295
10062296
10062297
10062298
10062299
10062301
10062303
10062304
10062305
10062306
10062307
10062308
10062309
10062310
10062311
10062312
10062313
10062314
10062315
10062316
10062317
10062318
10062319
10062320
10062321
10062322
10062323
10062324
10062325
10062326
10062328
10062329
10062330
10062331
10062332
10062333
10062334
10062335
10062336
10062337
10062339
10062340
10062341
10062342
10062343
10062344
10062346
10062347
10062348
10062349
10062350
10062351
10062352
10062354
10062355
10062356
10062357
10062358
10062359
10062360
10062361
10062362
10062363
10062364
10062365
10062366
10062367
10062368
10062369
10062371
10062372
10062373
10062374
10062375
10062376
10062377
10062378
10062380
10062381
10062382
10062383
10062384
10062385
10062386
10062387
10062388
10062389
10062390
10062391
10062392
10062393
10062395
10062396
10062397
10062398
10062399
10062400
10062401
10062403
10062404
10062405
10062406
10062407
10062408
10062409
10062410
10062411
10062412
10062413
10062414
10062415
10062416
10062417
10062419
10062420
10062421
10062422
10062423
10062424
10062425
10062426
10062427
10062429
10062430
10062431
10062432
10062433
10062434
10062435
10062436
10062437
10062438
10062439
10062440
10062441
10062442
10062443
10062444
10062445
10062446
10062447
10062448
10062449
10062450
10062451
10062452
10062453
10062454
10062455
10062456
10062457
10062459
10062460
10062461
10062463
10062464
10062465
10062466
10062467
10062468
10062469
10062470
10062471
10062472
10062473
10062474
10062475
10062476
10062477
10062478
10062479
10062482
10062483
10062486
10062487
10062488
10062489
10062490
10062491
10062492
10062493
10062494
10062495
10062496
10062497
10062499
10062500
10062501
10062502
10062503
10062504
10062505
10062506
10062507
10062509
10062511
10062512
10062513
10062514
10062515
10062516
10062517
10062519
10062520
10062521
10062522
10062523
10062524
10062525
10062526
10062527
10062528
10062529
10062530
10062531
10062532
10062533
10062534
10062535
10062536
10062538
10062539
10062540
10062541
10062542
10062543
10062544
10062545
10062546
10062547
10062548
10062549
10062550
10062551
10062552
10062553
10062554
10062555
10062556
10062557
10062559
10062560
10062561
10062562
10062563
10062564
10062565
10062566
10062567
10062568
10062569
10062570
10062571
10062572
10062573
10062574
10062575
10062576
10062577
10062578
10062579
10062580
10062581
10062582
10062583
10062584
10062585
10062587
10062589
10062590
10062591
10062592
10062593
10062594
10062595
10062596
10062597
10062598
10062599
10062600
10062601
10062602
10062603
10062604
10062605
10062606
10062608
10062609
10062610
10062611
10062612
10062613
10062614
10062615
10062616
10062617
10062618
10062619
10062620
10062621
10062622
10062623
10062624
10062625
10062626
10062627
10062628
10062629
10062630
10062631
10062632
10062633
10062635
10062636
10062637
10062639
10062640
10062641
10062642
10062644
10062645
10062647
10062648
10062649
10062650
10062651
10062652
10062653
10062654
10062655
10062656
10062657
10062658
10062659
10062660
10062661
10062662
10062663
10062664
10062665
10062666
10062668
10062669
10062670
10062671
10062672
10062673
10062674
10062675
10062676
10062677
10062678
10062679
10062680
10062681
10062682
10062683
10062684
10062686
10062687
10062688
10062689
10062691
10062692
10062693
10062694
10062695
10062696
10062697
10062698
10062699
10062700
10062701
10062702
10062703
10062705
10062706
10062707
10062710
10062711
10062712
10062714
10062715
10062716
10062717
10062718
10062719
10062720
10062721
10062722
10062723
10062724
10062725
10062726
10062727
10062729
10062730
10062731
10062732
10062733
10062734
10062735
10062736
10062737
10062738
10062739
10062740
10062741
10062742
10062743
10062744
10062745
10062746
10062747
10062748
10062749
10062750
10062751
10062752
10062753
10062754
10062755
10062756
10062757
10062758
10062759
10062760
10062761
10062762
10062764
10062765
10062766
10062767
10062768
10062769
10062770
10062771
10062772
10062773
10062774
10062775
10062776
10062778
10062779
10062780
10062781
10062783
10062784
10062785
10062786
10062787
10062788
10062789
10062790
10062791
10062792
10062793
10062794
10062795
10062796
10062797
10062800
10062801
10062802
10062803
10062804
10062805
10062806
10062807
10062808
10062809
10062810
10062811
10062812
10062813
10062814
10062815
10062816
10062817
10062818
10062819
10062820
10062821
10062822
10062823
10062825
10062826
10062827
10062828
10062829
10062830
10062831
10062832
10062833
10062834
10062835
10062836
10062837
10062838
10062840
10062841
10062842
10062843
10062844
10062845
10062846
10062847
10062848
10062849
10062850
10062851
10062852
10062853
10062854
10062855
10062856
10062857
10062858
10062859
10062860
10062861
10062862
10062863
10062864
10062865
10062866
10062867
10062868
10062869
10062870
10062872
10062873
10062876
10062877
10062878
10062879
10062880
10062881
10062882
10062884
10062885
10062886
10062888
10062889
10062893
10062894
10062895
10062897
10062899
10062900
10062901
10062902
10062903
10062904
10062906
10062907
10062908
10062909
10062910
10062911
10062912
10062914
10062915
10062918
10062919
10062920
10062922
10062923
10062925
10062926
10062927
10062929
10062932
10062933
10062935
10062937
10062938
10062939
10062940
10062941
10062942
10062944
10062945
10062946
10062947
10062948
10062949
10062951
10062952
10062953
10062954
10062955
10062956
10062957
10062958
10062959
10062960
10062961
10062962
10062963
10062964
10062965
10062966
10062967
10062969
10062971
10062972
10062973
10062974
10062975
10062976
10062977
10062978
10062979
10062980
10062981
10062982
10062983
10062985
10062986
10062987
10062988
10062989
10062990
10062991
10062992
10062993
10062994
10062995
10062996
10062997
10062998
10062999
10063000
10063001
10063002
10063003
10063004
10063005
10063006
10063007
10063008
10063010
10063011
10063012
10063013
10063014
10063015
10063016
10063017
10063018
10063019
10063020
10063021
10063022
10063023
10063025
10063026
10063027
10063028
10063029
10063030
10063031
10063032
10063033
10063034
10063035
10063036
10063037
10063038
10063039
10063040
10063041
10063042
10063044
10063045
10063046
10063047
10063048
10063049
10063050
10063051
10063052
10063053
10063054
10063055
10063056
10063057
10063058
10063059
10063060
10063061
10063062
10063063
10063064
10063066
10063068
10063069
10063070
10063072
10063073
10063074
10063075
10063076
10063077
10063078
10063079
10063080
10063081
10063082
10063083
10063084
10063085
10063086
10063087
10063088
10063089
10063090
10063091
10063092
10063093
10063094
10063095
10063096
10063097
10063098
10063099
10063100
10063101
10063102
10063103
10063104
10063105
10063106
10063107
10063108
10063109
10063110
10063112
10063113
10063114
10063115
10063116
10063117
10063118
10063119
10063120
10063121
10063122
10063123
10063124
10063125
10063126
10063130
10063131
10063132
10063133
10063134
10063135
10063136
10063137
10063138
10063139
10063140
10063141
10063142
10063143
10063144
10063145
10063146
10063147
10063148
10063150
10063151
10063152
10063153
10063155
10063156
10063157
10063158
10063159
10063160
10063161
10063162
10063163
10063164
10063166
10063167
10063168
10063169
10063170
10063171
10063172
10063173
10063174
10063175
10063176
10063177
10063178
10063179
10063180
10063181
10063182
10063183
10063184
10063185
10063186
10063187
10063188
10063189
10063190
10063191
10063192
10063195
10063196
10063197
10063198
10063199
10063200
10063201
10063202
10063203
10063204
10063206
10063208
10063209
10063210
10063211
10063212
10063213
10063214
10063215
10063216
10063217
10063218
10063219
10063220
10063221
10063222
10063223
10063225
10063226
10063227
10063228
10063229
10063230
10063231
10063232
10063233
10063234
10063235
10063236
10063237
10063238
10063239
10063240
10063241
10063243
10063244
10063245
10063246
10063247
10063248
10063250
10063251
10063252
10063254
10063255
10063256
10063257
10063258
10063259
10063260
10063261
10063262
10063263
10063264
10063266
10063268
10063270
10063271
10063272
10063273
10063274
10063275
10063276
10063277
10063278
10063279
10063280
10063281
10063282
10063283
10063284
10063285
10063286
10063287
10063288
10063289
10063290
10063291
10063292
10063293
10063294
10063295
10063296
10063297
10063298
10063299
10063300
10063301
10063302
10063303
10063304
10063305
10063306
10063307
10063308
10063309
10063310
10063311
10063312
10063313
10063314
10063315
10063316
10063317
10063318
10063319
10063320
10063321
10063322
10063323
10063324
10063325
10063326
10063327
10063329
10063330
10063332
10063333
10063334
10063335
10063336
10063337
10063338
10063339
10063340
10063341
10063342
10063343
10063344
10063345
10063346
10063347
10063348
10063349
10063350
10063351
10063352
10063353
10063354
10063355
10063356
10063357
10063358
10063359
10063360
10063361
10063362
10063363
10063364
10063365
10063366
10063367
10063368
10063369
10063370
10063371
10063372
10063373
10063374
10063375
10063376
10063377
10063378
10063379
10063380
10063381
10063382
10063383
10063384
10063385
10063386
10063387
10063388
10063389
10063390
10063391
10063392
10063393
10063394
10063395
10063396
10063397
10063398
10063399
10063400
10063401
10063402
10063403
10063404
10063405
10063406
10063407
10063408
10063409
10063410
10063411
10063412
10063413
10063414
10063415
10063418
10063419
10063420
10063421
10063422
10063425
10063426
10063427
10063428
10063429
10063430
10063431
10063432
10063433
10063434
10063435
10063436
10063437
10063439
10063440
10063441
10063442
10063444
10063445
10063446
10063447
10063448
10063449
10063450
10063452
10063453
10063454
10063455
10063456
10063457
10063458
10063459
10063460
10063461
10063462
10063463
10063464
10063465
10063466
10063467
10063468
10063469
10063470
10063471
10063472
10063473
10063474
10063476
10063477
10063478
10063479
10063480
10063481
10063482
10063483
10063484
10063486
10063487
10063488
10063489
10063490
10063491
10063492
10063494
10063495
10063496
10063497
10063498
10063499
10063500
10063501
10063502
10063503
10063504
10063505
10063506
10063507
10063508
10063509
10063510
10063511
10063512
10063514
10063516
10063517
10063518
10063519
10063520
10063521
10063522
10063523
10063524
10063525
10063526
10063527
10063528
10063529
10063530
10063531
10063532
10063533
10063534
10063535
10063536
10063537
10063538
10063539
10063540
10063541
10063542
10063543
10063544
10063545
10063547
10063548
10063550
10063551
10063552
10063553
10063554
10063555
10063556
10063557
10063558
10063559
10063560
10063561
10063562
10063563
10063564
10063565
10063566
10063567
10063568
10063569
10063571
10063573
10063574
10063575
10063577
10063578
10063580
10063581
10063582
10063583
10063584
10063585
10063586
10063587
10063588
10063589
10063590
10063591
10063592
10063593
10063594
10063595
10063596
10063597
10063598
10063599
10063601
10063603
10063604
10063605
10063606
10063607
10063608
10063609
10063610
10063611
10063612
10063613
10063614
10063615
10063616
10063617
10063618
10063619
10063621
10063622
10063623
10063624
10063625
10063626
10063627
10063628
10063629
10063630
10063631
10063632
10063633
10063634
10063635
10063636
10063638
10063641
10063642
10063643
10063644
10063645
10063646
10063647
10063648
10063649
10063650
10063651
10063652
10063653
10063654
10063655
10063656
10063657
10063658
10063659
10063661
10063662
10063663
10063665
10063666
10063667
10063668
10063669
10063670
10063671
10063672
10063673
10063674
10063675
10063676
10063678
10063679
10063680
10063681
10063683
10063684
10063685
10063686
10063687
10063688
10063689
10063690
10063691
10063692
10063693
10063694
10063695
10063696
10063697
10063699
10063700
10063701
10063702
10063703
10063704
10063705
10063707
10063708
10063709
10063710
10063711
10063712
10063713
10063714
10063715
10063716
10063717
10063718
10063719
10063721
10063722
10063723
10063724
10063725
10063726
10063727
10063728
10063729
10063730
10063731
10063732
10063733
10063734
10063735
10063736
10063737
10063739
10063740
10063741
10063743
10063744
10063745
10063746
10063747
10063748
10063749
10063752
10063753
10063754
10063755
10063756
10063757
10063758
10063760
10063761
10063762
10063763
10063765
10063766
10063767
10063768
10063770
10063771
10063773
10063774
10063775
10063776
10063777
10063778
10063779
10063780
10063781
10063782
10063783
10063784
10063785
10063786
10063787
10063788
10063789
10063790
10063791
10063792
10063793
10063794
10063795
10063796
10063797
10063798
10063799
10063800
10063801
10063802
10063803
10063804
10063805
10063808
10063809
10063810
10063811
10063812
10063813
10063814
10063815
10063816
10063817
10063818
10063819
10063820
10063823
10063825
10063826
10063827
10063828
10063829
10063830
10063831
10063832
10063833
10063834
10063835
10063836
10063837
10063838
10063839
10063840
10063841
10063842
10063843
10063844
10063845
10063846
10063847
10063848
10063849
10063850
10063851
10063852
10063854
10063855
10063856
10063858
10063859
10063860
10063861
10063862
10063863
10063864
10063865
10063866
10063867
10063868
10063869
10063870
10063872
10063875
10063877
10063878
10063879
10063881
10063882
10063883
10063884
10063885
10063886
10063887
10063888
10063889
10063893
10063894
10063895
10063896
10063897
10063899
10063901
10063902
10063903
10063904
10063906
10063909
10063910
10063911
10063912
10063913
10063914
10063915
10063916
10063917
10063918
10063919
10063920
10063921
10063922
10063923
10063924
10063925
10063926
10063928
10063929
10063930
10063931
10063933
10063934
10063935
10063936
10063937
10063938
10063939
10063940
10063941
10063942
10063944
10063946
10063947
10063948
10063949
10063951
10063952
10063953
10063954
10063955
10063956
10063957
10063958
10063959
10063960
10063961
10063962
10063963
10063964
10063965
10063966
10063967
10063968
10063969
10063970
10063972
10063973
10063974
10063975
10063976
10063977
10063978
10063979
10063980
10063981
10063982
10063983
10063984
10063985
10063986
10063987
10063988
10063989
10063990
10063991
10063993
10063994
10063995
10063997
10063998
10063999
10064000
10064001
10064002
10064003
10064004
10064005
10064006
10064007
10064008
10064009
10064010
10064011
10064012
10064013
10064015
10064016
10064018
10064019
10064020
10064022
10064023
10064024
10064025
10064026
10064027
10064028
10064029
10064030
10064031
10064032
10064033
10064034
10064035
10064036
10064037
10064038
10064039
10064040
10064041
10064042
10064043
10064044
10064046
10064047
10064048
10064049
10064050
10064051
10064052
10064053
10064054
10064055
10064056
10064057
10064059
10064060
10064061
10064063
10064065
10064066
10064067
10064068
10064069
10064070
10064071
10064072
10064073
10064074
10064075
10064076
10064077
10064078
10064079
10064080
10064081
10064084
10064085
10064086
10064087
10064088
10064089
10064090
10064091
10064092
10064093
10064094
10064095
10064096
10064097
10064098
10064099
10064100
10064102
10064103
10064104
10064105
10064106
10064108
10064109
10064110
10064111
10064113
10064114
10064116
10064117
10064118
10064119
10064120
10064121
10064122
10064123
10064124
10064125
10064127
10064128
10064129
10064131
10064132
10064133
10064135
10064136
10064137
10064138
10064139
10064140
10064141
10064142
10064143
10064144
10064146
10064148
10064149
10064150
10064152
10064154
10064155
10064156
10064157
10064158
10064159
10064160
10064161
10064162
10064163
10064164
10064165
10064167
10064168
10064169
10064170
10064171
10064172
10064173
10064174
10064175
10064176
10064179
10064180
10064181
10064182
10064184
10064185
10064186
10064187
10064189
10064191
10064192
10064193
10064194
10064195
10064196
10064197
10064198
10064199
10064200
10064201
10064202
10064203
10064204
10064206
10064207
10064208
10064209
10064210
10064211
10064212
10064213
10064215
10064216
10064218
10064221
10064222
10064223
10064224
10064226
10064228
10064229
10064230
10064231
10064232
10064235
10064236
10064237
10064238
10064239
10064241
10064242
10064244
10064245
10064246
10064247
10064248
10064251
10064252
10064253
10064254
10064255
10064256
10064257
10064258
10064261
10064262
10064263
10064264
10064265
10064266
10064267
10064268
10064269
10064270
10064271
10064272
10064273
10064274
10064275
10064276
10064277
10064278
10064279
10064280
10064281
10064282
10064284
10064288
10064289
10064290
10064291
10064292
10064293
10064294
10064295
10064296
10064297
10064298
10064299
10064300
10064301
10064302
10064303
10064304
10064305
10064307
10064308
10064309
10064310
10064311
10064312
10064313
10064314
10064315
10064316
10064317
10064318
10064320
10064321
10064322
10064323
10064324
10064326
10064327
10064328
10064329
10064330
10064331
10064332
10064333
10064334
10064335
10064336
10064337
10064339
10064340
10064341
10064343
10064344
10064345
10064346
10064348
10064349
10064350
10064351
10064352
10064353
10064354
10064355
10064356
10064357
10064358
10064359
10064360
10064361
10064362
10064363
10064364
10064365
10064366
10064367
10064368
10064369
10064370
10064371
10064372
10064373
10064374
10064375
10064376
10064377
10064378
10064379
10064380
10064381
10064382
10064383
10064384
10064385
10064386
10064387
10064388
10064389
10064390
10064392
10064394
10064395
10064396
10064397
10064398
10064399
10064400
10064402
10064403
10064404
10064405
10064406
10064407
10064408
10064409
10064410
10064411
10064412
10064413
10064414
10064415
10064416
10064417
10064418
10064419
10064420
10064421
10064422
10064423
10064424
10064425
10064427
10064429
10064430
10064431
10064432
10064433
10064434
10064435
10064436
10064437
10064438
10064439
10064440
10064441
10064445
10064447
10064450
10064451
10064452
10064453
10064454
10064455
10064456
10064457
10064458
10064459
10064460
10064461
10064462
10064463
10064464
10064465
10064468
10064470
10064471
10064472
10064474
10064475
10064476
10064477
10064479
10064480
10064481
10064482
10064484
10064486
10064487
10064493
10064494
10064496
10064497
10064498
10064499
10064500
10064501
10064502
10064503
10064505
10064511
10064512
10064513
10064514
10064515
10064516
10064517
10064518
10064519
10064520
10064521
10064526
10064533
10064534
10064535
10064536
10064537
10064538
10064540
10064542
10064543
10064544
10064545
10064546
10064548
10064549
10064550
10064551
10064552
10064553
10064554
10064555
10064556
10064557
10064558
10064559
10064560
10064561
10064562
10064563
10064566
10064570
10064572
10064573
10064574
10064579
10064580
10064581
10064582
10064583
10064584
10064585
10064586
10064587
10064588
10064589
10064590
10064597
10064601
10064602
10064604
10064605
10064606
10064607
10064608
10064609
10064610
10064611
10064612
10064613
10064614
10064615
10064616
10064619
10064620
10064624
10064625
10064626
10064627
10064628
10064629
10064630
10064631
10064632
10064633
10064634
10064635
10064636
10064637
10064638
10064641
10064644
10064645
10064646
10064647
10064648
10064649
10064650
10064651
10064652
10064653
10064654
10064655
10064656
10064657
10064658
10064660
10064661
10064664
10064665
10064666
10064667
10064668
10064669
10064670
10064671
10064672
10064674
10064675
10064676
10064677
10064678
10064679
10064680
10064681
10064682
10064683
10064684
10064685
10064686
10064687
10064692
10064694
10064695
10064697
10064701
10064704
10064705
10064706
10064707
10064708
10064710
10064711
10064712
10064713
10064714
10064715
10064716
10064717
10064718
10064719
10064720
10064721
10064724
10064727
10064728
10064729
10064730
10064731
10064732
10064733
10064734
10064735
10064736
10064737
10064738
10064739
10064740
10064742
10064743
10064744
10064746
10064747
10064756
10064757
10064758
10064759
10064760
10064761
10064762
10064764
10064765
10064766
10064767
10064768
10064769
10064770
10064778
10064779
10064780
10064781
10064782
10064783
10064784
10064785
10064786
10064787
10064788
10064789
10064790
10064791
10064792
10064793
10064794
10064795
10064796
10064797
10064798
10064799
10064800
10064801
10064805
10064806
10064807
10064808
10064809
10064810
10064811
10064812
10064813
10064814
10064815
10064816
10064817
10064818
10064819
10064822
10064823
10064824
10064825
10064827
10064828
10064829
10064830
10064832
10064833
10064835
10064836
10064837
10064838
10064840
10064841
10064843
10064844
10064845
10064846
10064847
10064848
10064849
10064850
10064851
10064852
10064853
10064854
10064857
10064858
10064859
10064860
10064861
10064862
10064863
10064864
10064865
10064866
10064867
10064869
10064870
10064871
10064873
10064874
10064876
10064877
10064878
10064879
10064881
10064882
10064883
10064884
10064885
10064886
10064887
10064888
10064889
10064890
10064893
10064895
10064896
10064897
10064898
10064899
10064900
10064901
10064902
10064903
10064904
10064905
10064906
10064907
10064908
10064909
10064910
10064911
10064912
10064913
10064914
10064915
10064916
10064917
10064918
10064919
10064920
10064921
10064922
10064923
10064924
10064925
10064926
10064927
10064928
10064929
10064930
10064931
10064932
10064933
10064934
10064935
10064936
10064937
10064938
10064939
10064940
10064942
10064944
10064946
10064947
10064948
10064950
10064951
10064952
10064953
10064954
10064955
10064956
10064957
10064958
10064961
10064962
10064963
10064964
10064965
10064966
10064967
10064968
10064969
10064970
10064971
10064972
10064973
10064974
10064975
10064976
10064977
10064978
10064979
10064980
10064981
10064982
10064984
10064985
10064986
10064987
10064988
10064989
10064990
10064991
10064992
10064993
10064994
10064995
10064996
10064997
10064998
10064999
10065000
10065001
10065002
10065003
10065004
10065005
10065007
10065008
10065009
10065010
10065011
10065013
10065014
10065015
10065016
10065017
10065018
10065019
10065020
10065021
10065022
10065023
10065024
10065025
10065028
10065029
10065030
10065032
10065033
10065034
10065035
10065036
10065037
10065038
10065040
10065041
10065042
10065043
10065044
10065045
10065046
10065047
10065048
10065049
10065053
10065054
10065055
10065057
10065058
10065059
10065060
10065061
10065062
10065063
10065064
10065065
10065066
10065067
10065068
10065069
10065070
10065072
10065074
10065075
10065076
10065078
10065079
10065080
10065082
10065083
10065084
10065085
10065086
10065087
10065088
10065089
10065090
10065091
10065092
10065093
10065094
10065096
10065099
10065101
10065102
10065103
10065104
10065105
10065106
10065107
10065108
10065109
10065110
10065111
10065112
10065113
10065114
10065115
10065116
10065126
10065127
10065128
10065129
10065130
10065131
10065132
10065133
10065134
10065135
10065136
10065137
10065138
10065139
10065140
10065141
10065142
10065143
10065144
10065150
10065151
10065153
10065154
10065155
10065156
10065157
10065158
10065159
10065160
10065161
10065162
10065163
10065164
10065165
10065166
10065167
10065168
10065169
10065174
10065175
10065176
10065180
10065182
10065187
10065188
10065189
10065190
10065191
10065192
10065193
10065194
10065195
10065196
10065197
10065198
10065199
10065200
10065205
10065206
10065207
10065209
10065210
10065211
10065213
10065214
10065215
10065216
10065217
10065218
10065219
10065220
10065221
10065222
10065223
10065225
10065226
10065228
10065229
10065230
10065231
10065234
10065236
10065238
10065239
10065240
10065241
10065242
10065243
10065244
10065245
10065246
10065247
10065248
10065249
10065250
10065252
10065253
10065254
10065255
10065256
10065257
10065258
10065259
10065260
10065261
10065262
10065263
10065266
10065268
10065270
10065271
10065272
10065273
10065274
10065275
10065276
10065277
10065278
10065279
10065280
10065281
10065282
10065283
10065284
10065285
10065288
10065289
10065291
10065292
10065293
10065295
10065296
10065297
10065298
10065299
10065300
10065302
10065303
10065304
10065305
10065306
10065307
10065308
10065309
10065311
10065313
10065314
10065315
10065316
10065317
10065319
10065320
10065321
10065322
10065323
10065324
10065325
10065326
10065327
10065328
10065329
10065330
10065331
10065332
10065335
10065337
10065338
10065342
10065346
10065350
10065351
10065352
10065353
10065354
10065355
10065357
10065358
10065361
10065362
10065366
10065367
10065368
10065369
10065370
10065371
10065372
10065373
10065374
10065375
10065376
10065377
10065378
10065379
10065384
10065385
10065386
10065389
10065390
10065392
10065393
10065394
10065396
10065397
10065398
10065399
10065400
10065401
10065402
10065403
10065404
10065405
10065406
10065410
10065415
10065417
10065420
10065421
10065422
10065423
10065424
10065425
10065426
10065427
10065428
10065429
10065430
10065431
10065432
10065433
10065434
10065435
10065436
10065437
10065438
10065441
10065444
10065445
10065447
10065451
10065452
10065453
10065454
10065456
10065457
10065458
10065460
10065461
10065462
10065463
10065464
10065465
10065466
10065467
10065469
10065471
10065475
10065477
10065478
10065479
10065481
10065482
10065483
10065484
10065485
10065486
10065487
10065488
10065489
10065491
10065493
10065494
10065495
10065496
10065499
10065500
10065501
10065502
10065503
10065504
10065505
10065506
10065507
10065508
10065509
10065512
10065513
10065514
10065519
10065520
10065521
10065522
10065523
10065524
10065525
10065526
10065527
10065528
10065529
10065530
10065531
10065535
10065540
10065541
10065542
10065543
10065544
10065545
10065546
10065547
10065548
10065549
10065550
10065554
10065555
10065556
10065557
10065558
10065559
10065560
10065561
10065562
10065563
10065564
10065565
10065566
10065567
10065569
10065570
10065571
10065572
10065574
10065575
10065576
10065577
10065578
10065579
10065580
10065581
10065582
10065583
10065584
10065585
10065586
10065587
10065588
10065589
10065591
10065592
10065593
10065594
10065597
10065598
10065599
10065600
10065601
10065602
10065603
10065604
10065605
10065606
10065607
10065608
10065609
10065610
10065611
10065612
10065613
10065614
10065615
10065617
10065618
10065619
10065620
10065622
10065623
10065624
10065625
10065626
10065627
10065628
10065629
10065630
10065631
10065632
10065633
10065634
10065635
10065636
10065637
10065638
10065639
10065640
10065641
10065642
10065644
10065645
10065646
10065647
10065649
10065650
10065651
10065652
10065653
10065654
10065655
10065656
10065657
10065658
10065659
10065660
10065665
10065666
10065667
10065668
10065669
10065670
10065671
10065672
10065673
10065674
10065675
10065676
10065677
10065678
10065679
10065680
10065681
10065682
10065683
10065684
10065685
10065686
10065687
10065688
10065689
10065690
10065691
10065692
10065693
10065694
10065695
10065696
10065697
10065698
10065699
10065701
10065702
10065703
10065705
10065706
10065707
10065708
10065709
10065710
10065711
10065712
10065713
10065714
10065715
10065716
10065717
10065718
10065719
10065720
10065721
10065722
10065723
10065724
10065725
10065726
10065727
10065728
10065729
10065730
10065731
10065732
10065733
10065734
10065735
10065736
10065737
10065738
10065739
10065740
10065741
10065742
10065743
10065744
10065745
10065746
10065748
10065749
10065751
10065752
10065753
10065754
10065755
10065756
10065758
10065759
10065760
10065763
10065764
10065765
10065766
10065767
10065768
10065769
10065771
10065772
10065773
10065774
10065775
10065776
10065777
10065778
10065779
10065780
10065781
10065782
10065784
10065785
10065786
10065787
10065788
10065789
10065790
10065791
10065792
10065793
10065794
10065795
10065796
10065797
10065798
10065800
10065801
10065802
10065803
10065804
10065805
10065806
10065807
10065808
10065809
10065810
10065811
10065812
10065813
10065814
10065815
10065816
10065817
10065818
10065819
10065820
10065821
10065822
10065823
10065824
10065825
10065826
10065827
10065828
10065829
10065830
10065831
10065832
10065833
10065834
10065835
10065836
10065837
10065838
10065839
10065840
10065842
10065843
10065844
10065845
10065846
10065847
10065848
10065849
10065851
10065852
10065853
10065854
10065855
10065856
10065857
10065858
10065859
10065860
10065861
10065862
10065863
10065864
10065865
10065866
10065867
10065868
10065869
10065870
10065871
10065872
10065873
10065874
10065875
10065876
10065877
10065878
10065879
10065880
10065881
10065882
10065883
10065884
10065885
10065886
10065887
10065888
10065889
10065890
10065891
10065893
10065894
10065895
10065896
10065897
10065898
10065899
10065900
10065901
10065902
10065903
10065904
10065905
10065906
10065907
10065910
10065911
10065912
10065914
10065915
10065916
10065917
10065918
10065919
10065920
10065921
10065922
10065923
10065924
10065925
10065926
10065927
10065928
10065929
10065930
10065931
10065932
10065933
10065934
10065935
10065936
10065937
10065938
10065939
10065940
10065941
10065942
10065943
10065944
10065946
10065947
10065948
10065949
10065950
10065951
10065952
10065953
10065954
10065955
10065956
10065957
10065958
10065959
10065961
10065962
10065964
10065965
10065966
10065967
10065968
10065969
10065970
10065971
10065972
10065973
10065974
10065975
10065976
10065977
10065978
10065979
10065980
10065983
10065984
10065985
10065986
10065987
10065988
10065989
10065990
10065991
10065992
10065993
10065994
10065995
10065997
10065998
10065999
10066000
10066001
10066002
10066004
10066005
10066008
10066009
10066010
10066011
10066012
10066013
10066014
10066015
10066016
10066017
10066018
10066019
10066020
10066021
10066022
10066023
10066024
10066025
10066026
10066028
10066029
10066032
10066033
10066035
10066036
10066037
10066038
10066039
10066040
10066041
10066042
10066044
10066045
10066047
10066049
10066050
10066051
10066053
10066054
10066055
10066056
10066057
10066058
10066059
10066060
10066062
10066063
10066064
10066065
10066066
10066067
10066068
10066069
10066070
10066071
10066072
10066073
10066074
10066075
10066076
10066077
10066078
10066079
10066080
10066081
10066082
10066083
10066084
10066085
10066086
10066087
10066089
10066090
10066091
10066092
10066093
10066094
10066095
10066096
10066097
10066098
10066099
10066100
10066101
10066102
10066103
10066106
10066107
10066108
10066109
10066110
10066111
10066112
10066113
10066114
10066115
10066117
10066118
10066119
10066120
10066121
10066122
10066123
10066124
10066125
10066126
10066127
10066128
10066129
10066131
10066132
10066133
10066134
10066135
10066136
10066137
10066138
10066139
10066140
10066141
10066142
10066143
10066144
10066145
10066146
10066147
10066148
10066150
10066151
10066152
10066153
10066154
10066155
10066156
10066157
10066158
10066159
10066160
10066161
10066162
10066163
10066164
10066165
10066166
10066167
10066168
10066169
10066172
10066173
10066174
10066175
10066176
10066177
10066178
10066179
10066180
10066182
10066183
10066184
10066185
10066186
10066187
10066190
10066191
10066192
10066195
10066196
10066197
10066198
10066199
10066200
10066201
10066202
10066203
10066204
10066205
10066206
10066207
10066211
10066215
10066216
10066217
10066220
10066221
10066224
10066225
10066226
10066227
10066228
10066229
10066230
10066233
10066234
10066235
10066236
10066237
10066238
10066239
10066240
10066242
10066243
10066244
10066245
10066246
10066247
10066248
10066249
10066250
10066251
10066252
10066253
10066255
10066256
10066257
10066258
10066259
10066261
10066262
10066263
10066264
10066265
10066266
10066267
10066268
10066269
10066270
10066271
10066272
10066273
10066274
10066275
10066278
10066279
10066280
10066281
10066282
10066283
10066284
10066285
10066286
10066287
10066288
10066289
10066290
10066292
10066293
10066294
10066295
10066296
10066297
10066298
10066299
10066300
10066301
10066302
10066303
10066304
10066305
10066306
10066307
10066308
10066310
10066311
10066313
10066314
10066315
10066316
10066317
10066318
10066319
10066320
10066321
10066322
10066323
10066324
10066325
10066326
10066327
10066328
10066329
10066330
10066331
10066332
10066333
10066334
10066336
10066337
10066338
10066339
10066340
10066341
10066342
10066343
10066344
10066345
10066347
10066348
10066349
10066351
10066352
10066354
10066355
10066356
10066357
10066358
10066359
10066360
10066361
10066362
10066363
10066366
10066367
10066368
10066369
10066370
10066371
10066372
10066373
10066374
10066375
10066376
10066377
10066379
10066380
10066381
10066382
10066383
10066384
10066385
10066386
10066387
10066388
10066389
10066390
10066391
10066392
10066393
10066394
10066395
10066396
10066397
10066398
10066400
10066402
10066403
10066404
10066405
10066406
10066407
10066408
10066409
10066410
10066411
10066412
10066413
10066414
10066415
10066416
10066417
10066419
10066420
10066421
10066422
10066423
10066424
10066425
10066426
10066427
10066428
10066429
10066430
10066431
10066432
10066434
10066437
10066438
10066439
10066440
10066441
10066442
10066443
10066445
10066446
10066447
10066448
10066449
10066450
10066451
10066452
10066454
10066455
10066456
10066457
10066458
10066459
10066460
10066461
10066463
10066464
10066465
10066466
10066467
10066468
10066469
10066470
10066471
10066472
10066473
10066474
10066475
10066476
10066477
10066478
10066480
10066483
10066486
10066487
10066488
10066489
10066490
10066491
10066492
10066493
10066494
10066495
10066496
10066497
10066499
10066500
10066501
10066502
10066503
10066504
10066505
10066506
10066507
10066508
10066509
10066510
10066511
10066512
10066513
10066514
10066515
10066516
10066517
10066518
10066519
10066520
10066521
10066522
10066523
10066524
10066526
10066527
10066528
10066529
10066530
10066531
10066532
10066533
10066535
10066536
10066537
10066538
10066539
10066540
10066541
10066542
10066543
10066544
10066545
10066546
10066547
10066548
10066549
10066550
10066551
10066552
10066553
10066554
10066555
10066556
10066557
10066558
10066559
10066560
10066561
10066562
10066563
10066564
10066565
10066566
10066567
10066568
10066569
10066571
10066572
10066573
10066574
10066575
10066576
10066577
10066578
10066579
10066580
10066581
10066582
10066583
10066585
10066586
10066587
10066588
10066589
10066590
10066591
10066592
10066593
10066594
10066595
10066596
10066597
10066598
10066599
10066600
10066601
10066602
10066603
10066604
10066605
10066606
10066607
10066610
10066611
10066612
10066613
10066614
10066615
10066616
10066617
10066619
10066620
10066621
10066622
10066623
10066624
10066625
10066626
10066627
10066628
10066629
10066630
10066631
10066632
10066634
10066635
10066636
10066637
10066638
10066640
10066641
10066642
10066645
10066647
10066648
10066650
10066651
10066652
10066653
10066654
10066655
10066658
10066659
10066660
10066661
10066663
10066664
10066665
10066666
10066667
10066668
10066669
10066670
10066672
10066673
10066674
10066675
10066676
10066677
10066679
10066680
10066681
10066683
10066684
10066685
10066686
10066687
10066688
10066689
10066692
10066693
10066694
10066695
10066696
10066697
10066698
10066699
10066700
10066701
10066703
10066704
10066705
10066706
10066707
10066708
10066710
10066711
10066713
10066715
10066716
10066717
10066718
10066719
10066720
10066722
10066723
10066724
10066725
10066726
10066728
10066729
10066730
10066731
10066732
10066733
10066735
10066736
10066737
10066738
10066739
10066740
10066741
10066742
10066743
10066745
10066746
10066747
10066748
10066749
10066750
10066751
10066752
10066753
10066754
10066755
10066756
10066758
10066759
10066762
10066763
10066764
10066765
10066766
10066767
10066768
10066769
10066770
10066771
10066772
10066773
10066774
10066775
10066776
10066777
10066778
10066780
10066781
10066782
10066783
10066784
10066785
10066786
10066787
10066788
10066789
10066790
10066792
10066793
10066794
10066796
10066797
10066798
10066799
10066800
10066802
10066803
10066804
10066805
10066806
10066807
10066809
10066810
10066811
10066812
10066813
10066814
10066815
10066816
10066817
10066818
10066819
10066820
10066822
10066823
10066824
10066825
10066826
10066827
10066828
10066829
10066830
10066831
10066832
10066833
10066834
10066835
10066836
10066837
10066839
10066840
10066841
10066842
10066843
10066845
10066847
10066848
10066850
10066851
10066852
10066853
10066854
10066855
10066856
10066857
10066858
10066859
10066860
10066863
10066864
10066865
10066866
10066867
10066868
10066870
10066872
10066873
10066874
10066876
10066877
10066878
10066880
10066881
10066882
10066883
10066884
10066885
10066886
10066887
10066888
10066889
10066890
10066892
10066893
10066894
10066896
10066897
10066898
10066899
10066900
10066901
10066902
10066903
10066904
10066905
10066906
10066907
10066908
10066909
10066910
10066911
10066912
10066913
10066914
10066915
10066918
10066919
10066920
10066921
10066923
10066924
10066925
10066926
10066927
10066929
10066930
10066931
10066934
10066935
10066936
10066938
10066939
10066940
10066941
10066942
10066943
10066945
10066946
10066947
10066948
10066949
10066950
10066951
10066952
10066956
10066957
10066958
10066959
10066960
10066961
10066962
10066963
10066964
10066965
10066966
10066967
10066968
10066969
10066970
10066972
10066973
10066974
10066975
10066976
10066977
10066981
10066983
10066985
10066986
10066987
10066988
10066989
10066990
10066991
10066992
10066993
10066995
10066996
10066997
10066999
10067000
10067001
10067002
10067003
10067004
10067005
10067006
10067007
10067008
10067009
10067011
10067012
10067014
10067015
10067016
10067017
10067018
10067019
10067020
10067022
10067024
10067025
10067026
10067027
10067028
10067029
10067030
10067031
10067032
10067033
10067034
10067035
10067037
10067038
10067039
10067040
10067041
10067042
10067043
10067044
10067045
10067047
10067048
10067049
10067050
10067051
10067052
10067054
10067055
10067057
10067059
10067060
10067061
10067062
10067063
10067064
10067065
10067066
10067070
10067071
10067072
10067073
10067074
10067075
10067076
10067077
10067078
10067079
10067080
10067081
10067082
10067086
10067087
10067088
10067089
10067090
10067091
10067093
10067094
10067095
10067096
10067097
10067098
10067099
10067100
10067101
10067102
10067103
10067104
10067105
10067106
10067107
10067108
10067109
10067110
10067111
10067112
10067113
10067114
10067116
10067117
10067118
10067119
10067120
10067121
10067122
10067124
10067125
10067126
10067127
10067129
10067130
10067131
10067133
10067134
10067135
10067136
10067137
10067138
10067139
10067140
10067141
10067142
10067143
10067144
10067146
10067147
10067148
10067149
10067150
10067151
10067152
10067153
10067154
10067155
10067156
10067157
10067158
10067159
10067160
10067161
10067163
10067164
10067165
10067166
10067167
10067168
10067169
10067170
10067171
10067172
10067173
10067174
10067175
10067176
10067177
10067178
10067179
10067180
10067181
10067182
10067183
10067184
10067185
10067186
10067187
10067188
10067189
10067190
10067191
10067192
10067194
10067195
10067196
10067197
10067198
10067199
10067200
10067201
10067202
10067203
10067204
10067205
10067206
10067207
10067208
10067209
10067210
10067211
10067213
10067214
10067215
10067216
10067218
10067219
10067220
10067221
10067222
10067223
10067224
10067225
10067227
10067228
10067229
10067230
10067231
10067232
10067233
10067234
10067235
10067236
10067237
10067238
10067239
10067240
10067241
10067242
10067243
10067244
10067246
10067247
10067248
10067249
10067250
10067251
10067252
10067253
10067254
10067255
10067256
10067257
10067258
10067259
10067260
10067261
10067262
10067263
10067264
10067265
10067266
10067267
10067268
10067269
10067271
10067272
10067274
10067275
10067276
10067277
10067278
10067279
10067280
10067281
10067282
10067283
10067284
10067285
10067286
10067287
10067288
10067289
10067291
10067292
10067293
10067294
10067295
10067297
10067298
10067299
10067300
10067302
10067303
10067304
10067305
10067306
10067307
10067308
10067309
10067310
10067311
10067312
10067313
10067314
10067316
10067318
10067319
10067320
10067321
10067322
10067323
10067324
10067325
10067326
10067327
10067328
10067329
10067330
10067331
10067332
10067333
10067334
10067335
10067336
10067337
10067338
10067339
10067340
10067341
10067342
10067344
10067345
10067346
10067347
10067348
10067349
10067350
10067351
10067352
10067353
10067354
10067355
10067356
10067357
10067358
10067359
10067360
10067361
10067362
10067363
10067364
10067365
10067366
10067367
10067368
10067369
10067370
10067372
10067374
10067375
10067376
10067377
10067378
10067379
10067380
10067381
10067382
10067383
10067384
10067385
10067387
10067388
10067390
10067392
10067393
10067394
10067395
10067397
10067398
10067399
10067400
10067403
10067405
10067406
10067407
10067408
10067410
10067412
10067413
10067415
10067416
10067417
10067418
10067419
10067420
10067421
10067422
10067423
10067424
10067426
10067427
10067428
10067429
10067431
10067433
10067434
10067435
10067436
10067437
10067438
10067439
10067440
10067441
10067442
10067443
10067444
10067445
10067446
10067447
10067449
10067450
10067451
10067452
10067453
10067454
10067455
10067456
10067457
10067458
10067459
10067460
10067463
10067464
10067465
10067466
10067467
10067468
10067470
10067471
10067472
10067473
10067474
10067475
10067477
10067478
10067480
10067481
10067482
10067483
10067484
10067485
10067486
10067487
10067488
10067489
10067492
10067493
10067494
10067495
10067496
10067497
10067498
10067500
10067501
10067502
10067503
10067504
10067505
10067506
10067507
10067508
10067509
10067511
10067513
10067514
10067515
10067516
10067517
10067518
10067519
10067520
10067521
10067522
10067523
10067524
10067525
10067526
10067527
10067528
10067529
10067530
10067531
10067532
10067533
10067534
10067535
10067536
10067537
10067539
10067540
10067541
10067542
10067543
10067544
10067545
10067546
10067550
10067551
10067552
10067553
10067554
10067555
10067556
10067557
10067558
10067559
10067560
10067561
10067562
10067563
10067564
10067565
10067566
10067567
10067568
10067569
10067570
10067571
10067572
10067573
10067574
10067576
10067578
10067579
10067580
10067581
10067582
10067584
10067586
10067587
10067588
10067589
10067590
10067591
10067592
10067593
10067595
10067597
10067598
10067599
10067602
10067603
10067604
10067605
10067606
10067607
10067608
10067610
10067611
10067612
10067613
10067614
10067615
10067616
10067618
10067619
10067621
10067622
10067623
10067624
10067625
10067627
10067628
10067629
10067630
10067632
10067633
10067634
10067635
10067636
10067638
10067639
10067640
10067641
10067642
10067644
10067645
10067646
10067647
10067648
10067649
10067650
10067652
10067654
10067655
10067656
10067657
10067658
10067659
10067660
10067661
10067662
10067663
10067664
10067665
10067666
10067667
10067668
10067669
10067670
10067671
10067672
10067674
10067675
10067676
10067677
10067678
10067679
10067680
10067681
10067682
10067683
10067684
10067685
10067686
10067687
10067688
10067689
10067690
10067691
10067692
10067693
10067694
10067695
10067696
10067697
10067698
10067699
10067700
10067701
10067702
10067704
10067705
10067706
10067708
10067710
10067711
10067712
10067713
10067714
10067715
10067716
10067717
10067718
10067720
10067722
10067723
10067724
10067725
10067726
10067727
10067728
10067730
10067731
10067732
10067733
10067734
10067735
10067737
10067738
10067739
10067740
10067741
10067742
10067743
10067744
10067745
10067747
10067748
10067749
10067750
10067751
10067752
10067753
10067754
10067755
10067756
10067757
10067758
10067759
10067760
10067761
10067762
10067764
10067765
10067766
10067767
10067768
10067769
10067770
10067772
10067773
10067774
10067775
10067776
10067777
10067778
10067779
10067780
10067781
10067782
10067783
10067784
10067786
10067787
10067788
10067789
10067792
10067793
10067794
10067795
10067796
10067798
10067799
10067800
10067801
10067802
10067803
10067804
10067806
10067807
10067808
10067809
10067810
10067811
10067813
10067814
10067815
10067816
10067817
10067818
10067819
10067820
10067821
10067822
10067823
10067824
10067826
10067827
10067828
10067829
10067830
10067831
10067832
10067833
10067834
10067835
10067836
10067837
10067838
10067839
10067840
10067841
10067842
10067843
10067844
10067845
10067846
10067847
10067848
10067849
10067850
10067851
10067852
10067853
10067855
10067856
10067857
10067858
10067859
10067861
10067862
10067863
10067864
10067867
10067868
10067869
10067870
10067871
10067872
10067873
10067874
10067875
10067877
10067878
10067879
10067880
10067881
10067883
10067884
10067885
10067887
10067888
10067889
10067890
10067891
10067892
10067893
10067896
10067897
10067898
10067899
10067900
10067902
10067903
10067905
10067906
10067907
10067908
10067909
10067910
10067911
10067912
10067913
10067914
10067917
10067918
10067919
10067920
10067921
10067922
10067923
10067924
10067926
10067927
10067928
10067929
10067930
10067932
10067933
10067934
10067935
10067936
10067937
10067938
10067939
10067941
10067942
10067943
10067946
10067947
10067948
10067949
10067950
10067951
10067953
10067954
10067956
10067957
10067958
10067959
10067960
10067961
10067962
10067963
10067964
10067965
10067966
10067967
10067969
10067970
10067971
10067973
10067974
10067975
10067976
10067977
10067978
10067979
10067980
10067981
10067982
10067983
10067984
10067987
10067988
10067989
10067990
10067991
10067992
10067993
10067995
10067996
10067999
10068000
10068001
10068002
10068003
10068004
10068005
10068006
10068007
10068008
10068009
10068010
10068012
10068013
10068014
10068015
10068016
10068017
10068018
10068019
10068020
10068022
10068023
10068024
10068029
10068030
10068032
10068033
10068034
10068035
10068036
10068038
10068039
10068041
10068042
10068043
10068044
10068045
10068048
10068049
10068050
10068051
10068052
10068053
10068054
10068055
10068057
10068060
10068062
10068063
10068064
10068065
10068066
10068067
10068068
10068069
10068070
10068073
10068074
10068075
10068076
10068077
10068078
10068079
10068082
10068085
10068088
10068090
10068091
10068093
10068094
10068095
10068096
10068099
10068100
10068101
10068102
10068103
10068104
10068106
10068107
10068108
10068109
10068110
10068111
10068112
10068113
10068114
10068115
10068116
10068117
10068118
10068119
10068120
10068121
10068125
10068129
10068130
10068131
10068132
10068133
10068134
10068135
10068136
10068137
10068138
10068139
10068140
10068141
10068143
10068144
10068145
10068147
10068151
10068152
10068153
10068155
10068156
10068157
10068160
10068161
10068162
10068163
10068164
10068166
10068167
10068168
10068169
10068171
10068172
10068173
10068174
10068175
10068176
10068177
10068178
10068179
10068180
10068181
10068182
10068183
10068184
10068185
10068186
10068187
10068188
10068189
10068190
10068191
10068192
10068193
10068194
10068195
10068196
10068197
10068200
10068201
10068202
10068203
10068204
10068205
10068206
10068207
10068208
10068209
10068210
10068211
10068212
10068213
10068214
10068215
10068216
10068217
10068218
10068219
10068220
10068221
10068222
10068224
10068225
10068226
10068227
10068228
10068229
10068230
10068232
10068233
10068234
10068235
10068236
10068237
10068238
10068239
10068240
10068241
10068242
10068243
10068244
10068246
10068247
10068248
10068249
10068250
10068251
10068252
10068253
10068254
10068255
10068256
10068257
10068258
10068259
10068260
10068261
10068262
10068263
10068265
10068266
10068268
10068269
10068270
10068271
10068272
10068273
10068274
10068275
10068276
10068277
10068278
10068280
10068281
10068282
10068283
10068284
10068285
10068286
10068289
10068290
10068291
10068292
10068293
10068294
10068296
10068298
10068299
10068300
10068301
10068303
10068304
10068305
10068306
10068308
10068309
10068310
10068311
10068312
10068313
10068314
10068315
10068317
10068318
10068319
10068320
10068321
10068322
10068323
10068324
10068325
10068326
10068327
10068329
10068330
10068332
10068333
10068334
10068336
10068337
10068338
10068339
10068340
10068341
10068342
10068343
10068344
10068345
10068346
10068347
10068349
10068350
10068351
10068354
10068355
10068356
10068357
10068358
10068359
10068360
10068361
10068362
10068363
10068364
10068366
10068367
10068368
10068369
10068370
10068371
10068372
10068373
10068374
10068375
10068376
10068378
10068379
10068380
10068381
10068382
10068383
10068384
10068385
10068386
10068387
10068388
10068389
10068390
10068391
10068392
10068393
10068394
10068395
10068396
10068398
10068399
10068400
10068401
10068403
10068404
10068405
10068406
10068407
10068408
10068409
10068410
10068411
10068412
10068413
10068414
10068415
10068416
10068417
10068418
10068420
10068421
10068424
10068425
10068426
10068427
10068428
10068429
10068430
10068431
10068432
10068434
10068435
10068437
10068438
10068439
10068440
10068441
10068442
10068443
10068444
10068445
10068446
10068447
10068448
10068449
10068451
10068452
10068453
10068454
10068456
10068457
10068458
10068459
10068460
10068461
10068462
10068464
10068465
10068466
10068467
10068468
10068469
10068470
10068471
10068472
10068473
10068474
10068475
10068476
10068477
10068478
10068480
10068481
10068482
10068483
10068484
10068485
10068486
10068487
10068488
10068489
10068490
10068492
10068493
10068494
10068495
10068496
10068497
10068498
10068500
10068501
10068502
10068503
10068505
10068506
10068507
10068508
10068509
10068510
10068511
10068512
10068513
10068515
10068517
10068518
10068519
10068520
10068521
10068523
10068525
10068526
10068527
10068529
10068530
10068531
10068533
10068535
10068537
10068538
10068539
10068540
10068541
10068542
10068543
10068544
10068546
10068547
10068548
10068549
10068550
10068551
10068552
10068553
10068554
10068555
10068556
10068557
10068558
10068559
10068560
10068561
10068562
10068563
10068565
10068567
10068568
10068569
10068570
10068571
10068572
10068573
10068574
10068575
10068576
10068577
10068579
10068580
10068581
10068582
10068583
10068584
10068585
10068586
10068588
10068589
10068590
10068592
10068593
10068595
10068596
10068597
10068598
10068600
10068602
10068603
10068604
10068605
10068606
10068607
10068608
10068609
10068610
10068611
10068612
10068613
10068614
10068615
10068616
10068617
10068619
10068620
10068621
10068622
10068625
10068626
10068627
10068628
10068629
10068630
10068631
10068632
10068633
10068634
10068635
10068637
10068638
10068639
10068640
10068642
10068643
10068644
10068645
10068648
10068650
10068651
10068652
10068653
10068654
10068655
10068656
10068657
10068658
10068659
10068660
10068661
10068663
10068664
10068665
10068666
10068667
10068668
10068669
10068670
10068671
10068674
10068675
10068676
10068677
10068678
10068679
10068680
10068681
10068682
10068683
10068684
10068685
10068686
10068687
10068688
10068689
10068690
10068691
10068692
10068693
10068694
10068695
10068696
10068697
10068698
10068699
10068700
10068701
10068702
10068703
10068704
10068705
10068706
10068707
10068708
10068709
10068710
10068711
10068712
10068713
10068714
10068715
10068716
10068717
10068718
10068719
10068721
10068722
10068723
10068724
10068725
10068726
10068727
10068728
10068729
10068730
10068731
10068732
10068733
10068734
10068735
10068736
10068737
10068738
10068739
10068740
10068741
10068742
10068743
10068746
10068747
10068748
10068749
10068750
10068751
10068753
10068754
10068755
10068756
10068757
10068758
10068759
10068760
10068761
10068762
10068763
10068764
10068765
10068766
10068767
10068768
10068769
10068770
10068771
10068772
10068773
10068774
10068775
10068776
10068777
10068779
10068780
10068781
10068782
10068783
10068784
10068785
10068786
10068787
10068789
10068790
10068791
10068793
10068794
10068795
10068796
10068797
10068798
10068799
10068800
10068801
10068802
10068803
10068804
10068805
10068806
10068807
10068809
10068810
10068811
10068812
10068813
10068814
10068815
10068816
10068817
10068818
10068819
10068820
10068821
10068822
10068823
10068824
10068826
10068827
10068828
10068829
10068830
10068831
10068832
10068833
10068834
10068835
10068836
10068837
10068838
10068839
10068840
10068841
10068842
10068843
10068844
10068845
10068846
10068847
10068848
10068849
10068850
10068851
10068852
10068853
10068854
10068855
10068856
10068858
10068859
10068860
10068861
10068862
10068863
10068864
10068865
10068866
10068867
10068868
10068869
10068870
10068871
10068872
10068873
10068874
10068875
10068876
10068877
10068878
10068879
10068880
10068881
10068882
10068883
10068884
10068885
10068886
10068887
10068888
10068889
10068890
10068892
10068893
10068894
10068895
10068897
10068898
10068899
10068900
10068901
10068903
10068904
10068905
10068906
10068908
10068909
10068910
10068911
10068913
10068914
10068915
10068916
10068917
10068918
10068919
10068921
10068922
10068923
10068924
10068925
10068926
10068927
10068928
10068929
10068930
10068931
10068932
10068933
10068934
10068936
10068937
10068938
10068939
10068940
10068941
10068942
10068943
10068944
10068949
10068951
10068952
10068954
10068955
10068956
10068957
10068958
10068960
10068961
10068962
10068963
10068964
10068966
10068967
10068968
10068969
10068971
10068972
10068973
10068974
10068975
10068976
10068977
10068978
10068979
10068980
10068981
10068982
10068983
10068984
10068985
10068986
10068987
10068988
10068989
10068990
10068991
10068992
10068993
10068995
10068996
10068998
10068999
10069000
10069001
10069002
10069003
10069004
10069005
10069006
10069007
10069008
10069009
10069010
10069011
10069012
10069014
10069015
10069016
10069017
10069018
10069019
10069020
10069021
10069022
10069023
10069025
10069027
10069029
10069030
10069031
10069032
10069033
10069034
10069036
10069037
10069038
10069039
10069041
10069043
10069044
10069046
10069047
10069048
10069050
10069052
10069053
10069054
10069055
10069056
10069057
10069058
10069059
10069060
10069061
10069062
10069063
10069064
10069065
10069066
10069067
10069068
10069072
10069074
10069075
10069077
10069078
10069079
10069081
10069082
10069083
10069084
10069085
10069086
10069087
10069088
10069089
10069090
10069091
10069092
10069093
10069094
10069095
10069096
10069097
10069098
10069099
10069100
10069101
10069102
10069103
10069104
10069105
10069106
10069107
10069108
10069109
10069110
10069111
10069112
10069113
10069115
10069116
10069117
10069119
10069120
10069121
10069122
10069123
10069124
10069125
10069126
10069127
10069129
10069130
10069131
10069133
10069134
10069135
10069136
10069137
10069138
10069139
10069140
10069141
10069142
10069143
10069144
10069145
10069146
10069147
10069148
10069149
10069150
10069151
10069152
10069153
10069154
10069155
10069156
10069157
10069158
10069159
10069160
10069161
10069162
10069163
10069164
10069165
10069166
10069167
10069168
10069169
10069170
10069171
10069172
10069173
10069174
10069175
10069176
10069178
10069179
10069180
10069181
10069182
10069183
10069184
10069185
10069186
10069188
10069189
10069190
10069191
10069192
10069194
10069196
10069197
10069198
10069199
10069200
10069202
10069203
10069204
10069205
10069206
10069207
10069208
10069209
10069211
10069212
10069213
10069214
10069215
10069216
10069217
10069218
10069219
10069220
10069221
10069222
10069223
10069224
10069226
10069227
10069228
10069229
10069230
10069231
10069232
10069233
10069234
10069235
10069236
10069237
10069238
10069241
10069242
10069243
10069244
10069245
10069246
10069247
10069248
10069249
10069250
10069251
10069254
10069255
10069257
10069258
10069259
10069260
10069261
10069262
10069263
10069264
10069265
10069266
10069267
10069268
10069270
10069271
10069272
10069273
10069274
10069275
10069276
10069277
10069278
10069279
10069280
10069281
10069282
10069283
10069284
10069285
10069286
10069287
10069288
10069289
10069290
10069291
10069292
10069293
10069294
10069295
10069296
10069297
10069298
10069300
10069301
10069302
10069303
10069304
10069306
10069307
10069308
10069309
10069310
10069311
10069312
10069314
10069315
10069316
10069318
10069319
10069320
10069321
10069322
10069323
10069324
10069325
10069326
10069328
10069329
10069330
10069332
10069333
10069334
10069335
10069339
10069340
10069341
10069342
10069343
10069344
10069345
10069346
10069347
10069348
10069349
10069350
10069351
10069352
10069353
10069354
10069355
10069356
10069358
10069359
10069360
10069361
10069362
10069363
10069364
10069365
10069367
10069368
10069369
10069370
10069371
10069372
10069373
10069374
10069375
10069376
10069377
10069378
10069379
10069380
10069381
10069382
10069383
10069384
10069387
10069389
10069390
10069391
10069392
10069393
10069394
10069395
10069396
10069397
10069398
10069399
10069400
10069401
10069402
10069403
10069404
10069405
10069406
10069407
10069408
10069410
10069411
10069412
10069413
10069414
10069415
10069416
10069417
10069418
10069419
10069420
10069421
10069422
10069423
10069424
10069425
10069426
10069427
10069428
10069429
10069430
10069432
10069433
10069434
10069435
10069436
10069437
10069438
10069439
10069440
10069442
10069443
10069444
10069445
10069447
10069448
10069449
10069450
10069452
10069453
10069454
10069455
10069456
10069457
10069459
10069460
10069461
10069462
10069463
10069464
10069465
10069466
10069467
10069468
10069469
10069470
10069471
10069472
10069473
10069474
10069475
10069476
10069477
10069478
10069479
10069480
10069481
10069482
10069483
10069484
10069489
10069490
10069491
10069492
10069493
10069494
10069495
10069497
10069498
10069499
10069500
10069501
10069502
10069503
10069504
10069505
10069506
10069507
10069508
10069509
10069510
10069511
10069512
10069513
10069514
10069515
10069516
10069517
10069518
10069519
10069520
10069521
10069522
10069523
10069524
10069525
10069526
10069527
10069528
10069529
10069530
10069531
10069532
10069533
10069534
10069537
10069539
10069541
10069542
10069543
10069544
10069545
10069546
10069547
10069549
10069550
10069551
10069552
10069553
10069554
10069556
10069557
10069558
10069559
10069560
10069561
10069562
10069563
10069564
10069565
10069566
10069567
10069568
10069569
10069570
10069571
10069572
10069573
10069574
10069575
10069576
10069577
10069578
10069579
10069580
10069581
10069582
10069583
10069584
10069585
10069586
10069587
10069588
10069590
10069591
10069592
10069593
10069594
10069595
10069596
10069597
10069598
10069599
10069600
10069601
10069602
10069603
10069604
10069605
10069606
10069609
10069610
10069611
10069612
10069613
10069614
10069615
10069616
10069617
10069618
10069619
10069620
10069621
10069622
10069623
10069624
10069625
10069626
10069628
10069629
10069630
10069631
10069632
10069633
10069635
10069636
10069637
10069638
10069639
10069640
10069641
10069642
10069643
10069645
10069646
10069647
10069648
10069649
10069650
10069651
10069652
10069653
10069654
10069655
10069656
10069657
10069659
10069660
10069661
10069662
10069663
10069664
10069665
10069666
10069667
10069668
10069669
10069670
10069672
10069673
10069674
10069675
10069676
10069677
10069678
10069679
10069680
10069681
10069682
10069683
10069684
10069685
10069686
10069687
10069688
10069689
10069690
10069691
10069692
10069693
10069696
10069697
10069698
10069699
10069700
10069701
10069702
10069703
10069704
10069705
10069706
10069707
10069708
10069709
10069710
10069711
10069712
10069713
10069714
10069715
10069716
10069717
10069718
10069719
10069720
10069721
10069722
10069723
10069724
10069725
10069727
10069728
10069730
10069731
10069732
10069733
10069734
10069735
10069737
10069738
10069739
10069740
10069741
10069742
10069743
10069744
10069745
10069747
10069748
10069749
10069750
10069751
10069752
10069753
10069754
10069755
10069757
10069758
10069759
10069760
10069761
10069762
10069763
10069765
10069766
10069767
10069768
10069769
10069770
10069771
10069772
10069773
10069774
10069775
10069776
10069777
10069779
10069780
10069781
10069782
10069783
10069784
10069785
10069786
10069787
10069788
10069789
10069790
10069791
10069792
10069793
10069794
10069795
10069796
10069797
10069798
10069799
10069800
10069801
10069802
10069803
10069804
10069806
10069807
10069808
10069810
10069811
10069812
10069813
10069814
10069815
10069816
10069817
10069818
10069819
10069820
10069821
10069823
10069824
10069825
10069826
10069827
10069828
10069829
10069830
10069831
10069832
10069833
10069834
10069835
10069836
10069837
10069838
10069839
10069840
10069841
10069842
10069843
10069844
10069845
10069846
10069847
10069848
10069851
10069852
10069853
10069854
10069855
10069856
10069857
10069858
10069859
10069860
10069861
10069862
10069863
10069864
10069865
10069866
10069867
10069868
10069869
10069870
10069871
10069872
10069873
10069874
10069875
10069876
10069877
10069878
10069879
10069880
10069882
10069883
10069884
10069885
10069886
10069889
10069891
10069892
10069893
10069894
10069895
10069896
10069897
10069898
10069899
10069900
10069901
10069902
10069903
10069904
10069905
10069906
10069908
10069909
10069910
10069911
10069912
10069913
10069914
10069917
10069918
10069920
10069921
10069922
10069923
10069925
10069926
10069927
10069928
10069929
10069930
10069931
10069932
10069933
10069934
10069938
10069939
10069940
10069941
10069942
10069943
10069944
10069945
10069948
10069949
10069950
10069951
10069952
10069953
10069954
10069955
10069956
10069957
10069958
10069960
10069961
10069962
10069963
10069964
10069965
10069966
10069967
10069968
10069969
10069970
10069971
10069972
10069973
10069974
10069975
10069976
10069979
10069980
10069981
10069982
10069983
10069984
10069985
10069987
10069988
10069990
10069992
10069993
10069994
10069995
10069996
10069997
10069999
10070000
10070001
10070003
10070004
10070005
10070007
10070008
10070016
10070017
10070019
10070022
10070023
10070024
10070025
10070027
10070028
10070030
10070031
10070035
10070037
10070038
10070040
10070041
10070042
10070043
10070044
10070045
10070046
10070047
10070048
10070049
10070050
10070051
10070052
10070053
10070054
10070055
10070056
10070057
10070058
10070063
10070064
10070065
10070066
10070067
10070068
10070069
10070072
10070073
10070075
10070076
10070080
10070081
10070082
10070083
10070084
10070086
10070087
10070088
10070089
10070090
10070091
10070092
10070093
10070094
10070098
10070099
10070100
10070101
10070102
10070103
10070105
10070108
10070109
10070110
10070111
10070117
10070118
10070119
10070120
10070121
10070122
10070123
10070124
10070125
10070127
10070134
10070135
10070136
10070137
10070138
10070139
10070140
10070141
10070142
10070146
10070149
10070150
10070151
10070152
10070153
10070156
10070157
10070158
10070159
10070160
10070161
10070162
10070163
10070167
10070168
10070169
10070171
10070172
10070173
10070174
10070175
10070176
10070182
10070183
10070184
10070185
10070186
10070187
10070188
10070189
10070190
10070191
10070192
10070193
10070194
10070195
10070196
10070198
10070199
10070200
10070201
10070202
10070203
10070206
10070207
10070208
10070209
10070211
10070212
10070213
10070214
10070215
10070216
10070217
10070218
10070219
10070220
10070221
10070222
10070223
10070224
10070225
10070226
10070227
10070232
10070233
10070234
10070235
10070236
10070237
10070238
10070239
10070240
10070241
10070242
10070243
10070244
10070245
10070246
10070247
10070248
10070249
10070250
10070251
10070258
10070259
10070260
10070261
10070262
10070263
10070264
10070265
10070266
10070267
10070268
10070269
10070270
10070271
10070272
10070273
10070274
10070275
10070276
10070279
10070281
10070287
10070288
10070289
10070290
10070291
10070292
10070293
10070295
10070300
10070301
10070302
10070303
10070304
10070305
10070306
10070307
10070308
10070309
10070311
10070312
10070313
10070314
10070315
10070316
10070317
10070318
10070319
10070320
10070321
10070322
10070323
10070324
10070325
10070326
10070332
10070333
10070334
10070335
10070336
10070337
10070338
10070339
10070340
10070341
10070342
10070343
10070344
10070345
10070347
10070352
10070353
10070354
10070355
10070356
10070357
10070358
10070359
10070360
10070361
10070362
10070363
10070364
10070365
10070366
10070368
10070369
10070370
10070372
10070373
10070374
10070375
10070376
10070377
10070378
10070379
10070380
10070381
10070382
10070383
10070384
10070386
10070387
10070389
10070390
10070391
10070392
10070393
10070394
10070395
10070396
10070397
10070398
10070399
10070400
10070401
10070402
10070403
10070404
10070405
10070406
10070407
10070408
10070415
10070416
10070417
10070418
10070419
10070420
10070421
10070422
10070423
10070424
10070425
10070426
10070428
10070429
10070430
10070431
10070432
10070433
10070434
10070435
10070436
10070437
10070438
10070439
10070440
10070441
10070443
10070444
10070445
10070446
10070447
10070448
10070449
10070450
10070451
10070452
10070453
10070454
10070455
10070456
10070457
10070458
10070459
10070460
10070461
10070462
10070464
10070465
10070466
10070467
10070474
10070475
10070476
10070482
10070483
10070484
10070485
10070486
10070487
10070488
10070494
10070495
10070496
10070497
10070498
10070499
10070500
10070501
10070502
10070503
10070504
10070505
10070506
10070507
10070508
10070509
10070513
10070514
10070515
10070516
10070518
10070520
10070521
10070522
10070523
10070524
10070525
10070527
10070530
10070531
10070532
10070534
10070535
10070536
10070537
10070538
10070539
10070540
10070541
10070542
10070543
10070544
10070545
10070556
10070557
10070558
10070559
10070560
10070561
10070562
10070569
10070570
10070571
10070572
10070573
10070574
10070575
10070576
10070578
10070580
10070582
10070583
10070584
10070585
10070586
10070590
10070591
10070592
10070593
10070594
10070595
10070596
10070597
10070598
10070599
10070601
10070604
10070605
10070606
10070607
10070608
10070609
10070610
10070611
10070612
10070613
10070617
10070618
10070620
10070621
10070622
10070623
10070624
10070625
10070626
10070627
10070628
10070629
10070630
10070631
10070633
10070634
10070635
10070637
10070639
10070640
10070642
10070643
10070645
10070646
10070647
10070648
10070649
10070650
10070651
10070652
10070653
10070654
10070655
10070656
10070657
10070658
10070659
10070660
10070662
10070663
10070665
10070666
10070667
10070668
10070669
10070670
10070672
10070681
10070682
10070683
10070684
10070685
10070686
10070687
10070688
10070689
10070690
10070691
10070693
10070694
10070696
10070697
10070698
10070699
10070700
10070703
10070705
10070706
10070707
10070708
10070709
10070710
10070711
10070712
10070713
10070715
10070716
10070717
10070718
10070719
10070720
10070721
10070722
10070723
10070726
10070727
10070730
10070731
10070732
10070734
10070735
10070736
10070737
10070738
10070739
10070740
10070749
10070750
10070751
10070752
10070753
10070754
10070755
10070756
10070757
10070758
10070759
10070760
10070761
10070762
10070763
10070764
10070765
10070767
10070768
10070769
10070770
10070771
10070773
10070774
10070775
10070776
10070778
10070782
10070783
10070784
10070785
10070786
10070787
10070788
10070789
10070790
10070791
10070792
10070793
10070794
10070795
10070796
10070797
10070798
10070799
10070801
10070802
10070803
10070804
10070805
10070807
10070808
10070809
10070810
10070811
10070812
10070813
10070814
10070815
10070821
10070823
10070824
10070825
10070826
10070827
10070828
10070829
10070830
10070831
10070832
10070833
10070834
10070835
10070836
10070847
10070848
10070849
10070850
10070851
10070852
10070853
10070854
10070855
10070856
10070857
10070858
10070862
10070863
10070864
10070865
10070866
10070867
10070868
10070869
10070870
10070871
10070872
10070873
10070874
10070875
10070876
10070877
10070878
10070879
10070880
10070882
10070883
10070884
10070885
10070886
10070887
10070888
10070889
10070890
10070891
10070892
10070893
10070894
10070895
10070896
10070897
10070898
10070899
10070901
10070902
10070903
10070904
10070905
10070906
10070907
10070908
10070912
10070913
10070914
10070915
10070918
10070919
10070920
10070921
10070922
10070924
10070926
10070927
10070929
10070930
10070931
10070932
10070933
10070934
10070935
10070936
10070937
10070938
10070939
10070940
10070941
10070942
10070943
10070944
10070945
10070947
10070948
10070949
10070950
10070951
10070952
10070953
10070954
10070955
10070956
10070957
10070958
10070959
10070961
10070962
10070963
10070964
10070966
10070967
10070968
10070969
10070970
10070971
10070973
10070977
10070980
10070982
10070983
10070984
10070985
10070994
10070995
10070996
10070997
10070998
10070999
10071000
10071001
10071003
10071004
10071005
10071006
10071007
10071008
10071009
10071010
10071011
10071017
10071018
10071019
10071020
10071021
10071022
10071023
10071024
10071025
10071027
10071035
10071036
10071037
10071038
10071039
10071040
10071041
10071042
10071044
10071045
10071048
10071049
10071051
10071055
10071056
10071057
10071058
10071059
10071060
10071061
10071062
10071063
10071064
10071065
10071066
10071067
10071068
10071069
10071070
10071071
10071072
10071073
10071074
10071075
10071076
10071077
10071078
10071080
10071081
10071082
10071083
10071084
10071085
10071086
10071087
10071088
10071089
10071090
10071091
10071093
10071094
10071096
10071098
10071099
10071100
10071101
10071102
10071103
10071105
10071106
10071107
10071108
10071113
10071115
10071116
10071117
10071118
10071119
10071120
10071121
10071122
10071123
10071124
10071125
10071126
10071128
10071135
10071136
10071137
10071138
10071139
10071140
10071141
10071142
10071143
10071144
10071145
10071146
10071147
10071150
10071151
10071152
10071153
10071154
10071155
10071156
10071157
10071158
10071161
10071162
10071163
10071168
10071169
10071170
10071171
10071172
10071173
10071174
10071175
10071180
10071181
10071182
10071183
10071184
10071185
10071186
10071187
10071188
10071189
10071190
10071191
10071192
10071193
10071194
10071195
10071196
10071197
10071198
10071199
10071200
10071201
10071202
10071208
10071209
10071210
10071211
10071212
10071213
10071214
10071215
10071216
10071217
10071218
10071219
10071220
10071221
10071222
10071224
10071225
10071226
10071228
10071229
10071230
10071231
10071232
10071233
10071235
10071236
10071237
10071238
10071239
10071240
10071241
10071242
10071251
10071252
10071253
10071254
10071255
10071256
10071257
10071258
10071259
10071260
10071261
10071262
10071263
10071264
10071265
10071270
10071271
10071272
10071273
10071274
10071275
10071276
10071277
10071278
10071279
10071280
10071281
10071282
10071283
10071284
10071286
10071287
10071288
10071289
10071290
10071291
10071293
10071296
10071297
10071298
10071299
10071300
10071301
10071302
10071304
10071305
10071309
10071310
10071311
10071312
10071313
10071314
10071316
10071317
10071318
10071319
10071320
10071321
10071322
10071323
10071324
10071326
10071328
10071329
10071330
10071331
10071332
10071333
10071334
10071335
10071336
10071337
10071338
10071339
10071340
10071341
10071342
10071343
10071344
10071345
10071346
10071347
10071348
10071349
10071350
10071351
10071352
10071353
10071354
10071355
10071356
10071357
10071358
10071359
10071360
10071361
10071362
10071363
10071364
10071365
10071367
10071368
10071369
10071370
10071371
10071372
10071373
10071374
10071375
10071376
10071377
10071379
10071381
10071382
10071383
10071384
10071385
10071391
10071392
10071393
10071394
10071395
10071396
10071399
10071401
10071403
10071405
10071406
10071407
10071408
10071409
10071410
10071411
10071412
10071413
10071414
10071415
10071416
10071420
10071422
10071423
10071424
10071425
10071426
10071428
10071429
10071431
10071432
10071433
10071435
10071437
10071438
10071439
10071440
10071441
10071442
10071443
10071444
10071446
10071448
10071449
10071450
10071451
10071452
10071453
10071454
10071455
10071456
10071458
10071459
10071460
10071461
10071462
10071463
10071468
10071470
10071472
10071474
10071475
10071477
10071478
10071479
10071480
10071481
10071482
10071483
10071484
10071485
10071486
10071487
10071488
10071489
10071490
10071491
10071492
10071493
10071494
10071497
10071498
10071499
10071500
10071503
10071505
10071506
10071507
10071508
10071510
10071512
10071513
10071515
10071516
10071517
10071518
10071519
10071520
10071522
10071523
10071530
10071531
10071532
10071533
10071534
10071535
10071536
10071544
10071545
10071546
10071547
10071548
10071549
10071550
10071551
10071552
10071553
10071554
10071555
10071556
10071557
10071558
10071564
10071565
10071566
10071567
10071568
10071569
10071575
10071576
10071577
10071578
10071579
10071580
10071581
10071582
10071583
10071584
10071591
10071592
10071593
10071594
10071596
10071597
10071598
10071599
10071600
10071606
10071609
10071610
10071611
10071612
10071613
10071614
10071615
10071616
10071617
10071619
10071620
10071621
10071622
10071623
10071624
10071625
10071626
10071628
10071631
10071635
10071636
10071637
10071638
10071639
10071640
10071642
10071643
10071644
10071645
10071646
10071647
10071648
10071649
10071650
10071651
10071652
10071654
10071656
10071657
10071658
10071659
10071660
10071661
10071662
10071663
10071664
10071665
10071666
10071670
10071671
10071672
10071673
10071674
10071675
10071676
10071678
10071684
10071685
10071686
10071687
10071688
10071689
10071690
10071691
10071692
10071693
10071694
10071700
10071701
10071703
10071704
10071705
10071707
10071709
10071714
10071715
10071716
10071717
10071718
10071719
10071720
10071721
10071722
10071728
10071729
10071730
10071731
10071732
10071735
10071739
10071740
10071749
10071750
10071751
10071752
10071753
10071754
10071755
10071756
10071757
10071759
10071760
10071761
10071763
10071764
10071765
10071766
10071767
10071768
10071769
10071770
10071771
10071772
10071773
10071774
10071775
10071776
10071780
10071784
10071785
10071786
10071787
10071788
10071790
10071791
10071792
10071797
10071799
10071802
10071807
10071808
10071809
10071810
10071811
10071812
10071813
10071823
10071824
10071825
10071826
10071827
10071828
10071829
10071830
10071839
10071840
10071841
10071843
10071844
10071845
10071846
10071847
10071848
10071849
10071850
10071852
10071853
10071854
10071855
10071856
10071862
10071863
10071864
10071865
10071872
10071873
10071874
10071875
10071876
10071877
10071878
10071879
10071880
10071881
10071883
10071884
10071885
10071886
10071891
10071892
10071893
10071894
10071895
10071896
10071900
10071901
10071902
10071903
10071904
10071905
10071907
10071908
10071909
10071910
10071911
10071913
10071914
10071915
10071916
10071917
10071918
10071919
10071921
10071924
10071927
10071929
10071930
10071931
10071932
10071933
10071934
10071935
10071936
10071937
10071938
10071939
10071940
10071941
10071942
10071943
10071944
10071945
10071948
10071953
10071954
10071955
10071956
10071957
10071958
10071959
10071960
10071961
10071962
10071963
10071964
10071965
10071966
10071974
10071975
10071976
10071977
10071978
10071979
10071980
10071981
10071983
10071985
10071986
10071988
10071989
10071990
10071991
10071992
10071993
10071994
10071995
10071996
10071998
10072000
10072014
10072015
10072016
10072017
10072018
10072020
10072021
10072022
10072023
10072024
10072025
10072026
10072032
10072033
10072034
10072035
10072036
10072037
10072038
10072039
10072040
10072041
10072042
10072043
10072044
10072045
10072050
10072051
10072052
10072053
10072054
10072055
10072056
10072063
10072065
10072066
10072067
10072068
10072070
10072071
10072072
10072073
10072074
10072075
10072076
10072077
10072078
10072079
10072080
10072081
10072082
10072083
10072084
10072085
10072086
10072087
10072088
10072090
10072091
10072093
10072094
10072096
10072097
10072098
10072099
10072100
10072102
10072103
10072104
10072105
10072106
10072110
10072111
10072112
10072113
10072114
10072118
10072119
10072120
10072121
10072122
10072123
10072124
10072125
10072126
10072131
10072132
10072133
10072134
10072135
10072136
10072138
10072140
10072141
10072142
10072143
10072144
10072145
10072146
10072147
10072152
10072153
10072154
10072155
10072156
10072157
10072158
10072160
10072169
10072170
10072171
10072172
10072176
10072182
10072183
10072184
10072185
10072186
10072187
10072188
10072189
10072190
10072191
10072192
10072193
10072194
10072195
10072196
10072197
10072198
10072199
10072200
10072201
10072204
10072205
10072207
10072209
10072210
10072211
10072212
10072214
10072216
10072217
10072218
10072219
10072221
10072222
10072223
10072224
10072226
10072228
10072230
10072231
10072232
10072233
10072234
10072235
10072236
10072237
10072239
10072240
10072241
10072242
10072243
10072248
10072249
10072250
10072251
10072252
10072253
10072254
10072255
10072256
10072258
10072260
10072264
10072265
10072266
10072267
10072268
10072269
10072270
10072271
10072273
10072275
10072276
10072277
10072278
10072279
10072280
10072287
10072288
10072289
10072290
10072294
10072295
10072296
10072297
10072298
10072299
10072307
10072308
10072309
10072310
10072311
10072312
10072313
10072314
10072315
10072316
10072317
10072318
10072319
10072320
10072321
10072322
10072323
10072326
10072327
10072328
10072329
10072330
10072331
10072332
10072333
10072334
10072342
10072343
10072344
10072345
10072348
10072349
10072350
10072351
10072352
10072354
10072355
10072358
10072359
10072361
10072364
10072365
10072367
10072368
10072369
10072370
10072371
10072372
10072373
10072374
10072375
10072376
10072377
10072378
10072379
10072380
10072381
10072382
10072383
10072384
10072385
10072386
10072387
10072388
10072392
10072393
10072394
10072395
10072396
10072397
10072398
10072399
10072400
10072401
10072402
10072403
10072404
10072405
10072408
10072409
10072410
10072411
10072412
10072413
10072414
10072416
10072417
10072418
10072419
10072420
10072421
10072426
10072427
10072428
10072429
10072430
10072432
10072435
10072436
10072437
10072438
10072439
10072440
10072441
10072442
10072443
10072444
10072445
10072446
10072447
10072448
10072449
10072450
10072451
10072452
10072454
10072455
10072456
10072466
10072467
10072469
10072470
10072471
10072473
10072474
10072475
10072476
10072477
10072478
10072479
10072481
10072482
10072483
10072484
10072485
10072486
10072487
10072488
10072490
10072491
10072492
10072493
10072495
10072496
10072498
10072500
10072501
10072509
10072510
10072511
10072512
10072513
10072514
10072523
10072524
10072527
10072529
10072531
10072532
10072533
10072534
10072535
10072536
10072541
10072542
10072546
10072547
10072549
10072550
10072551
10072555
10072556
10072557
10072558
10072559
10072560
10072561
10072562
10072563
10072565
10072566
10072574
10072575
10072586
10072587
10072588
10072589
10072590
10072591
10072592
10072599
10072600
10072601
10072602
10072603
10072604
10072605
10072606
10072612
10072614
10072615
10072616
10072618
10072619
10072620
10072621
10072622
10072624
10072625
10072626
10072627
10072628
10072629
10072631
10072633
10072634
10072637
10072638
10072642
10072644
10072645
10072646
10072647
10072648
10072649
10072650
10072651
10072652
10072653
10072654
10072655
10072656
10072658
10072659
10072660
10072661
10072662
10072663
10072664
10072665
10072666
10072667
10072668
10072669
10072671
10072673
10072675
10072688
10072692
10072693
10072694
10072695
10072696
10072697
10072698
10072699
10072700
10072701
10072702
10072703
10072704
10072705
10072706
10072707
10072708
10072709
10072710
10072711
10072713
10072714
10072715
10072716
10072717
10072718
10072719
10072720
10072722
10072732
10072733
10072734
10072735
10072736
10072737
10072738
10072740
10072741
10072749
10072750
10072751
10072752
10072753
10072754
10072755
10072756
10072757
10072758
10072759
10072760
10072761
10072762
10072768
10072769
10072770
10072771
10072772
10072773
10072774
10072778
10072781
10072782
10072783
10072784
10072785
10072786
10072787
10072788
10072789
10072790
10072791
10072792
10072793
10072794
10072795
10072796
10072797
10072798
10072799
10072801
10072802
10072803
10072804
10072805
10072806
10072807
10072808
10072809
10072810
10072811
10072813
10072814
10072815
10072816
10072819
10072820
10072821
10072822
10072824
10072825
10072826
10072831
10072836
10072837
10072838
10072839
10072840
10072841
10072842
10072843
10072844
10072845
10072854
10072858
10072859
10072860
10072861
10072862
10072863
10072872
10072873
10072874
10072875
10072878
10072879
10072880
10072888
10072889
10072890
10072891
10072892
10072893
10072894
10072905
10072906
10072907
10072908
10072909
10072910
10072911
10072912
10072913
10072914
10072915
10072916
10072917
10072918
10072919
10072920
10072927
10072928
10072929
10072930
10072931
10072932
10072933
10072934
10072935
10072936
10072937
10072938
10072939
10072940
10072941
10072942
10072943
10072944
10072952
10072954
10072955
10072956
10072958
10072959
10072960
10072961
10072962
10072963
10072964
10072965
10072966
10072967
10072968
10072969
10072970
10072971
10072972
10072973
10072974
10072976
10072977
10072978
10072979
10072983
10072984
10072985
10072986
10072987
10072988
10072989
10072991
10072993
10072995
10072997
10072998
10072999
10073000
10073002
10073004
10073005
10073006
10073012
10073013
10073014
10073015
10073016
10073019
10073020
10073021
10073024
10073025
10073026
10073027
10073028
10073031
10073032
10073033
10073034
10073035
10073036
10073037
10073038
10073039
10073040
10073041
10073042
10073044
10073045
10073049
10073050
10073051
10073052
10073060
10073061
10073062
10073063
10073064
10073065
10073066
10073067
10073068
10073069
10073071
10073072
10073073
10073074
10073075
10073076
10073077
10073078
10073080
10073084
10073085
10073086
10073087
10073088
10073089
10073091
10073092
10073093
10073094
10073095
10073096
10073097
10073098
10073100
10073101
10073102
10073103
10073105
10073106
10073107
10073108
10073109
10073111
10073112
10073113
10073115
10073116
10073117
10073130
10073131
10073132
10073133
10073134
10073135
10073136
10073137
10073142
10073143
10073144
10073145
10073146
10073147
10073148
10073149
10073150
10073151
10073152
10073153
10073154
10073155
10073156
10073157
10073158
10073161
10073164
10073165
10073166
10073167
10073168
10073173
10073174
10073175
10073176
10073177
10073178
10073179
10073180
10073181
10073182
10073183
10073184
10073185
10073186
10073187
10073188
10073189
10073190
10073191
10073192
10073193
10073195
10073200
10073206
10073212
10073213
10073214
10073215
10073216
10073217
10073218
10073219
10073220
10073221
10073222
10073223
10073224
10073225
10073226
10073227
10073228
10073229
10073230
10073231
10073232
10073233
10073234
10073235
10073236
10073242
10073243
10073244
10073245
10073246
10073247
10073248
10073249
10073250
10073251
10073252
10073253
10073254
10073255
10073256
10073257
10073258
10073259
10073260
10073261
10073262
10073263
10073267
10073268
10073269
10073270
10073271
10073273
10073274
10073275
10073276
10073278
10073284
10073285
10073286
10073288
10073290
10073291
10073292
10073293
10073294
10073295
10073297
10073298
10073299
10073301
10073306
10073307
10073308
10073309
10073310
10073311
10073312
10073313
10073314
10073317
10073318
10073319
10073320
10073321
10073324
10073325
10073326
10073327
10073328
10073329
10073330
10073331
10073333
10073337
10073338
10073339
10073340
10073345
10073346
10073347
10073348
10073349
10073350
10073353
10073354
10073355
10073357
10073358
10073359
10073360
10073363
10073365
10073366
10073367
10073368
10073372
10073373
10073374
10073375
10073376
10073377
10073378
10073379
10073380
10073381
10073382
10073384
10073385
10073386
10073387
10073388
10073391
10073392
10073393
10073394
10073395
10073396
10073397
10073398
10073399
10073400
10073401
10073402
10073404
10073408
10073409
10073410
10073411
10073412
10073413
10073414
10073415
10073416
10073417
10073418
10073419
10073420
10073421
10073422
10073423
10073424
10073425
10073426
10073427
10073428
10073432
10073433
10073434
10073435
10073436
10073437
10073438
10073439
10073444
10073445
10073446
10073447
10073455
10073456
10073457
10073458
10073459
10073460
10073461
10073462
10073463
10073464
10073466
10073468
10073470
10073471
10073472
10073473
10073474
10073476
10073480
10073481
10073482
10073483
10073484
10073485
10073486
10073487
10073489
10073490
10073492
10073494
10073497
10073499
10073500
10073506
10073510
10073511
10073512
10073513
10073514
10073515
10073516
10073517
10073518
10073519
10073520
10073522
10073523
10073524
10073525
10073526
10073527
10073528
10073530
10073532
10073533
10073536
10073537
10073538
10073540
10073541
10073542
10073543
10073544
10073545
10073546
10073547
10073548
10073549
10073550
10073551
10073552
10073553
10073554
10073555
10073558
10073559
10073560
10073561
10073562
10073563
10073564
10073565
10073566
10073567
10073568
10073569
10073571
10073572
10073573
10073574
10073575
10073576
10073580
10073581
10073582
10073583
10073584
10073585
10073586
10073587
10073589
10073590
10073591
10073594
10073595
10073596
10073597
10073598
10073599
10073600
10073601
10073602
10073604
10073605
10073606
10073607
10073608
10073611
10073612
10073613
10073614
10073615
10073617
10073618
10073619
10073620
10073621
10073622
10073623
10073624
10073625
10073626
10073627
10073629
10073630
10073631
10073632
10073633
10073634
10073635
10073636
10073639
10073640
10073642
10073643
10073644
10073645
10073653
10073654
10073655
10073656
10073657
10073659
10073660
10073661
10073662
10073663
10073665
10073667
10073668
10073669
10073670
10073671
10073673
10073674
10073675
10073676
10073677
10073679
10073680
10073681
10073682
10073683
10073684
10073685
10073686
10073687
10073688
10073689
10073690
10073691
10073696
10073697
10073698
10073699
10073701
10073702
10073703
10073704
10073705
10073706
10073709
10073712
10073714
10073715
10073716
10073717
10073718
10073719
10073721
10073722
10073723
10073724
10073725
10073727
10073728
10073729
10073730
10073731
10073732
10073736
10073737
10073739
10073740
10073745
10073746
10073747
10073748
10073749
10073750
10073751
10073752
10073753
10073754
10073755
10073756
10073760
10073761
10073762
10073763
10073764
10073765
10073766
10073767
10073768
10073769
10073770
10073772
10073773
10073774
10073775
10073776
10073777
10073778
10073786
10073787
10073788
10073789
10073790
10073791
10073792
10073794
10073795
10073796
10073797
10073798
10073799
10073800
10073801
10073802
10073803
10073805
10073806
10073807
10073809
10073810
10073812
10073813
10073815
10073816
10073817
10073818
10073819
10073820
10073821
10073822
10073824
10073825
10073826
10073827
10073828
10073836
10073837
10073838
10073840
10073841
10073842
10073843
10073845
10073846
10073850
10073852
10073853
10073854
10073855
10073856
10073857
10073863
10073864
10073868
10073869
10073870
10073871
10073873
10073874
10073875
10073881
10073882
10073883
10073892
10073893
10073894
10073895
10073896
10073897
10073898
10073899
10073900
10073911
10073913
10073914
10073915
10073916
10073917
10073918
10073919
10073920
10073921
10073922
10073923
10073924
10073925
10073927
10073929
10073931
10073932
10073933
10073935
10073936
10073937
10073938
10073939
10073940
10073941
10073943
10073944
10073946
10073949
10073950
10073951
10073952
10073953
10073954
10073955
10073959
10073960
10073961
10073962
10073963
10073965
10073967
10073968
10073969
10073970
10073971
10073972
10073973
10073976
10073977
10073978
10073979
10073980
10073981
10073982
10073988
10073989
10073990
10073991
10073992
10073993
10073994
10073995
10073996
10073997
10073998
10073999
10074000
10074003
10074004
10074005
10074006
10074007
10074008
10074012
10074013
10074014
10074015
10074016
10074017
10074018
10074019
10074020
10074021
10074022
10074023
10074025
10074026
10074039
10074040
10074041
10074042
10074043
10074044
10074048
10074050
10074051
10074052
10074053
10074054
10074055
10074056
10074057
10074058
10074059
10074060
10074061
10074062
10074063
10074064
10074065
10074066
10074067
10074068
10074069
10074070
10074071
10074072
10074074
10074075
10074076
10074078
10074079
10074082
10074083
10074089
10074090
10074091
10074092
10074093
10074094
10074095
10074096
10074097
10074098
10074099
10074104
10074105
10074106
10074107
10074108
10074109
10074110
10074111
10074114
10074115
10074116
10074118
10074120
10074121
10074122
10074123
10074124
10074128
10074129
10074130
10074131
10074132
10074133
10074134
10074135
10074136
10074137
10074139
10074140
10074141
10074142
10074143
10074144
10074150
10074151
10074152
10074153
10074154
10074155
10074156
10074157
10074166
10074167
10074168
10074169
10074170
10074171
10074172
10074173
10074174
10074175
10074176
10074177
10074178
10074179
10074180
10074181
10074182
10074183
10074184
10074185
10074186
10074187
10074188
10074189
10074190
10074192
10074193
10074194
10074195
10074197
10074198
10074199
10074200
10074201
10074202
10074203
10074204
10074205
10074207
10074208
10074209
10074210
10074211
10074212
10074215
10074216
10074218
10074220
10074221
10074222
10074223
10074225
10074229
10074230
10074231
10074232
10074233
10074234
10074235
10074236
10074237
10074239
10074241
10074242
10074245
10074250
10074251
10074252
10074253
10074255
10074259
10074260
10074262
10074263
10074264
10074265
10074266
10074267
10074268
10074270
10074271
10074272
10074278
10074279
10074280
10074281
10074282
10074283
10074284
10074285
10074286
10074287
10074294
10074295
10074296
10074297
10074298
10074299
10074300
10074301
10074302
10074303
10074304
10074305
10074306
10074307
10074308
10074309
10074312
10074313
10074314
10074315
10074317
10074318
10074319
10074320
10074321
10074322
10074323
10074324
10074325
10074326
10074327
10074328
10074329
10074330
10074331
10074337
10074338
10074339
10074340
10074341
10074342
10074343
10074344
10074346
10074348
10074352
10074353
10074354
10074355
10074356
10074357
10074358
10074362
10074363
10074364
10074365
10074371
10074372
10074373
10074374
10074375
10074376
10074377
10074378
10074379
10074381
10074385
10074386
10074387
10074388
10074389
10074390
10074391
10074392
10074394
10074402
10074403
10074404
10074405
10074406
10074407
10074408
10074409
10074410
10074411
10074412
10074413
10074415
10074416
10074417
10074418
10074419
10074422
10074423
10074426
10074427
10074428
10074429
10074430
10074431
10074432
10074433
10074434
10074435
10074436
10074443
10074444
10074445
10074446
10074448
10074450
10074451
10074454
10074465
10074466
10074467
10074468
10074469
10074470
10074471
10074472
10074473
10074474
10074475
10074476
10074477
10074478
10074479
10074480
10074481
10074483
10074485
10074486
10074487
10074489
10074490
10074491
10074494
10074496
10074497
10074498
10074499
10074500
10074501
10074502
10074504
10074505
10074506
10074507
10074508
10074509
10074512
10074514
10074515
10074516
10074517
10074518
10074519
10074521
10074522
10074523
10074524
10074525
10074530
10074531
10074532
10074534
10074537
10074538
10074539
10074541
10074542
10074543
10074544
10074547
10074548
10074549
10074550
10074551
10074552
10074553
10074554
10074558
10074559
10074560
10074561
10074562
10074563
10074564
10074565
10074566
10074567
10074568
10074569
10074570
10074571
10074573
10074575
10074576
10074577
10074578
10074579
10074581
10074582
10074583
10074584
10074585
10074586
10074587
10074588
10074589
10074590
10074593
10074596
10074597
10074598
10074599
10074605
10074606
10074607
10074608
10074609
10074611
10074612
10074613
10074614
10074619
10074621
10074622
10074625
10074626
10074628
10074629
10074630
10074631
10074632
10074633
10074634
10074635
10074636
10074638
10074642
10074643
10074644
10074654
10074655
10074656
10074657
10074658
10074659
10074667
10074668
10074669
10074670
10074671
10074672
10074673
10074674
10074675
10074676
10074677
10074678
10074679
10074680
10074681
10074682
10074684
10074685
10074686
10074687
10074688
10074689
10074690
10074691
10074692
10074693
10074694
10074695
10074696
10074697
10074698
10074699
10074700
10074701
10074703
10074704
10074709
10074710
10074711
10074712
10074713
10074714
10074715
10074720
10074722
10074723
10074724
10074725
10074726
10074727
10074728
10074729
10074730
10074731
10074732
10074734
10074735
10074736
10074738
10074739
10074740
10074741
10074744
10074745
10074747
10074748
10074749
10074751
10074752
10074753
10074754
10074755
10074756
10074757
10074758
10074759
10074760
10074761
10074762
10074763
10074764
10074765
10074766
10074778
10074779
10074780
10074781
10074782
10074783
10074784
10074785
10074786
10074787
10074789
10074793
10074794
10074795
10074802
10074804
10074805
10074806
10074807
10074808
10074815
10074816
10074817
10074818
10074819
10074820
10074822
10074823
10074824
10074825
10074826
10074827
10074832
10074833
10074834
10074835
10074836
10074837
10074838
10074839
10074840
10074841
10074842
10074844
10074845
10074847
10074848
10074850
10074851
10074853
10074854
10074855
10074856
10074857
10074858
10074859
10074860
10074861
10074862
10074864
10074868
10074869
10074870
10074872
10074877
10074878
10074879
10074880
10074881
10074882
10074883
10074884
10074886
10074887
10074888
10074891
10074892
10074893
10074894
10074895
10074896
10074897
10074898
10074899
10074900
10074902
10074903
10074904
10074905
10074907
10074908
10074909
10074910
10074916
10074917
10074918
10074919
10074920
10074921
10074922
10074923
10074924
10074926
10074927
10074928
10074929
10074930
10074931
10074932
10074933
10074934
10074935
10074936
10074937
10074938
10074939
10074940
10074942
10074943
10074945
10074946
10074948
10074949
10074950
10074951
10074952
10074953
10074954
10074955
10074956
10074957
10074958
10074959
10074960
10074962
10074963
10074964
10074965
10074966
10074967
10074968
10074969
10074970
10074971
10074973
10074975
10074976
10074977
10074978
10074980
10074981
10074982
10074983
10074984
10074985
10074989
10074990
10074991
10074992
10074993
10074994
10074995
10074996
10074997
10074998
10074999
10075000
10075005
10075006
10075007
10075008
10075009
10075010
10075011
10075012
10075013
10075014
10075019
10075020
10075021
10075022
10075023
10075024
10075025
10075026
10075027
10075028
10075029
10075030
10075033
10075037
10075038
10075039
10075040
10075041
10075042
10075043
10075044
10075045
10075046
10075048
10075049
10075050
10075051
10075052
10075053
10075054
10075055
10075056
10075057
10075058
10075059
10075060
10075061
10075062
10075063
10075067
10075070
10075071
10075072
10075073
10075074
10075075
10075076
10075077
10075078
10075079
10075080
10075081
10075083
10075084
10075085
10075086
10075087
10075089
10075090
10075091
10075092
10075093
10075094
10075095
10075096
10075097
10075098
10075099
10075106
10075107
10075108
10075109
10075110
10075111
10075112
10075113
10075114
10075115
10075116
10075117
10075118
10075119
10075129
10075130
10075131
10075132
10075133
10075134
10075135
10075136
10075137
10075138
10075139
10075140
10075141
10075142
10075145
10075146
10075147
10075148
10075154
10075155
10075156
10075157
10075158
10075159
10075161
10075162
10075164
10075165
10075166
10075167
10075171
10075172
10075173
10075174
10075175
10075179
10075180
10075181
10075187
10075188
10075189
10075190
10075191
10075192
10075193
10075195
10075196
10075197
10075198
10075200
10075201
10075203
10075204
10075205
10075206
10075207
10075208
10075209
10075210
10075211
10075212
10075213
10075214
10075216
10075217
10075218
10075219
10075220
10075221
10075222
10075223
10075224
10075225
10075226
10075227
10075228
10075229
10075230
10075231
10075232
10075237
10075242
10075243
10075244
10075245
10075246
10075247
10075248
10075249
10075251
10075253
10075259
10075260
10075261
10075262
10075263
10075264
10075265
10075266
10075267
10075268
10075271
10075272
10075273
10075274
10075277
10075280
10075281
10075282
10075283
10075284
10075289
10075290
10075291
10075292
10075293
10075295
10075296
10075297
10075298
10075299
10075300
10075301
10075302
10075303
10075304
10075305
10075306
10075308
10075309
10075310
10075311
10075312
10075316
10075317
10075318
10075319
10075320
10075321
10075322
10075323
10075324
10075326
10075327
10075329
10075330
10075331
10075332
10075333
10075334
10075335
10075336
10075337
10075338
10075339
10075340
10075341
10075342
10075343
10075344
10075345
10075346
10075349
10075350
10075351
10075352
10075354
10075355
10075357
10075358
10075359
10075360
10075361
10075362
10075363
10075364
10075365
10075366
10075367
10075368
10075369
10075370
10075372
10075373
10075374
10075375
10075376
10075384
10075385
10075386
10075387
10075388
10075389
10075391
10075392
10075393
10075395
10075397
10075398
10075399
10075402
10075403
10075404
10075405
10075406
10075407
10075408
10075409
10075410
10075411
10075412
10075415
10075416
10075423
10075424
10075425
10075426
10075427
10075428
10075429
10075431
10075432
10075433
10075434
10075435
10075436
10075441
10075442
10075443
10075444
10075445
10075446
10075447
10075448
10075449
10075450
10075451
10075452
10075453
10075454
10075455
10075456
10075457
10075459
10075460
10075461
10075462
10075466
10075467
10075468
10075469
10075470
10075471
10075472
10075473
10075474
10075475
10075476
10075477
10075483
10075484
10075485
10075486
10075487
10075488
10075489
10075490
10075493
10075494
10075495
10075496
10075501
10075502
10075503
10075504
10075505
10075506
10075507
10075509
10075510
10075515
10075516
10075517
10075518
10075519
10075520
10075521
10075522
10075523
10075524
10075525
10075526
10075527
10075529
10075531
10075532
10075538
10075539
10075540
10075541
10075542
10075543
10075544
10075545
10075546
10075547
10075548
10075549
10075550
10075552
10075553
10075554
10075555
10075556
10075557
10075558
10075559
10075560
10075561
10075562
10075563
10075564
10075565
10075566
10075567
10075568
10075569
10075570
10075571
10075572
10075574
10075575
10075576
10075577
10075578
10075579
10075580
10075581
10075582
10075583
10075584
10075585
10075586
10075587
10075588
10075589
10075590
10075591
10075592
10075593
10075594
10075595
10075596
10075597
10075598
10075599
10075600
10075603
10075604
10075605
10075606
10075607
10075609
10075610
10075611
10075612
10075613
10075618
10075619
10075620
10075621
10075624
10075625
10075626
10075627
10075628
10075629
10075630
10075631
10075632
10075633
10075637
10075638
10075639
10075641
10075642
10075643
10075646
10075647
10075648
10075649
10075650
10075651
10075652
10075654
10075655
10075656
10075659
10075660
10075661
10075662
10075663
10075664
10075665
10075666
10075667
10075668
10075669
10075670
10075671
10075672
10075673
10075674
10075675
10075676
10075677
10075682
10075683
10075684
10075685
10075688
10075689
10075690
10075691
10075692
10075693
10075694
10075695
10075696
10075697
10075700
10075708
10075709
10075710
10075711
10075712
10075714
10075716
10075717
10075718
10075720
10075721
10075722
10075723
10075724
10075725
10075726
10075727
10075728
10075729
10075730
10075731
10075732
10075733
10075734
10075735
10075736
10075739
10075741
10075742
10075744
10075745
10075746
10075747
10075748
10075749
10075751
10075752
10075758
10075759
10075760
10075761
10075762
10075763
10075765
10075766
10075769
10075770
10075771
10075772
10075773
10075774
10075775
10075776
10075777
10075778
10075779
10075780
10075781
10075782
10075783
10075785
10075786
10075787
10075792
10075793
10075794
10075795
10075796
10075797
10075798
10075799
10075800
10075807
10075808
10075809
10075810
10075811
10075812
10075813
10075814
10075815
10075816
10075817
10075818
10075819
10075821
10075822
10075823
10075826
10075827
10075828
10075829
10075830
10075831
10075832
10075833
10075834
10075835
10075836
10075837
10075838
10075839
10075841
10075842
10075843
10075844
10075845
10075846
10075848
10075850
10075851
10075852
10075853
10075854
10075855
10075858
10075859
10075860
10075861
10075862
10075863
10075864
10075866
10075869
10075870
10075871
10075872
10075873
10075874
10075875
10075876
10075877
10075878
10075879
10075880
10075881
10075882
10075892
10075893
10075894
10075895
10075897
10075898
10075899
10075909
10075910
10075911
10075912
10075913
10075914
10075915
10075916
10075917
10075918
10075919
10075921
10075926
10075927
10075928
10075929
10075930
10075931
10075932
10075936
10075942
10075943
10075944
10075945
10075946
10075947
10075948
10075949
10075950
10075951
10075952
10075954
10075956
10075957
10075959
10075961
10075962
10075963
10075964
10075965
10075966
10075967
10075970
10075971
10075975
10075976
10075978
10075979
10075980
10075981
10075982
10075983
10075984
10075985
10075986
10075987
10075989
10075990
10075991
10075992
10075993
10075994
10075995
10075996
10075997
10075999
10076000
10076001
10076002
10076007
10076008
10076009
10076011
10076012
10076014
10076015
10076016
10076018
10076019
10076020
10076021
10076022
10076023
10076025
10076026
10076027
10076028
10076029
10076030
10076031
10076032
10076033
10076034
10076035
10076036
10076037
10076038
10076039
10076040
10076041
10076042
10076043
10076044
10076045
10076046
10076047
10076048
10076049
10076050
10076051
10076054
10076055
10076056
10076059
10076060
10076061
10076063
10076064
10076065
10076067
10076068
10076069
10076071
10076076
10076077
10076078
10076079
10076080
10076081
10076082
10076083
10076084
10076085
10076086
10076087
10076088
10076089
10076090
10076091
10076092
10076093
10076094
10076095
10076097
10076098
10076100
10076102
10076103
10076104
10076108
10076109
10076110
10076111
10076112
10076113
10076115
10076116
10076117
10076118
10076120
10076123
10076126
10076127
10076128
10076130
10076131
10076132
10076133
10076134
10076135
10076136
10076137
10076139
10076140
10076141
10076144
10076145
10076146
10076148
10076149
10076150
10076153
10076154
10076155
10076156
10076163
10076164
10076165
10076166
10076167
10076169
10076170
10076171
10076172
10076173
10076174
10076175
10076179
10076182
10076183
10076184
10076190
10076191
10076192
10076193
10076194
10076195
10076196
10076197
10076198
10076199
10076202
10076203
10076206
10076207
10076208
10076209
10076210
10076211
10076212
10076213
10076214
10076215
10076216
10076217
10076218
10076219
10076221
10076222
10076223
10076226
10076227
10076228
10076229
10076230
10076231
10076232
10076233
10076234
10076235
10076236
10076238
10076240
10076241
10076242
10076244
10076245
10076249
10076250
10076251
10076252
10076253
10076254
10076255
10076257
10076258
10076259
10076260
10076261
10076262
10076263
10076264
10076265
10076268
10076269
10076271
10076272
10076273
10076274
10076276
10076277
10076278
10076279
10076280
10076281
10076283
10076284
10076285
10076286
10076287
10076288
10076294
10076295
10076296
10076297
10076298
10076299
10076302
10076308
10076309
10076310
10076311
10076312
10076313
10076314
10076315
10076316
10076317
10076318
10076319
10076320
10076321
10076322
10076324
10076325
10076330
10076331
10076332
10076333
10076334
10076335
10076336
10076337
10076338
10076339
10076340
10076344
10076345
10076346
10076347
10076348
10076349
10076350
10076351
10076352
10076353
10076354
10076356
10076362
10076363
10076371
10076372
10076373
10076374
10076375
10076376
10076377
10076378
10076379
10076380
10076381
10076382
10076383
10076385
10076386
10076387
10076388
10076389
10076390
10076391
10076392
10076393
10076394
10076395
10076396
10076397
10076398
10076399
10076401
10076402
10076403
10076404
10076405
10076406
10076407
10076408
10076409
10076411
10076412
10076413
10076414
10076415
10076416
10076417
10076418
10076419
10076420
10076421
10076422
10076423
10076424
10076425
10076426
10076430
10076431
10076435
10076436
10076437
10076439
10076441
10076442
10076445
10076446
10076447
10076454
10076455
10076456
10076457
10076458
10076459
10076460
10076461
10076462
10076463
10076464
10076465
10076466
10076467
10076468
10076469
10076471
10076472
10076473
10076476
10076478
10076479
10076480
10076481
10076482
10076484
10076490
10076491
10076492
10076493
10076494
10076495
10076496
10076497
10076498
10076499
10076500
10076504
10076505
10076506
10076507
10076508
10076509
10076510
10076512
10076513
10076514
10076515
10076516
10076517
10076518
10076520
10076521
10076522
10076523
10076524
10076525
10076526
10076527
10076528
10076529
10076530
10076531
10076532
10076538
10076539
10076540
10076541
10076542
10076543
10076544
10076545
10076546
10076547
10076548
10076549
10076551
10076552
10076553
10076555
10076556
10076557
10076558
10076559
10076560
10076561
10076562
10076563
10076565
10076566
10076567
10076568
10076569
10076570
10076571
10076572
10076573
10076574
10076575
10076576
10076577
10076578
10076579
10076580
10076581
10076582
10076583
10076584
10076585
10076586
10076587
10076589
10076590
10076591
10076592
10076593
10076594
10076595
10076596
10076598
10076599
10076604
10076605
10076606
10076607
10076608
10076609
10076610
10076611
10076612
10076613
10076614
10076615
10076616
10076617
10076618
10076619
10076620
10076621
10076623
10076624
10076625
10076626
10076627
10076628
10076629
10076630
10076631
10076632
10076633
10076634
10076635
10076636
10076637
10076638
10076640
10076641
10076642
10076643
10076644
10076648
10076649
10076650
10076651
10076652
10076653
10076654
10076655
10076657
10076658
10076660
10076661
10076667
10076668
10076669
10076671
10076672
10076673
10076674
10076675
10076676
10076677
10076678
10076679
10076680
10076681
10076682
10076684
10076685
10076686
10076687
10076688
10076689
10076690
10076691
10076693
10076695
10076696
10076698
10076699
10076703
10076704
10076706
10076707
10076708
10076709
10076710
10076711
10076712
10076713
10076714
10076715
10076716
10076717
10076721
10076722
10076724
10076725
10076726
10076727
10076728
10076729
10076730
10076731
10076734
10076740
10076741
10076742
10076743
10076744
10076745
10076746
10076747
10076748
10076749
10076751
10076752
10076753
10076754
10076755
10076756
10076757
10076759
10076760
10076761
10076762
10076763
10076764
10076765
10076766
10076767
10076768
10076769
10076770
10076771
10076772
10076773
10076775
10076776
10076778
10076781
10076782
10076783
10076784
10076785
10076786
10076790
10076791
10076793
10076794
10076795
10076796
10076797
10076798
10076799
10076802
10076803
10076804
10076805
10076806
10076807
10076808
10076809
10076810
10076811
10076812
10076813
10076814
10076823
10076824
10076825
10076826
10076827
10076828
10076829
10076830
10076831
10076832
10076833
10076834
10076835
10076836
10076837
10076838
10076839
10076840
10076844
10076845
10076846
10076847
10076848
10076849
10076850
10076851
10076852
10076853
10076854
10076855
10076856
10076857
10076858
10076859
10076860
10076861
10076862
10076863
10076868
10076870
10076871
10076872
10076873
10076874
10076875
10076876
10076877
10076879
10076880
10076881
10076882
10076883
10076884
10076887
10076888
10076889
10076890
10076891
10076892
10076893
10076894
10076895
10076896
10076897
10076898
10076899
10076900
10076903
10076904
10076905
10076906
10076907
10076908
10076915
10076916
10076917
10076918
10076919
10076920
10076921
10076922
10076923
10076924
10076925
10076926
10076927
10076928
10076929
10076933
10076934
10076935
10076936
10076937
10076938
10076939
10076940
10076941
10076942
10076943
10076944
10076945
10076947
10076948
10076951
10076952
10076953
10076954
10076955
10076956
10076957
10076958
10076959
10076962
10076963
10076964
10076965
10076966
10076968
10076969
10076970
10076971
10076975
10076976
10076977
10076978
10076979
10076980
10076981
10076982
10076983
10076984
10076985
10076986
10076989
10076990
10076992
10076993
10076994
10076995
10076996
10076997
10076998
10076999
10077001
10077002
10077003
10077006
10077008
10077009
10077010
10077011
10077012
10077013
10077014
10077015
10077021
10077022
10077024
10077025
10077026
10077027
10077028
10077029
10077030
10077031
10077032
10077033
10077034
10077036
10077037
10077039
10077043
10077044
10077045
10077047
10077048
10077050
10077053
10077054
10077055
10077056
10077058
10077059
10077062
10077063
10077064
10077065
10077066
10077067
10077068
10077069
10077071
10077072
10077073
10077074
10077075
10077076
10077077
10077080
10077081
10077082
10077083
10077084
10077085
10077086
10077087
10077089
10077090
10077091
10077092
10077093
10077094
10077095
10077096
10077098
10077099
10077101
10077102
10077103
10077104
10077105
10077106
10077107
10077108
10077109
10077110
10077111
10077113
10077114
10077115
10077118
10077119
10077120
10077121
10077122
10077123
10077124
10077125
10077126
10077127
10077128
10077129
10077130
10077131
10077135
10077137
10077138
10077139
10077140
10077143
10077149
10077150
10077151
10077152
10077153
10077154
10077155
10077156
10077157
10077158
10077159
10077160
10077165
10077166
10077167
10077168
10077169
10077170
10077171
10077172
10077173
10077174
10077175
10077176
10077177
10077178
10077179
10077180
10077181
10077182
10077183
10077184
10077185
10077186
10077187
10077190
10077191
10077192
10077193
10077194
10077195
10077196
10077197
10077198
10077199
10077201
10077203
10077204
10077205
10077206
10077207
10077208
10077211
10077212
10077213
10077214
10077215
10077216
10077217
10077218
10077219
10077220
10077221
10077222
10077223
10077224
10077225
10077226
10077230
10077231
10077232
10077233
10077234
10077235
10077236
10077237
10077238
10077239
10077240
10077241
10077242
10077243
10077244
10077245
10077246
10077247
10077248
10077249
10077250
10077251
10077252
10077253
10077254
10077255
10077256
10077258
10077259
10077261
10077262
10077267
10077268
10077269
10077270
10077271
10077272
10077273
10077275
10077281
10077282
10077283
10077284
10077285
10077286
10077287
10077288
10077289
10077290
10077291
10077292
10077293
10077294
10077296
10077297
10077301
10077305
10077306
10077307
10077308
10077309
10077310
10077311
10077312
10077313
10077314
10077315
10077316
10077319
10077320
10077321
10077322
10077323
10077324
10077325
10077327
10077328
10077329
10077332
10077333
10077334
10077335
10077336
10077337
10077338
10077339
10077340
10077341
10077342
10077344
10077345
10077346
10077347
10077348
10077349
10077353
10077354
10077355
10077356
10077357
10077358
10077359
10077360
10077361
10077362
10077363
10077364
10077365
10077366
10077367
10077368
10077369
10077370
10077371
10077373
10077376
10077377
10077378
10077379
10077380
10077381
10077382
10077383
10077384
10077385
10077386
10077387
10077388
10077390
10077400
10077401
10077402
10077404
10077405
10077406
10077407
10077408
10077409
10077410
10077413
10077414
10077415
10077419
10077420
10077421
10077422
10077423
10077424
10077425
10077426
10077427
10077428
10077429
10077431
10077432
10077433
10077434
10077435
10077436
10077437
10077438
10077439
10077440
10077441
10077442
10077443
10077444
10077445
10077446
10077447
10077448
10077449
10077450
10077454
10077455
10077456
10077458
10077459
10077460
10077461
10077462
10077464
10077465
10077466
10077467
10077468
10077469
10077471
10077472
10077473
10077475
10077476
10077477
10077478
10077486
10077487
10077488
10077489
10077490
10077491
10077492
10077493
10077494
10077495
10077496
10077497
10077498
10077499
10077500
10077501
10077502
10077503
10077504
10077505
10077506
10077507
10077508
10077509
10077510
10077511
10077512
10077513
10077514
10077515
10077516
10077518
10077521
10077522
10077523
10077524
10077525
10077526
10077527
10077528
10077530
10077531
10077532
10077534
10077535
10077536
10077539
10077540
10077541
10077542
10077543
10077544
10077545
10077546
10077547
10077548
10077549
10077550
10077551
10077552
10077553
10077555
10077558
10077561
10077562
10077565
10077566
10077567
10077568
10077569
10077570
10077571
10077572
10077575
10077576
10077577
10077578
10077579
10077583
10077584
10077585
10077586
10077587
10077588
10077589
10077590
10077591
10077592
10077598
10077599
10077600
10077601
10077603
10077604
10077605
10077606
10077608
10077609
10077611
10077612
10077613
10077614
10077615
10077617
10077618
10077619
10077620
10077621
10077622
10077623
10077624
10077625
10077626
10077627
10077628
10077631
10077632
10077633
10077634
10077637
10077638
10077639
10077643
10077644
10077645
10077646
10077647
10077648
10077649
10077650
10077652
10077655
10077656
10077657
10077658
10077659
10077660
10077661
10077670
10077671
10077672
10077673
10077674
10077675
10077677
10077678
10077680
10077681
10077682
10077684
10077685
10077686
10077687
10077688
10077689
10077692
10077693
10077694
10077695
10077696
10077697
10077698
10077699
10077700
10077701
10077702
10077707
10077708
10077709
10077711
10077712
10077713
10077714
10077715
10077716
10077720
10077721
10077722
10077723
10077726
10077727
10077728
10077729
10077730
10077731
10077734
10077735
10077736
10077737
10077738
10077739
10077740
10077741
10077744
10077745
10077746
10077747
10077749
10077750
10077751
10077752
10077753
10077754
10077755
10077756
10077757
10077758
10077759
10077761
10077762
10077763
10077764
10077766
10077767
10077768
10077771
10077772
10077773
10077775
10077776
10077777
10077778
10077779
10077780
10077785
10077786
10077787
10077788
10077789
10077790
10077791
10077792
10077793
10077795
10077796
10077797
10077798
10077799
10077800
10077810
10077811
10077812
10077813
10077814
10077815
10077817
10077818
10077820
10077821
10077822
10077823
10077824
10077831
10077833
10077834
10077835
10077836
10077837
10077838
10077839
10077841
10077842
10077843
10077845
10077846
10077847
10077849
10077850
10077852
10077853
10077854
10077855
10077856
10077858
10077859
10077860
10077863
10077864
10077865
10077866
10077867
10077868
10077869
10077870
10077871
10077872
10077874
10077876
10077880
10077883
10077884
10077886
10077887
10077888
10077889
10077890
10077891
10077892
10077893
10077894
10077895
10077896
10077897
10077898
10077899
10077901
10077902
10077903
10077904
10077905
10077906
10077907
10077908
10077909
10077910
10077911
10077912
10077913
10077914
10077915
10077916
10077917
10077918
10077919
10077926
10077927
10077928
10077930
10077931
10077932
10077933
10077934
10077935
10077937
10077938
10077940
10077941
10077942
10077943
10077944
10077945
10077946
10077947
10077950
10077951
10077952
10077953
10077954
10077955
10077956
10077957
10077958
10077959
10077960
10077961
10077964
10077965
10077968
10077969
10077970
10077971
10077972
10077973
10077975
10077976
10077977
10077978
10077980
10077984
10077985
10077986
10077987
10077988
10077989
10077990
10077991
10077992
10077995
10077996
10077997
10077998
10077999
10078000
10078007
10078008
10078009
10078010
10078011
10078012
10078013
10078014
10078015
10078016
10078017
10078018
10078019
10078020
10078021
10078022
10078023
10078024
10078025
10078027
10078028
10078029
10078030
10078031
10078032
10078033
10078034
10078035
10078036
10078037
10078038
10078039
10078040
10078041
10078045
10078046
10078047
10078048
10078049
10078050
10078051
10078052
10078053
10078054
10078056
10078065
10078066
10078067
10078068
10078069
10078070
10078071
10078072
10078073
10078074
10078075
10078083
10078084
10078085
10078086
10078087
10078088
10078089
10078090
10078091
10078092
10078093
10078094
10078095
10078096
10078097
10078098
10078099
10078100
10078101
10078102
10078103
10078104
10078105
10078106
10078107
10078108
10078109
10078110
10078112
10078115
10078116
10078117
10078118
10078119
10078121
10078122
10078123
10078124
10078125
10078126
10078127
10078128
10078129
10078132
10078133
10078134
10078135
10078136
10078137
10078138
10078140
10078142
10078143
10078144
10078145
10078146
10078147
10078148
10078154
10078155
10078156
10078157
10078158
10078159
10078160
10078164
10078165
10078166
10078167
10078168
10078170
10078171
10078172
10078173
10078174
10078175
10078176
10078177
10078178
10078179
10078180
10078181
10078182
10078183
10078185
10078186
10078187
10078188
10078189
10078190
10078191
10078192
10078193
10078194
10078195
10078196
10078197
10078198
10078199
10078200
10078210
10078211
10078212
10078213
10078214
10078215
10078216
10078217
10078218
10078219
10078227
10078228
10078229
10078230
10078231
10078232
10078233
10078234
10078235
10078236
10078237
10078238
10078239
10078240
10078241
10078243
10078249
10078250
10078251
10078252
10078253
10078254
10078255
10078256
10078257
10078258
10078259
10078260
10078265
10078266
10078269
10078270
10078271
10078272
10078273
10078274
10078275
10078276
10078277
10078278
10078280
10078281
10078282
10078283
10078284
10078286
10078287
10078289
10078291
10078292
10078293
10078294
10078295
10078296
10078297
10078299
10078303
10078305
10078306
10078307
10078308
10078309
10078310
10078312
10078313
10078316
10078317
10078320
10078321
10078325
10078327
10078329
10078330
10078331
10078336
10078337
10078338
10078339
10078340
10078341
10078342
10078343
10078344
10078345
10078346
10078347
10078348
10078351
10078352
10078353
10078354
10078356
10078357
10078361
10078362
10078363
10078364
10078366
10078367
10078368
10078369
10078373
10078374
10078375
10078376
10078377
10078378
10078379
10078383
10078384
10078385
10078386
10078388
10078389
10078390
10078391
10078393
10078394
10078395
10078396
10078401
10078402
10078403
10078405
10078406
10078407
10078408
10078409
10078410
10078411
10078417
10078418
10078420
10078421
10078422
10078423
10078424
10078425
10078426
10078427
10078428
10078429
10078432
10078433
10078434
10078435
10078436
10078437
10078439
10078440
10078441
10078448
10078449
10078450
10078451
10078452
10078456
10078457
10078458
10078459
10078460
10078461
10078462
10078463
10078464
10078465
10078466
10078467
10078468
10078469
10078470
10078471
10078472
10078475
10078476
10078477
10078478
10078479
10078480
10078481
10078482
10078483
10078484
10078489
10078490
10078491
10078492
10078493
10078494
10078495
10078496
10078497
10078498
10078499
10078500
10078501
10078503
10078504
10078505
10078506
10078508
10078509
10078510
10078511
10078512
10078513
10078514
10078515
10078516
10078517
10078518
10078519
10078520
10078521
10078522
10078523
10078524
10078525
10078527
10078530
10078531
10078532
10078533
10078534
10078535
10078536
10078537
10078538
10078539
10078540
10078542
10078545
10078547
10078548
10078549
10078550
10078552
10078553
10078554
10078555
10078556
10078557
10078558
10078559
10078562
10078563
10078564
10078565
10078567
10078568
10078570
10078571
10078572
10078573
10078574
10078575
10078576
10078577
10078578
10078579
10078580
10078581
10078586
10078587
10078588
10078589
10078590
10078591
10078592
10078593
10078594
10078595
10078596
10078598
10078600
10078601
10078602
10078603
10078605
10078606
10078607
10078608
10078609
10078611
10078612
10078613
10078614
10078615
10078620
10078621
10078622
10078625
10078627
10078629
10078630
10078631
10078632
10078633
10078634
10078635
10078636
10078637
10078638
10078639
10078640
10078641
10078642
10078644
10078645
10078646
10078647
10078648
10078649
10078650
10078651
10078652
10078653
10078654
10078655
10078656
10078662
10078663
10078664
10078665
10078669
10078670
10078671
10078672
10078673
10078674
10078675
10078676
10078677
10078678
10078679
10078680
10078681
10078683
10078684
10078691
10078692
10078693
10078694
10078695
10078696
10078697
10078698
10078699
10078701
10078702
10078703
10078704
10078706
10078707
10078708
10078709
10078710
10078711
10078712
10078714
10078715
10078716
10078725
10078726
10078727
10078728
10078729
10078730
10078731
10078732
10078733
10078734
10078735
10078736
10078737
10078741
10078742
10078743
10078744
10078745
10078746
10078747
10078748
10078749
10078750
10078751
10078752
10078753
10078754
10078757
10078758
10078759
10078764
10078765
10078766
10078767
10078768
10078769
10078770
10078771
10078772
10078773
10078774
10078775
10078776
10078777
10078778
10078779
10078781
10078785
10078786
10078787
10078788
10078789
10078791
10078793
10078794
10078795
10078796
10078797
10078798
10078799
10078800
10078801
10078802
10078803
10078804
10078806
10078809
10078810
10078811
10078812
10078820
10078821
10078822
10078823
10078824
10078828
10078829
10078830
10078831
10078832
10078833
10078834
10078835
10078836
10078837
10078838
10078839
10078841
10078842
10078843
10078847
10078851
10078853
10078854
10078864
10078865
10078866
10078867
10078868
10078869
10078870
10078871
10078872
10078873
10078874
10078877
10078878
10078879
10078880
10078881
10078883
10078884
10078885
10078886
10078887
10078889
10078890
10078891
10078894
10078896
10078902
10078907
10078909
10078910
10078911
10078912
10078913
10078915
10078916
10078917
10078918
10078929
10078930
10078931
10078932
10078933
10078934
10078935
10078936
10078937
10078938
10078939
10078940
10078941
10078942
10078944
10078945
10078946
10078948
10078949
10078951
10078952
10078953
10078954
10078955
10078956
10078957
10078958
10078959
10078960
10078961
10078962
10078963
10078964
10078965
10078966
10078967
10078968
10078969
10078971
10078972
10078974
10078975
10078976
10078977
10078981
10078982
10078983
10078984
10078985
10078987
10078988
10078989
10078991
10078992
10078996
10078997
10078998
10078999
10079003
10079005
10079006
10079007
10079008
10079009
10079014
10079015
10079016
10079017
10079018
10079020
10079022
10079031
10079032
10079033
10079034
10079035
10079036
10079037
10079038
10079039
10079040
10079042
10079043
10079044
10079046
10079048
10079049
10079050
10079051
10079052
10079053
10079056
10079057
10079058
10079059
10079060
10079064
10079065
10079067
10079068
10079069
10079070
10079071
10079072
10079073
10079074
10079075
10079077
10079078
10079079
10079082
10079083
10079084
10079085
10079086
10079087
10079089
10079090
10079091
10079092
10079093
10079094
10079096
10079097
10079098
10079102
10079104
10079105
10079106
10079107
10079108
10079109
10079110
10079111
10079112
10079113
10079114
10079115
10079116
10079117
10079118
10079119
10079121
10079123
10079124
10079125
10079126
10079129
10079131
10079132
10079133
10079134
10079135
10079136
10079146
10079147
10079149
10079156
10079157
10079158
10079159
10079160
10079161
10079162
10079163
10079164
10079165
10079166
10079167
10079168
10079169
10079170
10079171
10079174
10079175
10079177
10079178
10079179
10079180
10079181
10079182
10079183
10079184
10079185
10079189
10079190
10079191
10079192
10079193
10079194
10079196
10079197
10079198
10079199
10079202
10079203
10079204
10079205
10079206
10079207
10079208
10079209
10079210
10079211
10079212
10079217
10079218
10079219
10079220
10079223
10079224
10079225
10079226
10079227
10079228
10079229
10079230
10079232
10079233
10079234
10079235
10079236
10079238
10079242
10079245
10079246
10079247
10079248
10079249
10079250
10079251
10079252
10079253
10079254
10079255
10079256
10079257
10079258
10079259
10079260
10079261
10079262
10079263
10079264
10079265
10079266
10079267
10079268
10079269
10079271
10079273
10079274
10079275
10079276
10079277
10079278
10079279
10079280
10079281
10079282
10079283
10079284
10079285
10079286
10079287
10079288
10079289
10079290
10079291
10079293
10079294
10079295
10079296
10079298
10079299
10079300
10079301
10079302
10079303
10079304
10079305
10079310
10079311
10079312
10079313
10079314
10079316
10079317
10079318
10079319
10079320
10079321
10079322
10079323
10079324
10079325
10079332
10079333
10079334
10079335
10079336
10079337
10079338
10079339
10079340
10079341
10079342
10079343
10079345
10079346
10079347
10079348
10079349
10079350
10079351
10079353
10079354
10079355
10079356
10079357
10079359
10079360
10079361
10079362
10079363
10079364
10079365
10079366
10079367
10079369
10079370
10079374
10079375
10079376
10079377
10079378
10079379
10079380
10079382
10079387
10079388
10079389
10079390
10079391
10079392
10079393
10079394
10079395
10079396
10079397
10079398
10079400
10079401
10079402
10079403
10079404
10079405
10079410
10079411
10079412
10079413
10079415
10079416
10079417
10079418
10079419
10079420
10079421
10079422
10079423
10079424
10079425
10079427
10079428
10079429
10079430
10079431
10079432
10079435
10079436
10079438
10079439
10079440
10079441
10079442
10079443
10079444
10079445
10079446
10079447
10079448
10079449
10079450
10079451
10079452
10079453
10079456
10079457
10079458
10079459
10079460
10079461
10079462
10079464
10079465
10079466
10079467
10079471
10079473
10079474
10079475
10079476
10079477
10079478
10079479
10079480
10079481
10079482
10079483
10079491
10079492
10079493
10079494
10079495
10079496
10079497
10079498
10079499
10079500
10079501
10079502
10079503
10079504
10079505
10079508
10079509
10079510
10079511
10079512
10079520
10079521
10079522
10079523
10079525
10079529
10079531
10079533
10079534
10079535
10079536
10079537
10079538
10079539
10079540
10079541
10079542
10079543
10079544
10079545
10079547
10079548
10079549
10079550
10079551
10079552
10079553
10079554
10079555
10079558
10079559
10079560
10079561
10079562
10079563
10079564
10079565
10079566
10079567
10079570
10079571
10079572
10079573
10079574
10079575
10079576
10079577
10079578
10079579
10079580
10079581
10079582
10079586
10079587
10079588
10079589
10079590
10079592
10079593
10079594
10079595
10079596
10079597
10079598
10079599
10079600
10079601
10079602
10079603
10079604
10079605
10079606
10079607
10079608
10079610
10079611
10079614
10079616
10079617
10079619
10079620
10079621
10079622
10079623
10079624
10079625
10079627
10079628
10079629
10079630
10079637
10079638
10079639
10079640
10079641
10079646
10079648
10079651
10079652
10079653
10079654
10079655
10079656
10079657
10079658
10079659
10079660
10079661
10079662
10079663
10079664
10079665
10079666
10079668
10079669
10079670
10079671
10079672
10079673
10079675
10079679
10079680
10079681
10079682
10079683
10079684
10079686
10079687
10079690
10079691
10079692
10079693
10079694
10079695
10079697
10079698
10079699
10079703
10079705
10079706
10079707
10079708
10079709
10079710
10079711
10079712
10079713
10079714
10079715
10079716
10079717
10079718
10079719
10079721
10079722
10079723
10079724
10079726
10079727
10079728
10079729
10079730
10079732
10079733
10079734
10079735
10079740
10079745
10079746
10079747
10079750
10079751
10079752
10079753
10079754
10079755
10079756
10079758
10079759
10079762
10079763
10079767
10079768
10079770
10079771
10079772
10079773
10079774
10079775
10079776
10079781
10079782
10079783
10079787
10079788
10079789
10079790
10079791
10079792
10079793
10079794
10079795
10079796
10079801
10079803
10079807
10079817
10079819
10079820
10079821
10079822
10079825
10079826
10079827
10079828
10079829
10079830
10079831
10079832
10079833
10079834
10079836
10079837
10079838
10079839
10079840
10079842
10079843
10079844
10079845
10079846
10079851
10079852
10079853
10079854
10079855
10079856
10079857
10079858
10079859
10079860
10079861
10079863
10079865
10079866
10079867
10079868
10079869
10079872
10079873
10079874
10079875
10079877
10079878
10079879
10079880
10079881
10079883
10079885
10079888
10079889
10079895
10079896
10079897
10079898
10079899
10079901
10079902
10079903
10079904
10079905
10079907
10079908
10079909
10079910
10079911
10079912
10079913
10079914
10079916
10079917
10079918
10079920
10079921
10079922
10079926
10079927
10079928
10079929
10079930
10079931
10079932
10079933
10079934
10079935
10079936
10079937
10079938
10079939
10079942
10079943
10079944
10079945
10079946
10079947
10079948
10079949
10079957
10079958
10079959
10079960
10079961
10079962
10079963
10079964
10079965
10079966
10079967
10079968
10079971
10079972
10079973
10079974
10079979
10079980
10079982
10079984
10079986
10079987
10079988
10079989
10079990
10079991
10079992
10079994
10079995
10079996
10079997
10079998
10079999
10080005
10080006
10080007
10080008
10080010
10080013
10080014
10080017
10080019
10080020
10080025
10080026
10080028
10080030
10080031
10080032
10080033
10080034
10080035
10080036
10080037
10080038
10080039
10080040
10080041
10080043
10080044
10080045
10080046
10080047
10080048
10080049
10080050
10080052
10080053
10080054
10080055
10080056
10080058
10080060
10080061
10080062
10080065
10080066
10080067
10080068
10080074
10080075
10080076
10080077
10080078
10080079
10080080
10080081
10080082
10080083
10080084
10080086
10080091
10080093
10080094
10080095
10080097
10080099
10080108
10080109
10080110
10080111
10080112
10080113
10080114
10080115
10080116
10080117
10080118
10080119
10080121
10080122
10080124
10080125
10080126
10080131
10080132
10080133
10080134
10080135
10080136
10080137
10080138
10080139
10080141
10080146
10080147
10080148
10080149
10080150
10080151
10080152
10080153
10080154
10080156
10080160
10080161
10080162
10080163
10080164
10080165
10080166
10080167
10080168
10080171
10080172
10080173
10080174
10080175
10080176
10080180
10080181
10080182
10080183
10080184
10080185
10080186
10080187
10080188
10080189
10080190
10080191
10080194
10080196
10080197
10080198
10080199
10080200
10080202
10080203
10080204
10080205
10080206
10080207
10080208
10080209
10080210
10080211
10080212
10080213
10080214
10080215
10080216
10080217
10080218
10080219
10080220
10080221
10080222
10080223
10080224
10080226
10080227
10080228
10080229
10080231
10080232
10080233
10080234
10080235
10080236
10080237
10080238
10080239
10080240
10080241
10080242
10080243
10080244
10080245
10080246
10080247
10080249
10080250
10080251
10080252
10080253
10080254
10080255
10080256
10080257
10080258
10080259
10080260
10080261
10080262
10080263
10080264
10080265
10080266
10080267
10080268
10080269
10080270
10080273
10080274
10080275
10080276
10080277
10080278
10080279
10080280
10080281
10080284
10080285
10080286
10080290
10080291
10080292
10080293
10080295
10080296
10080298
10080299
10080303
10080304
10080305
10080306
10080307
10080310
10080315
10080317
10080318
10080319
10080320
10080321
10080322
10080323
10080324
10080325
10080326
10080327
10080332
10080336
10080337
10080338
10080339
10080340
10080341
10080342
10080343
10080344
10080345
10080346
10080350
10080351
10080354
10080355
10080356
10080357
10080358
10080359
10080360
10080361
10080362
10080363
10080364
10080366
10080367
10080368
10080369
10080370
10080371
10080372
10080373
10080374
10080375
10080376
10080377
10080378
10080379
10080380
10080381
10080382
10080383
10080384
10080385
10080388
10080389
10080390
10080391
10080393
10080395
10080396
10080397
10080398
10080399
10080400
10080401
10080402
10080403
10080404
10080405
10080406
10080407
10080408
10080410
10080411
10080412
10080413
10080414
10080415
10080416
10080417
10080418
10080423
10080424
10080425
10080426
10080427
10080428
10080429
10080430
10080431
10080432
10080442
10080443
10080444
10080445
10080446
10080447
10080448
10080449
10080450
10080452
10080453
10080454
10080457
10080458
10080459
10080460
10080461
10080464
10080465
10080466
10080467
10080468
10080472
10080473
10080474
10080475
10080476
10080477
10080478
10080479
10080481
10080483
10080484
10080485
10080490
10080491
10080492
10080493
10080494
10080495
10080496
10080497
10080499
10080501
10080503
10080504
10080505
10080506
10080507
10080508
10080509
10080510
10080511
10080512
10080513
10080514
10080515
10080516
10080517
10080518
10080519
10080520
10080521
10080522
10080524
10080529
10080530
10080531
10080532
10080533
10080534
10080535
10080536
10080537
10080538
10080539
10080540
10080541
10080542
10080543
10080544
10080549
10080552
10080553
10080554
10080555
10080556
10080557
10080558
10080559
10080560
10080563
10080564
10080565
10080566
10080567
10080568
10080569
10080571
10080572
10080575
10080576
10080577
10080578
10080579
10080580
10080582
10080583
10080584
10080585
10080586
10080587
10080588
10080591
10080592
10080593
10080594
10080595
10080596
10080597
10080598
10080599
10080601
10080602
10080603
10080606
10080607
10080608
10080609
10080611
10080613
10080618
10080619
10080620
10080622
10080623
10080624
10080625
10080626
10080627
10080628
10080629
10080632
10080633
10080634
10080635
10080636
10080637
10080640
10080641
10080642
10080643
10080644
10080645
10080646
10080647
10080648
10080649
10080650
10080652
10080653
10080654
10080655
10080656
10080657
10080658
10080659
10080660
10080661
10080662
10080663
10080665
10080666
10080667
10080668
10080669
10080670
10080672
10080673
10080674
10080675
10080676
10080679
10080680
10080682
10080683
10080684
10080685
10080686
10080688
10080689
10080690
10080691
10080692
10080693
10080699
10080700
10080701
10080702
10080703
10080704
10080705
10080706
10080707
10080708
10080709
10080710
10080711
10080712
10080713
10080714
10080715
10080721
10080722
10080723
10080724
10080725
10080726
10080727
10080728
10080729
10080730
10080731
10080732
10080733
10080734
10080735
10080736
10080737
10080738
10080745
10080746
10080748
10080749
10080750
10080751
10080752
10080753
10080754
10080755
10080757
10080758
10080759
10080760
10080761
10080764
10080765
10080768
10080769
10080770
10080771
10080772
10080773
10080774
10080775
10080776
10080777
10080782
10080783
10080784
10080785
10080786
10080787
10080788
10080789
10080790
10080791
10080792
10080793
10080794
10080795
10080796
10080798
10080799
10080800
10080801
10080802
10080804
10080809
10080810
10080811
10080812
10080813
10080814
10080815
10080816
10080817
10080818
10080819
10080820
10080821
10080822
10080823
10080824
10080826
10080828
10080829
10080830
10080831
10080832
10080833
10080835
10080836
10080837
10080838
10080839
10080840
10080841
10080842
10080843
10080844
10080845
10080846
10080847
10080848
10080849
10080851
10080852
10080853
10080854
10080855
10080859
10080860
10080861
10080863
10080864
10080865
10080866
10080867
10080869
10080872
10080873
10080874
10080875
10080876
10080877
10080878
10080879
10080880
10080881
10080882
10080883
10080886
10080888
10080889
10080890
10080891
10080892
10080893
10080894
10080895
10080896
10080897
10080898
10080899
10080900
10080902
10080903
10080904
10080905
10080907
10080908
10080909
10080910
10080911
10080912
10080913
10080914
10080915
10080916
10080917
10080920
10080921
10080922
10080923
10080924
10080925
10080926
10080927
10080928
10080929
10080930
10080931
10080932
10080933
10080934
10080935
10080936
10080937
10080938
10080939
10080941
10080942
10080944
10080945
10080946
10080947
10080948
10080949
10080950
10080951
10080952
10080953
10080955
10080956
10080957
10080958
10080959
10080960
10080961
10080962
10080963
10080964
10080965
10080966
10080967
10080968
10080969
10080970
10080971
10080972
10080973
10080974
10080975
10080977
10080979
10080980
10080981
10080982
10080983
10080984
10080985
10080986
10080987
10080988
10080989
10080990
10080991
10080993
10080995
10080996
10080997
10080998
10080999
10081004
10081005
10081007
10081008
10081009
10081010
10081011
10081012
10081013
10081014
10081015
10081016
10081017
10081018
10081019
10081021
10081023
10081024
10081025
10081026
10081027
10081028
10081029
10081030
10081031
10081034
10081035
10081036
10081037
10081038
10081039
10081040
10081041
10081042
10081043
10081044
10081045
10081046
10081048
10081049
10081050
10081051
10081052
10081053
10081054
10081055
10081056
10081057
10081061
10081062
10081063
10081064
10081065
10081066
10081068
10081069
10081070
10081072
10081073
10081074
10081075
10081076
10081077
10081078
10081079
10081090
10081100
10081101
10081102
10081103
10081104
10081105
10081107
10081108
10081109
10081110
10081111
10081112
10081113
10081114
10081115
10081116
10081120
10081121
10081122
10081123
10081124
10081125
10081126
10081133
10081134
10081135
10081136
10081137
10081138
10081139
10081140
10081142
10081143
10081144
10081145
10081146
10081150
10081151
10081152
10081153
10081154
10081155
10081156
10081157
10081158
10081159
10081160
10081163
10081164
10081165
10081166
10081167
10081168
10081169
10081170
10081171
10081172
10081173
10081174
10081175
10081180
10081181
10081182
10081183
10081184
10081185
10081186
10081187
10081188
10081190
10081191
10081192
10081193
10081194
10081195
10081196
10081197
10081198
10081199
10081200
10081201
10081204
10081205
10081206
10081209
10081210
10081211
10081213
10081214
10081215
10081216
10081217
10081218
10081219
10081220
10081223
10081227
10081228
10081229
10081230
10081231
10081232
10081233
10081234
10081235
10081236
10081237
10081238
10081239
10081240
10081241
10081243
10081244
10081245
10081246
10081247
10081248
10081249
10081250
10081251
10081252
10081254
10081256
10081257
10081262
10081263
10081264
10081265
10081266
10081268
10081269
10081270
10081271
10081275
10081278
10081280
10081281
10081282
10081284
10081285
10081286
10081287
10081288
10081289
10081291
10081292
10081294
10081295
10081296
10081297
10081298
10081299
10081300
10081301
10081302
10081303
10081304
10081305
10081306
10081307
10081308
10081309
10081310
10081314
10081315
10081317
10081318
10081319
10081323
10081324
10081325
10081326
10081327
10081328
10081330
10081331
10081332
10081333
10081335
10081336
10081337
10081338
10081339
10081340
10081341
10081342
10081343
10081344
10081345
10081351
10081352
10081353
10081356
10081357
10081361
10081362
10081363
10081365
10081366
10081373
10081374
10081375
10081376
10081377
10081378
10081381
10081384
10081385
10081386
10081387
10081388
10081389
10081395
10081396
10081397
10081398
10081399
10081400
10081401
10081406
10081408
10081411
10081412
10081413
10081416
10081417
10081418
10081421
10081422
10081423
10081424
10081425
10081428
10081429
10081431
10081432
10081433
10081434
10081435
10081436
10081437
10081438
10081439
10081440
10081442
10081443
10081444
10081445
10081446
10081447
10081448
10081450
10081451
10081452
10081453
10081454
10081455
10081456
10081457
10081458
10081459
10081460
10081461
10081462
10081464
10081465
10081466
10081467
10081468
10081469
10081470
10081473
10081474
10081475
10081476
10081477
10081478
10081479
10081480
10081481
10081482
10081484
10081485
10081489
10081492
10081493
10081494
10081496
10081497
10081499
10081503
10081504
10081505
10081506
10081507
10081508
10081509
10081510
10081511
10081513
10081514
10081515
10081516
10081517
10081525
10081526
10081527
10081528
10081529
10081530
10081531
10081532
10081533
10081534
10081535
10081537
10081541
10081542
10081543
10081544
10081545
10081546
10081547
10081548
10081549
10081550
10081551
10081554
10081555
10081558
10081559
10081560
10081561
10081565
10081566
10081567
10081568
10081569
10081570
10081572
10081573
10081574
10081576
10081577
10081578
10081579
10081581
10081583
10081584
10081585
10081586
10081590
10081591
10081592
10081593
10081594
10081595
10081596
10081597
10081598
10081599
10081600
10081602
10081603
10081604
10081605
10081606
10081607
10081608
10081609
10081610
10081611
10081612
10081613
10081614
10081615
10081616
10081617
10081618
10081619
10081620
10081621
10081622
10081623
10081624
10081625
10081626
10081627
10081628
10081630
10081631
10081632
10081635
10081636
10081637
10081639
10081640
10081641
10081642
10081643
10081644
10081645
10081647
10081648
10081649
10081654
10081655
10081656
10081657
10081658
10081659
10081660
10081661
10081662
10081663
10081668
10081669
10081670
10081671
10081672
10081673
10081674
10081675
10081676
10081677
10081678
10081679
10081685
10081686
10081687
10081688
10081689
10081691
10081692
10081693
10081694
10081695
10081696
10081699
10081701
10081702
10081703
10081704
10081705
10081706
10081707
10081709
10081710
10081711
10081713
10081714
10081715
10081716
10081717
10081718
10081719
10081721
10081725
10081726
10081727
10081728
10081729
10081731
10081732
10081733
10081734
10081735
10081736
10081737
10081738
10081740
10081741
10081742
10081743
10081744
10081745
10081746
10081747
10081748
10081749
10081750
10081751
10081752
10081753
10081754
10081755
10081756
10081759
10081760
10081762
10081764
10081765
10081766
10081769
10081771
10081772
10081773
10081774
10081776
10081778
10081779
10081780
10081781
10081782
10081783
10081784
10081787
10081788
10081789
10081790
10081791
10081792
10081794
10081795
10081801
10081802
10081803
10081804
10081806
10081807
10081808
10081813
10081814
10081815
10081816
10081817
10081818
10081819
10081820
10081821
10081822
10081824
10081825
10081826
10081827
10081830
10081831
10081832
10081833
10081834
10081835
10081836
10081837
10081840
10081843
10081845
10081846
10081847
10081848
10081849
10081850
10081851
10081852
10081856
10081857
10081858
10081859
10081860
10081861
10081862
10081863
10081864
10081865
10081866
10081867
10081868
10081873
10081875
10081876
10081877
10081878
10081879
10081880
10081883
10081884
10081886
10081887
10081888
10081889
10081890
10081891
10081892
10081893
10081894
10081895
10081899
10081903
10081905
10081906
10081907
10081908
10081909
10081913
10081914
10081915
10081916
10081917
10081918
10081919
10081920
10081921
10081922
10081923
10081924
10081925
10081928
10081938
10081939
10081940
10081941
10081942
10081943
10081949
10081951
10081952
10081953
10081954
10081957
10081958
10081959
10081960
10081961
10081962
10081963
10081966
10081967
10081971
10081972
10081973
10081974
10081975
10081976
10081977
10081978
10081979
10081980
10081981
10081983
10081984
10081985
10081986
10081987
10081988
10081989
10081990
10081991
10081995
10081996
10081997
10081998
10081999
10082001
10082003
10082004
10082008
10082009
10082010
10082011
10082012
10082013
10082014
10082015
10082016
10082017
10082018
10082019
10082020
10082021
10082022
10082023
10082024
10082025
10082026
10082027
10082028
10082029
10082030
10082032
10082033
10082034
10082035
10082036
10082037
10082038
10082039
10082040
10082041
10082042
10082047
10082048
10082049
10082050
10082051
10082052
10082053
10082054
10082055
10082061
10082062
10082063
10082064
10082065
10082066
10082067
10082068
10082069
10082070
10082071
10082072
10082073
10082074
10082075
10082078
10082079
10082080
10082081
10082082
10082083
10082084
10082085
10082087
10082088
10082089
10082090
10082092
10082093
10082095
10082096
10082097
10082098
10082099
10082100
10082102
10082105
10082106
10082107
10082108
10082109
10082110
10082111
10082112
10082113
10082114
10082115
10082116
10082117
10082118
10082119
10082120
10082121
10082122
10082123
10082124
10082125
10082128
10082129
10082130
10082132
10082134
10082135
10082136
10082137
10082138
10082140
10082142
10082143
10082144
10082147
10082148
10082149
10082150
10082151
10082152
10082153
10082154
10082155
10082156
10082157
10082158
10082159
10082160
10082164
10082165
10082167
10082168
10082169
10082170
10082172
10082175
10082176
10082177
10082178
10082179
10082185
10082187
10082188
10082189
10082190
10082191
10082192
10082193
10082194
10082195
10082196
10082197
10082198
10082199
10082200
10082201
10082202
10082203
10082204
10082205
10082208
10082209
10082210
10082212
10082214
10082215
10082216
10082217
10082218
10082221
10082222
10082223
10082224
10082225
10082227
10082231
10082233
10082234
10082235
10082236
10082240
10082241
10082242
10082243
10082244
10082245
10082246
10082247
10082248
10082249
10082250
10082252
10082255
10082256
10082257
10082258
10082261
10082262
10082263
10082264
10082266
10082267
10082268
10082269
10082270
10082271
10082272
10082273
10082274
10082275
10082276
10082277
10082278
10082279
10082280
10082281
10082282
10082283
10082284
10082285
10082286
10082288
10082289
10082290
10082292
10082293
10082294
10082296
10082299
10082300
10082302
10082303
10082305
10082306
10082307
10082311
10082312
10082313
10082314
10082315
10082316
10082317
10082318
10082319
10082321
10082323
10082324
10082327
10082328
10082329
10082330
10082331
10082332
10082337
10082338
10082341
10082342
10082343
10082344
10082345
10082352
10082353
10082354
10082355
10082356
10082358
10082360
10082361
10082362
10082363
10082364
10082365
10082366
10082367
10082371
10082377
10082378
10082379
10082380
10082382
10082384
10082385
10082388
10082389
10082397
10082398
10082399
10082400
10082401
10082402
10082403
10082404
10082405
10082406
10082407
10082408
10082409
10082410
10082411
10082412
10082413
10082414
10082415
10082416
10082417
10082418
10082420
10082421
10082423
10082428
10082429
10082430
10082431
10082432
10082433
10082434
10082435
10082436
10082437
10082438
10082439
10082440
10082441
10082442
10082443
10082444
10082446
10082447
10082448
10082449
10082450
10082451
10082452
10082453
10082454
10082456
10082457
10082458
10082459
10082460
10082464
10082465
10082466
10082467
10082468
10082470
10082471
10082472
10082473
10082474
10082475
10082480
10082481
10082482
10082483
10082484
10082485
10082486
10082487
10082488
10082489
10082490
10082491
10082492
10082493
10082494
10082495
10082496
10082497
10082498
10082500
10082503
10082504
10082505
10082506
10082507
10082508
10082509
10082510
10082511
10082513
10082515
10082517
10082518
10082520
10082521
10082524
10082525
10082526
10082527
10082528
10082529
10082530
10082531
10082532
10082533
10082537
10082538
10082539
10082540
10082541
10082542
10082543
10082544
10082545
10082546
10082547
10082548
10082550
10082551
10082552
10082553
10082554
10082555
10082556
10082557
10082558
10082559
10082560
10082561
10082563
10082564
10082566
10082567
10082568
10082569
10082570
10082571
10082572
10082573
10082575
10082578
10082580
10082581
10082582
10082583
10082585
10082586
10082587
10082588
10082591
10082593
10082594
10082595
10082598
10082599
10082600
10082601
10082602
10082603
10082604
10082605
10082606
10082607
10082608
10082609
10082610
10082611
10082612
10082613
10082614
10082615
10082616
10082617
10082618
10082619
10082620
10082621
10082622
10082623
10082624
10082627
10082631
10082632
10082633
10082634
10082635
10082638
10082639
10082640
10082641
10082642
10082643
10082644
10082645
10082646
10082647
10082648
10082649
10082651
10082652
10082654
10082655
10082657
10082658
10082659
10082662
10082663
10082664
10082665
10082666
10082667
10082668
10082669
10082670
10082672
10082673
10082674
10082675
10082676
10082677
10082678
10082679
10082680
10082681
10082682
10082683
10082685
10082687
10082688
10082689
10082690
10082691
10082692
10082694
10082697
10082698
10082699
10082701
10082702
10082703
10082705
10082706
10082707
10082708
10082709
10082710
10082711
10082712
10082713
10082714
10082715
10082717
10082718
10082719
10082720
10082721
10082724
10082725
10082726
10082727
10082728
10082729
10082731
10082733
10082734
10082735
10082736
10082738
10082739
10082740
10082741
10082742
10082743
10082744
10082745
10082747
10082748
10082751
10082753
10082755
10082756
10082757
10082758
10082759
10082760
10082761
10082762
10082763
10082764
10082766
10082771
10082772
10082773
10082774
10082775
10082776
10082777
10082778
10082779
10082780
10082781
10082782
10082783
10082784
10082785
10082786
10082787
10082791
10082792
10082794
10082795
10082799
10082800
10082801
10082802
10082803
10082804
10082805
10082806
10082807
10082808
10082812
10082813
10082815
10082818
10082819
10082820
10082821
10082822
10082823
10082824
10082825
10082826
10082827
10082828
10082829
10082830
10082831
10082832
10082833
10082834
10082835
10082836
10082837
10082838
10082839
10082840
10082841
10082842
10082844
10082845
10082846
10082847
10082848
10082849
10082850
10082851
10082853
10082854
10082855
10082856
10082857
10082858
10082859
10082863
10082864
10082865
10082866
10082867
10082868
10082869
10082870
10082871
10082872
10082873
10082874
10082875
10082876
10082877
10082878
10082879
10082880
10082881
10082882
10082883
10082886
10082887
10082889
10082890
10082891
10082892
10082893
10082895
10082897
10082898
10082899
10082900
10082901
10082902
10082907
10082908
10082909
10082910
10082911
10082913
10082914
10082915
10082916
10082917
10082922
10082923
10082925
10082926
10082927
10082928
10082929
10082930
10082931
10082932
10082933
10082934
10082935
10082936
10082938
10082940
10082941
10082943
10082944
10082945
10082946
10082947
10082948
10082949
10082951
10082953
10082954
10082955
10082956
10082957
10082958
10082959
10082960
10082962
10082963
10082965
10082967
10082968
10082969
10082970
10082971
10082972
10082973
10082974
10082976
10082977
10082978
10082979
10082980
10082981
10082982
10082984
10082987
10082988
10082989
10082990
10082991
10082992
10082993
10082994
10082995
10082996
10082997
10082998
10082999
10083002
10083003
10083004
10083005
10083006
10083007
10083008
10083009
10083012
10083013
10083019
10083020
10083021
10083022
10083024
10083026
10083027
10083028
10083029
10083030
10083031
10083032
10083033
10083034
10083036
10083038
10083039
10083040
10083041
10083042
10083047
10083048
10083049
10083050
10083051
10083052
10083053
10083054
10083055
10083057
10083059
10083060
10083061
10083065
10083066
10083067
10083068
10083069
10083070
10083071
10083072
10083073
10083074
10083075
10083076
10083080
10083081
10083082
10083083
10083084
10083085
10083086
10083090
10083091
10083092
10083093
10083094
10083095
10083096
10083098
10083099
10083100
10083102
10083103
10083104
10083105
10083106
10083108
10083109
10083110
10083111
10083112
10083113
10083114
10083116
10083118
10083120
10083121
10083122
10083124
10083125
10083128
10083129
10083130
10083132
10083133
10083134
10083135
10083136
10083137
10083138
10083139
10083140
10083141
10083144
10083145
10083146
10083148
10083149
10083150
10083151
10083153
10083154
10083155
10083156
10083157
10083158
10083159
10083161
10083165
10083166
10083167
10083168
10083169
10083170
10083171
10083172
10083175
10083178
10083179
10083181
10083186
10083188
10083194
10083195
10083196
10083197
10083198
10083199
10083200
10083201
10083202
10083204
10083205
10083206
10083207
10083208
10083209
10083213
10083214
10083215
10083216
10083217
10083218
10083219
10083221
10083222
10083225
10083226
10083227
10083228
10083231
10083232
10083233
10083234
10083235
10083236
10083237
10083238
10083239
10083241
10083243
10083244
10083245
10083246
10083247
10083249
10083250
10083251
10083252
10083253
10083254
10083255
10083256
10083257
10083258
10083259
10083260
10083261
10083262
10083263
10083264
10083265
10083266
10083267
10083268
10083269
10083271
10083272
10083273
10083274
10083275
10083276
10083277
10083278
10083279
10083280
10083283
10083284
10083285
10083286
10083287
10083288
10083289
10083290
10083291
10083292
10083293
10083294
10083295
10083296
10083297
10083298
10083299
10083300
10083302
10083303
10083304
10083309
10083310
10083315
10083316
10083317
10083318
10083319
10083320
10083321
10083322
10083323
10083324
10083325
10083326
10083328
10083329
10083330
10083331
10083332
10083333
10083335
10083338
10083339
10083341
10083342
10083343
10083344
10083345
10083346
10083347
10083348
10083349
10083350
10083351
10083352
10083353
10083354
10083355
10083356
10083357
10083359
10083360
10083362
10083363
10083364
10083365
10083366
10083367
10083368
10083369
10083372
10083373
10083375
10083377
10083378
10083379
10083380
10083381
10083382
10083383
10083384
10083385
10083386
10083388
10083389
10083390
10083391
10083392
10083393
10083394
10083395
10083396
10083397
10083398
10083399
10083400
10083401
10083402
10083403
10083404
10083407
10083410
10083411
10083412
10083413
10083414
10083415
10083416
10083417
10083420
10083421
10083423
10083424
10083425
10083426
10083427
10083428
10083429
10083430
10083431
10083432
10083433
10083434
10083435
10083436
10083437
10083440
10083441
10083442
10083443
10083444
10083445
10083446
10083447
10083448
10083449
10083451
10083452
10083453
10083454
10083455
10083457
10083462
10083463
10083464
10083465
10083466
10083467
10083468
10083470
10083472
10083473
10083474
10083475
10083476
10083477
10083478
10083480
10083481
10083482
10083483
10083484
10083485
10083486
10083488
10083489
10083492
10083493
10083494
10083496
10083497
10083498
10083499
10083501
10083502
10083503
10083504
10083505
10083506
10083507
10083508
10083509
10083510
10083511
10083518
10083519
10083520
10083521
10083522
10083523
10083524
10083525
10083526
10083529
10083530
10083531
10083532
10083533
10083534
10083535
10083536
10083537
10083538
10083539
10083540
10083541
10083542
10083543
10083544
10083545
10083546
10083547
10083548
10083549
10083550
10083551
10083552
10083553
10083554
10083555
10083556
10083557
10083559
10083562
10083563
10083564
10083566
10083567
10083568
10083569
10083570
10083571
10083572
10083573
10083574
10083578
10083579
10083580
10083585
10083586
10083587
10083588
10083589
10083590
10083591
10083592
10083593
10083594
10083597
10083598
10083599
10083600
10083602
10083603
10083604
10083605
10083606
10083607
10083608
10083609
10083610
10083611
10083613
10083614
10083615
10083616
10083617
10083618
10083619
10083620
10083621
10083622
10083623
10083625
10083628
10083629
10083630
10083631
10083632
10083633
10083634
10083635
10083636
10083637
10083638
10083639
10083640
10083641
10083642
10083644
10083645
10083647
10083648
10083649
10083650
10083652
10083653
10083654
10083655
10083656
10083657
10083658
10083659
10083660
10083661
10083662
10083663
10083664
10083665
10083666
10083668
10083669
10083670
10083671
10083672
10083673
10083674
10083675
10083676
10083677
10083678
10083679
10083680
10083681
10083682
10083683
10083684
10083685
10083686
10083687
10083688
10083689
10083690
10083691
10083692
10083693
10083694
10083695
10083696
10083698
10083699
10083700
10083703
10083704
10083705
10083709
10083710
10083711
10083712
10083713
10083714
10083715
10083716
10083717
10083718
10083719
10083720
10083721
10083722
10083724
10083726
10083727
10083728
10083729
10083730
10083732
10083733
10083734
10083735
10083736
10083737
10083738
10083739
10083740
10083741
10083742
10083743
10083746
10083747
10083748
10083749
10083750
10083751
10083752
10083753
10083754
10083755
10083756
10083757
10083758
10083759
10083760
10083761
10083762
10083763
10083766
10083767
10083769
10083770
10083771
10083776
10083777
10083778
10083779
10083780
10083781
10083783
10083786
10083788
10083789
10083791
10083792
10083793
10083794
10083795
10083796
10083797
10083798
10083799
10083800
10083801
10083802
10083803
10083804
10083815
10083816
10083817
10083818
10083819
10083820
10083823
10083824
10083827
10083830
10083831
10083832
10083833
10083834
10083835
10083836
10083837
10083838
10083839
10083840
10083841
10083845
10083846
10083847
10083848
10083849
10083850
10083851
10083852
10083854
10083856
10083858
10083859
10083860
10083861
10083862
10083863
10083864
10083865
10083866
10083867
10083869
10083870
10083876
10083877
10083878
10083879
10083880
10083881
10083882
10083883
10083884
10083885
10083887
10083888
10083890
10083891
10083892
10083893
10083894
10083895
10083896
10083897
10083898
10083899
10083900
10083901
10083911
10083912
10083913
10083914
10083915
10083916
10083917
10083918
10083919
10083920
10083921
10083922
10083923
10083926
10083927
10083928
10083929
10083930
10083936
10083937
10083938
10083939
10083940
10083941
10083942
10083943
10083944
10083945
10083946
10083947
10083948
10083949
10083950
10083955
10083956
10083957
10083958
10083959
10083960
10083961
10083962
10083963
10083964
10083965
10083967
10083968
10083969
10083970
10083971
10083972
10083973
10083974
10083975
10083977
10083978
10083980
10083981
10083982
10083983
10083984
10083985
10083986
10083987
10083988
10083989
10083990
10083991
10083992
10083993
10083994
10083995
10083996
10083997
10083998
10083999
10084000
10084001
10084002
10084003
10084005
10084006
10084007
10084008
10084009
10084010
10084011
10084012
10084015
10084017
10084021
10084022
10084023
10084024
10084025
10084026
10084027
10084028
10084029
10084030
10084032
10084034
10084035
10084036
10084037
10084038
10084039
10084040
10084041
10084042
10084045
10084046
10084047
10084048
10084049
10084050
10084051
10084052
10084055
10084056
10084057
10084058
10084059
10084065
10084066
10084067
10084068
10084069
10084070
10084072
10084073
10084074
10084075
10084076
10084077
10084078
10084079
10084080
10084081
10084082
10084083
10084085
10084086
10084087
10084088
10084089
10084091
10084092
10084094
10084095
10084096
10084097
10084098
10084099
10084100
10084101
10084102
10084103
10084104
10084106
10084107
10084108
10084109
10084110
10084113
10084114
10084115
10084116
10084117
10084118
10084119
10084122
10084123
10084124
10084126
10084127
10084128
10084129
10084130
10084131
10084132
10084133
10084134
10084135
10084136
10084137
10084138
10084140
10084142
10084143
10084144
10084145
10084146
10084147
10084148
10084149
10084150
10084153
10084154
10084156
10084158
10084159
10084161
10084162
10084167
10084168
10084169
10084170
10084171
10084172
10084173
10084174
10084175
10084176
10084177
10084178
10084179
10084180
10084181
10084182
10084183
10084184
10084185
10084186
10084187
10084188
10084189
10084190
10084191
10084192
10084193
10084194
10084195
10084196
10084197
10084198
10084199
10084202
10084204
10084205
10084206
10084207
10084208
10084209
10084214
10084215
10084216
10084217
10084218
10084219
10084220
10084221
10084222
10084223
10084224
10084225
10084226
10084227
10084228
10084229
10084230
10084231
10084238
10084240
10084241
10084243
10084244
10084245
10084246
10084247
10084248
10084249
10084250
10084252
10084255
10084257
10084258
10084259
10084260
10084265
10084266
10084267
10084268
10084269
10084270
10084271
10084272
10084273
10084274
10084275
10084276
10084277
10084278
10084279
10084280
10084283
10084285
10084288
10084289
10084291
10084292
10084293
10084297
10084298
10084299
10084300
10084301
10084302
10084303
10084304
10084305
10084306
10084307
10084308
10084309
10084310
10084311
10084312
10084313
10084314
10084315
10084316
10084319
10084320
10084325
10084326
10084327
10084328
10084329
10084330
10084331
10084332
10084333
10084334
10084335
10084336
10084341
10084342
10084343
10084344
10084345
10084346
10084350
10084351
10084352
10084353
10084354
10084355
10084356
10084357
10084359
10084360
10084361
10084362
10084363
10084367
10084368
10084369
10084370
10084371
10084372
10084373
10084374
10084375
10084376
10084377
10084378
10084379
10084380
10084381
10084382
10084383
10084384
10084385
10084386
10084387
10084388
10084389
10084390
10084391
10084395
10084396
10084397
10084398
10084399
10084400
10084401
10084403
10084404
10084405
10084406
10084411
10084413
10084414
10084416
10084417
10084421
10084422
10084423
10084424
10084425
10084426
10084429
10084430
10084431
10084432
10084433
10084435
10084436
10084437
10084438
10084439
10084440
10084441
10084442
10084443
10084444
10084445
10084447
10084448
10084449
10084450
10084451
10084452
10084453
10084454
10084455
10084456
10084457
10084458
10084459
10084460
10084462
10084463
10084464
10084465
10084466
10084468
10084469
10084470
10084471
10084472
10084473
10084474
10084475
10084476
10084477
10084478
10084479
10084481
10084483
10084484
10084485
10084486
10084487
10084488
10084489
10084490
10084492
10084493
10084494
10084495
10084496
10084497
10084498
10084501
10084502
10084503
10084504
10084505
10084506
10084507
10084508
10084509
10084510
10084511
10084512
10084513
10084514
10084515
10084516
10084517
10084518
10084519
10084521
10084522
10084523
10084524
10084525
10084526
10084527
10084529
10084530
10084531
10084532
10084535
10084536
10084537
10084538
10084539
10084542
10084543
10084544
10084545
10084546
10084547
10084548
10084549
10084550
10084551
10084552
10084553
10084554
10084555
10084556
10084557
10084558
10084559
10084560
10084561
10084562
10084563
10084565
10084566
10084567
10084568
10084572
10084573
10084574
10084575
10084576
10084577
10084578
10084579
10084580
10084581
10084584
10084585
10084586
10084587
10084589
10084590
10084592
10084593
10084594
10084595
10084596
10084597
10084598
10084599
10084600
10084601
10084602
10084603
10084604
10084605
10084606
10084607
10084610
10084613
10084616
10084617
10084618
10084620
10084621
10084622
10084623
10084624
10084625
10084626
10084627
10084628
10084629
10084630
10084631
10084632
10084633
10084634
10084635
10084636
10084637
10084638
10084640
10084641
10084642
10084643
10084644
10084645
10084646
10084647
10084648
10084649
10084650
10084651
10084652
10084653
10084656
10084657
10084658
10084662
10084663
10084664
10084665
10084666
10084667
10084668
10084669
10084670
10084671
10084674
10084675
10084676
10084677
10084682
10084684
10084685
10084686
10084687
10084688
10084689
10084690
10084691
10084692
10084693
10084694
10084696
10084698
10084699
10084703
10084704
10084705
10084706
10084707
10084708
10084709
10084710
10084715
10084716
10084717
10084718
10084723
10084724
10084725
10084726
10084727
10084728
10084729
10084730
10084731
10084732
10084733
10084734
10084735
10084736
10084737
10084738
10084739
10084740
10084741
10084742
10084744
10084745
10084746
10084747
10084748
10084749
10084750
10084752
10084755
10084756
10084757
10084758
10084759
10084760
10084762
10084763
10084764
10084765
10084766
10084767
10084768
10084769
10084770
10084771
10084772
10084773
10084774
10084775
10084776
10084777
10084778
10084779
10084781
10084782
10084783
10084784
10084785
10084787
10084788
10084789
10084790
10084791
10084792
10084793
10084794
10084795
10084796
10084797
10084798
10084799
10084800
10084801
10084802
10084804
10084806
10084808
10084809
10084810
10084812
10084813
10084814
10084819
10084820
10084821
10084822
10084823
10084824
10084825
10084826
10084827
10084828
10084829
10084830
10084831
10084832
10084833
10084834
10084835
10084836
10084837
10084838
10084839
10084840
10084841
10084842
10084843
10084844
10084845
10084847
10084852
10084853
10084856
10084857
10084858
10084859
10084860
10084861
10084862
10084863
10084864
10084865
10084866
10084868
10084869
10084871
10084876
10084877
10084878
10084879
10084880
10084881
10084882
10084883
10084884
10084885
10084887
10084892
10084893
10084894
10084895
10084896
10084899
10084901
10084902
10084903
10084904
10084907
10084914
10084915
10084916
10084917
10084918
10084919
10084920
10084921
10084922
10084925
10084926
10084927
10084929
10084930
10084931
10084932
10084934
10084936
10084937
10084938
10084941
10084942
10084943
10084944
10084945
10084946
10084947
10084948
10084949
10084950
10084951
10084952
10084953
10084954
10084955
10084957
10084958
10084959
10084960
10084961
10084962
10084963
10084964
10084965
10084966
10084967
10084968
10084969
10084970
10084971
10084972
10084973
10084974
10084975
10084977
10084978
10084983
10084984
10084985
10084986
10084987
10084988
10084989
10084991
10084992
10084993
10084994
10084995
10084996
10084997
10084998
10085005
10085006
10085007
10085008
10085010
10085011
10085012
10085013
10085014
10085015
10085016
10085017
10085019
10085020
10085022
10085025
10085027
10085028
10085029
10085032
10085033
10085034
10085035
10085036
10085040
10085041
10085042
10085043
10085044
10085045
10085046
10085047
10085048
10085049
10085050
10085051
10085053
10085054
10085056
10085057
10085058
10085060
10085062
10085064
10085065
10085066
10085067
10085069
10085072
10085073
10085075
10085076
10085077
10085078
10085079
10085080
10085081
10085082
10085084
10085085
10085086
10085087
10085088
10085089
10085090
10085091
10085093
10085095
10085096
10085097
10085098
10085099
10085101
10085103
10085104
10085105
10085106
10085110
10085111
10085112
10085113
10085114
10085115
10085116
10085117
10085118
10085119
10085120
10085121
10085122
10085123
10085124
10085126
10085127
10085128
10085132
10085133
10085134
10085135
10085136
10085137
10085138
10085139
10085140
10085141
10085142
10085143
10085144
10085145
10085150
10085152
10085153
10085154
10085155
10085156
10085162
10085163
10085164
10085165
10085166
10085167
10085168
10085169
10085170
10085171
10085181
10085182
10085184
10085185
10085186
10085187
10085189
10085190
10085191
10085193
10085194
10085195
10085196
10085197
10085198
10085199
10085200
10085204
10085205
10085206
10085208
10085209
10085211
10085212
10085213
10085214
10085215
10085216
10085217
10085218
10085219
10085220
10085221
10085222
10085224
10085225
10085226
10085227
10085228
10085229
10085230
10085232
10085233
10085234
10085235
10085236
10085237
10085238
10085239
10085240
10085241
10085242
10085243
10085244
10085245
10085246
10085247
10085248
10085249
10085250
10085251
10085253
10085254
10085259
10085261
10085262
10085264
10085265
10085266
10085267
10085268
10085269
10085270
10085271
10085273
10085274
10085280
10085281
10085282
10085283
10085293
10085294
10085295
10085296
10085297
10085298
10085299
10085300
10085301
10085302
10085303
10085304
10085306
10085308
10085309
10085312
10085313
10085314
10085317
10085318
10085319
10085320
10085321
10085322
10085324
10085325
10085326
10085327
10085328
10085329
10085330
10085331
10085332
10085333
10085335
10085336
10085337
10085338
10085339
10085342
10085344
10085349
10085350
10085352
10085353
10085354
10085355
10085356
10085359
10085360
10085361
10085362
10085363
10085366
10085367
10085368
10085369
10085370
10085371
10085372
10085373
10085374
10085377
10085379
10085380
10085381
10085382
10085383
10085384
10085387
10085388
10085389
10085390
10085391
10085392
10085393
10085394
10085395
10085396
10085397
10085398
10085399
10085400
10085402
10085403
10085404
10085405
10085406
10085408
10085409
10085410
10085411
10085412
10085413
10085414
10085415
10085416
10085419
10085420
10085422
10085423
10085424
10085425
10085426
10085427
10085428
10085429
10085430
10085431
10085432
10085433
10085434
10085437
10085438
10085439
10085440
10085441
10085443
10085444
10085445
10085446
10085448
10085449
10085450
10085452
10085454
10085455
10085456
10085457
10085458
10085459
10085460
10085461
10085462
10085464
10085465
10085467
10085468
10085469
10085470
10085471
10085472
10085473
10085475
10085476
10085477
10085478
10085479
10085480
10085481
10085483
10085484
10085485
10085486
10085489
10085491
10085492
10085493
10085495
10085496
10085497
10085499
10085500
10085501
10085502
10085503
10085504
10085505
10085508
10085509
10085515
10085516
10085517
10085518
10085522
10085523
10085524
10085525
10085526
10085527
10085528
10085529
10085530
10085532
10085534
10085535
10085536
10085537
10085538
10085539
10085542
10085543
10085544
10085545
10085546
10085547
10085549
10085550
10085551
10085552
10085553
10085554
10085555
10085557
10085558
10085560
10085561
10085562
10085565
10085567
10085568
10085569
10085570
10085571
10085572
10085573
10085574
10085576
10085577
10085578
10085581
10085582
10085583
10085584
10085585
10085586
10085587
10085588
10085589
10085590
10085591
10085592
10085593
10085594
10085595
10085596
10085597
10085598
10085599
10085601
10085602
10085603
10085604
10085605
10085606
10085607
10085608
10085609
10085610
10085613
10085614
10085615
10085616
10085617
10085618
10085619
10085621
10085622
10085625
10085626
10085629
10085630
10085631
10085632
10085634
10085635
10085636
10085637
10085638
10085639
10085643
10085644
10085645
10085646
10085647
10085648
10085649
10085650
10085651
10085652
10085655
10085657
10085658
10085663
10085664
10085665
10085666
10085667
10085668
10085669
10085672
10085673
10085674
10085675
10085676
10085677
10085678
10085679
10085680
10085681
10085682
10085686
10085687
10085688
10085689
10085690
10085692
10085693
10085694
10085695
10085697
10085698
10085699
10085701
10085702
10085703
10085704
10085705
10085706
10085707
10085709
10085710
10085711
10085713
10085714
10085715
10085716
10085717
10085718
10085719
10085720
10085721
10085722
10085723
10085724
10085726
10085728
10085729
10085730
10085731
10085732
10085733
10085734
10085735
10085736
10085737
10085739
10085740
10085741
10085742
10085743
10085744
10085745
10085746
10085747
10085748
10085751
10085752
10085753
10085754
10085755
10085756
10085758
10085760
10085762
10085763
10085764
10085765
10085766
10085768
10085769
10085770
10085771
10085772
10085774
10085775
10085776
10085777
10085778
10085779
10085780
10085782
10085784
10085787
10085792
10085793
10085794
10085795
10085796
10085799
10085801
10085802
10085803
10085804
10085805
10085806
10085807
10085808
10085809
10085810
10085811
10085812
10085813
10085815
10085816
10085817
10085818
10085820
10085824
10085825
10085827
10085828
10085829
10085830
10085831
10085833
10085834
10085836
10085837
10085838
10085839
10085842
10085843
10085844
10085845
10085846
10085847
10085848
10085849
10085850
10085851
10085852
10085853
10085855
10085856
10085858
10085861
10085862
10085867
10085868
10085870
10085871
10085872
10085873
10085874
10085875
10085881
10085882
10085883
10085884
10085885
10085887
10085888
10085889
10085891
10085893
10085894
10085895
10085896
10085901
10085903
10085904
10085905
10085906
10085907
10085908
10085910
10085911
10085915
10085916
10085919
10085920
10085921
10085922
10085923
10085924
10085925
10085926
10085927
10085928
10085930
10085932
10085933
10085934
10085935
10085936
10085937
10085938
10085939
10085944
10085946
10085947
10085948
10085949
10085950
10085951
10085955
10085957
10085958
10085960
10085961
10085962
10085963
10085964
10085965
10085966
10085967
10085968
10085969
10085970
10085971
10085972
10085973
10085975
10085976
10085977
10085978
10085979
10085980
10085981
10085982
10085983
10085984
10085985
10085986
10085987
10085988
10085989
10085990
10085991
10085992
10085993
10085994
10085995
10085997
10085998
10085999
10086000
10086002
10086003
10086007
10086009
10086010
10086011
10086012
10086013
10086014
10086015
10086016
10086017
10086022
10086023
10086024
10086025
10086026
10086027
10086028
10086029
10086030
10086031
10086033
10086035
10086036
10086037
10086038
10086039
10086040
10086041
10086042
10086044
10086045
10086046
10086047
10086048
10086049
10086050
10086051
10086052
10086053
10086054
10086056
10086057
10086058
10086062
10086063
10086064
10086066
10086069
10086070
10086071
10086072
10086073
10086074
10086075
10086076
10086077
10086078
10086079
10086080
10086081
10086082
10086083
10086084
10086085
10086088
10086089
10086090
10086091
10086092
10086093
10086094
10086096
10086100
10086101
10086105
10086106
10086107
10086108
10086109
10086110
10086111
10086112
10086114
10086115
10086117
10086118
10086119
10086120
10086121
10086122
10086124
10086125
10086126
10086127
10086128
10086131
10086132
10086133
10086134
10086135
10086136
10086137
10086138
10086139
10086140
10086141
10086142
10086143
10086144
10086145
10086146
10086147
10086148
10086149
10086150
10086151
10086152
10086154
10086155
10086156
10086157
10086158
10086159
10086160
10086161
10086162
10086163
10086164
10086165
10086166
10086167
10086168
10086169
10086170
10086171
10086172
10086175
10086177
10086180
10086181
10086182
10086183
10086184
10086185
10086186
10086187
10086188
10086189
10086190
10086191
10086192
10086193
10086194
10086195
10086196
10086197
10086198
10086199
10086200
10086201
10086202
10086203
10086204
10086205
10086206
10086207
10086208
10086209
10086210
10086211
10086212
10086213
10086214
10086215
10086216
10086217
10086218
10086220
10086221
10086222
10086223
10086224
10086226
10086227
10086228
10086229
10086230
10086231
10086232
10086233
10086234
10086235
10086236
10086237
10086238
10086239
10086240
10086242
10086244
10086245
10086246
10086247
10086248
10086249
10086251
10086252
10086253
10086254
10086255
10086257
10086258
10086259
10086260
10086261
10086262
10086263
10086264
10086265
10086266
10086267
10086268
10086269
10086270
10086271
10086272
10086273
10086274
10086275
10086276
10086277
10086278
10086279
10086280
10086281
10086282
10086283
10086284
10086285
10086289
10086290
10086291
10086292
10086293
10086294
10086295
10086296
10086297
10086298
10086299
10086300
10086301
10086302
10086303
10086304
10086305
10086306
10086307
10086308
10086309
10086310
10086311
10086312
10086313
10086314
10086315
10086316
10086317
10086318
10086320
10086322
10086323
10086324
10086325
10086326
10086327
10086328
10086329
10086330
10086332
10086333
10086334
10086335
10086336
10086337
10086338
10086339
10086341
10086342
10086343
10086344
10086346
10086347
10086348
10086349
10086350
10086351
10086352
10086353
10086354
10086355
10086356
10086357
10086358
10086359
10086360
10086361
10086362
10086364
10086365
10086367
10086368
10086369
10086370
10086371
10086372
10086373
10086374
10086375
10086376
10086378
10086379
10086380
10086381
10086382
10086383
10086384
10086385
10086386
10086387
10086388
10086389
10086392
10086393
10086394
10086395
10086396
10086397
10086398
10086399
10086401
10086402
10086403
10086404
10086405
10086406
10086407
10086408
10086409
10086410
10086411
10086412
10086413
10086414
10086415
10086416
10086417
10086421
10086422
10086423
10086424
10086425
10086426
10086427
10086428
10086429
10086430
10086431
10086432
10086433
10086434
10086435
10086437
10086441
10086442
10086443
10086444
10086445
10086446
10086447
10086448
10086449
10086450
10086451
10086452
10086453
10086454
10086455
10086456
10086457
10086458
10086459
10086460
10086461
10086462
10086463
10086464
10086465
10086468
10086469
10086470
10086471
10086472
10086473
10086475
10086476
10086477
10086478
10086479
10086480
10086482
10086483
10086484
10086485
10086486
10086487
10086488
10086489
10086490
10086495
10086496
10086497
10086498
10086499
10086500
10086501
10086502
10086503
10086504
10086506
10086507
10086508
10086509
10086510
10086511
10086512
10086513
10086514
10086515
10086516
10086517
10086520
10086521
10086522
10086523
10086524
10086530
10086531
10086532
10086533
10086534
10086535
10086536
10086537
10086538
10086539
10086540
10086541
10086542
10086543
10086544
10086545
10086546
10086547
10086548
10086549
10086550
10086551
10086552
10086553
10086554
10086555
10086556
10086557
10086558
10086559
10086560
10086561
10086562
10086563
10086564
10086565
10086566
10086567
10086568
10086569
10086570
10086571
10086572
10086573
10086574
10086575
10086576
10086577
10086578
10086579
10086580
10086581
10086582
10086583
10086584
10086585
10086586
10086587
10086588
10086589
10086590
10086591
10086592
10086593
10086594
10086595
10086596
10086597
10086598
10086599
10086600
10086601
10086602
10086603
10086604
10086605
10086606
10086607
10086608
10086609
10086610
10086611
10086612
10086613
10086614
10086615
10086616
10086617
10086618
10086619
10086620
10086621
10086622
10086623
10086624
10086625
10086626
10086627
10086628
10086629
10086630
10086631
10086632
10086633
10086634
10086635
10086636
10086637
10086638
10086639
10086640
10086641
10086642
10086643
10086644
10086645
10086646
10086647
10086648
10086649
10086650
10086651
10086652
10086653
10086654
10086655
10086656
10086657
10086658
10086659
10086660
10086661
10086662
10086663
10086664
10086665
10086666
10086667
10086668
10086669
10086670
10086671
10086672
10086673
10086674
10086675
10086676
10086677
10086678
10086679
10086680
10086681
10086682
10086683
10086684
10086685
10086686
10086687
10086688
10086689
10086690
10086691
10086692
10086693
10086694
10086695
10086696
10086697
10086698
10086699
10086700
10086701
10086702
10086703
10086704
10086705
10086706
10086707
10086708
10086709
10086710
10086711
10086712
10086713
10086714
10086715
10086716
10086717
10086718
10086719
10086720
10086721
10086722
10086723
10086724
10086725
10086726
10086727
10086728
10086729
10086730
10086731
10086732
10086733
10086734
10086735
10086736
10086737
10086738
10086739
10086740
10086741
10086742
10086743
10086744
10086745
10086746
10086747
10086748
10086749
10086750
10086751
10086752
10086753
10086754
10086755
10086756
10086757
10086758
10086759
10086760
10086761
10086762
10086763
10086764
10086765
10086766
10086767
10086768
10086769
10086770
10086771
10086772
10086773
10086774
10086775
10086776
10086777
10086778
10086779
10086780
10086781
10086782
10086783
10086784
10086785
10086786
10086787
10086788
10086789
10086790
10086791
10086792
10086793
10086794
10086795
10086796
10086797
10086798
10086799
10086800
10086801
10086802
10086803
10086804
10086805
10086806
10086807
10086808
10086809
10086810
10086811
10086812
10086813
10086814
10086815
10086816
10086817
10086818
10086819
10086820
10086821
10086822
10086823
10086824
10086825
10086826
10086827
10086828
10086829
10086830
10086831
10086832
10086833
10086834
10086835
10086836
10086837
10086838
10086839
10086840
10086841
10086842
10086843
10086844
10086845
10086846
10086847
10086848
10086849
10086850
10086851
10086852
10086853
10086854
10086855
10086856
10086857
10086858
10086859
10086860
10086861
10086862
10086863
10086864
10086865
10086866
10086867
10086868
10086869
10086870
10086871
10086872
10086873
10086874
10086875
10086876
10086877
10086878
10086879
10086880
10086881
10086882
10086883
10086884
10086885
10086886
10086887
10086888
10086889
10086890
10086891
10086892
10086893
10086894
10086895
10086896
10086897
10086898
10086899
10086900
10086901
10086902
10086903
10086904
10086905
10086906
10086907
10086908
10086909
10086910
10086911
10086912
10086913
10086914
10086915
10086916
10086917
10086918
10086919
10086920
10086921
10086922
10086923
10086924
10086925
10086926
10086927
10086928
10086929
10086930
10086931
10086932
10086933
10086934
10086935
10086936
10086937
10086938
10086939
10086940
10086941
10086942
10086943
10086944
10086945
10086946
10086947
10086948
10086949
10086950
10086951
10086952
10086953
10086954
10086955
10086956
10086957
10086958
10086959
10086960
10086961
10086962
10086963
10086964
10086965
10086966
10086967
10086968
10086969
10086970
10086971
10086972
10086973
10086974
10086975
10086976
10086977
10086978
10086979
10086980
10086981
10086982
10086983
10086984
10086985
10086986
10086987
10086988
10086989
10086990
10086991
10086992
10086993
10086994
10086995
10086996
10086997
10086998
10086999
10087000
10087001
10087002
10087003
10087004
10087005
10087006
10087007
10087008
10087009
10087010
10087011
10087012
10087013
10087014
10087015
10087016
10087017
10087018
10087019
10087020
10087021
10087022
10087023
10087024
10087025
10087026
10087027
10087028
10087029
10087030
10087031
10087032
10087033
10087034
10087035
10087036
10087037
10087038
10087039
10087040
10087041
10087042
10087043
10087044
10087045
10087046
10087047
10087048
10087049
10087050
10087051
10087052
10087053
10087054
10087055
10087056
10087057
10087058
10087059
10087060
10087061
10087062
10087063
10087064
10087065
10087066
10087067
10087068
10087069
10087070
10087071
10087072
10087073
10087074
10087075
10087076
10087077
10087078
10087079
10087080
10087081
10087082
10087083
10087084
10087085
10087086
10087087
10087088
10087089
10087090
10087091
10087092
10087093
10087094
10087095
10087096
10087097
10087098
10087099
10087100
10087101
10087102
10087103
10087104
10087105
10087106
10087107
10087108
10087109
10087110
10087111
10087112
10087113
10087114
10087115
10087116
10087117
10087118
10087119
10087120
10087121
10087122
10087123
10087124
10087125
10087126
10087127
10087128
10087129
10087130
10087131
10087132
10087133
10087134
10087135
10087136
10087137
10087138
10087139
10087140
10087141
10087142
10087143
10087144
10087145
10087146
10087147
10087148
10087149
10087150
10087151
10087152
10087153
10087154
10087155
10087156
10087157
10087158
10087159
10087160
10087161
10087162
10087163
10087164
10087165
10087166
10087167
10087168
10087169
10087170
10087171
10087172
10087173
10087174
10087175
10087176
10087177
10087178
10087179
10087180
10087181
10087182
10087183
10087184
10087185
10087186
10087187
10087188
10087189
10087190
10087191
10087192
10087193
10087194
10087195
10087196
10087197
10087198
10087199
10087200
10087201
10087202
10087203
10087204
10087205
10087206
10087207
10087208
10087209
10087210
10087211
10087212
10087213
10087214
10087215
10087216
10087217
10087218
10087219
10087220
10087221
10087222
10087223
10087224
10087225
10087226
10087227
10087228
10087229
10087230
10087231
10087232
10087233
10087234
10087235
10087236
10087237
10087238
10087239
10087240
10087241
10087242
10087243
10087244
10087245
10087246
10087247
10087248
10087249
10087250
10087251
10087252
10087253
10087254
10087255
10087256
10087257
10087258
10087259
10087260
10087261
10087262
10087263
10087264
10087265
10087266
10087267
10087268
10087269
10087270
10087271
10087272
10087273
10087274
10087275
10087276
10087277
10087278
10087279
10087280
10087281
10087282
10087283
10087284
10087285
10087286
10087287
10087288
10087289
10087290
10087291
10087292
10087293
10087294
10087295
10087296
10087297
10087298
10087299
10087300
10087301
10087302
10087303
10087304
10087305
10087306
10087307
10087308
10087309
10087310
10087311
10087312
10087313
10087314
10087315
10087316
10087317
10087318
10087319
10087320
10087321
10087322
10087323
10087324
10087325
10087326
10087327
10087328
10087329
10087330
10087331
10087332
10087333
10087334
10087335
10087336
10087337
10087338
10087339
10087340
10087341
10087342
10087343
10087344
10087345
10087346
10087347
10087348
10087349
10087350
10087351
10087352
10087353
10087354
10087355
10087356
10087357
10087358
10087359
10087360
10087361
10087362
10087363
10087364
10087365
10087366
10087367
10087368
10087369
10087370
10087371
10087372
10087373
10087374
10087375
10087376
10087377
10087378
10087379
10087380
10087381
10087382
10087383
10087384
10087385
10087386
10087387
10087388
10087389
10087390
10087391
10087392
10087393
10087394
10087395
10087396
10087397
10087398
10087399
10087400
10087401
10087402
10087403
10087404
10087405
10087406
10087407
10087408
10087409
10087410
10087411
10087412
10087413
10087414
10087415
10087416
10087417
10087418
10087419
10087420
10087421
10087422
10087423
10087424
10087425
10087426
10087427
10087428
10087429
10087430
10087431
10087432
10087433
10087434
10087435
10087436
10087437
10087438
10087439
10087440
10087441
10087442
10087443
10087444
10087445
10087446
10087447
10087448
10087449
10087450
10087451
10087452
10087453
10087454
10087455
10087456
10087457
10087458
10087459
10087460
10087461
10087462
10087463
10087464
10087465
10087466
10087467
10087468
10087469
10087470
10087471
10087472
10087473
10087474
10087475
10087476
10087477
10087478
10087479
10087480
10087481
10087482
10087483
10087484
10087485
10087486
10087487
10087488
10087489
10087490
10087491
10087492
10087493
10087494
10087495
10087496
10087497
10087498
10087499
10087500
10087501
10087502
10087503
10087504
10087505
10087506
10087507
10087508
10087509
10087510
10087511
10087512
10087513
10087514
10087515
10087516
10087517
10087518
10087519
10087520
10087521
10087522
10087523
10087524
10087525
10087526
10087527
10087528
10087529
10087530
10087531
10087532
10087533
10087534
10087535
10087536
10087537
10087538
10087539
10087540
10087541
10087542
10087543
10087544
10087545
10087546
10087547
10087548
10087549
10087550
10087551
10087552
10087553
10087554
10087555
10087556
10087557
10087558
10087559
10087560
10087561
10087562
10087563
10087564
10087565
10087566
10087567
10087568
10087569
10087570
10087571
10087572
10087573
10087574
10087575
10087576
10087577
10087578
10087579
10087580
10087581
10087582
10087583
10087584
10087585
10087586
10087587
10087588
10087589
10087590
10087591
10087592
10087593
10087594
10087595
10087596
10087597
10087598
10087599
10087600
10087601
10087602
10087603
10087604
10087605
10087606
10087607
10087608
10087609
10087610
10087611
10087612
10087613
10087614
10087615
10087616
10087617
10087618
10087619
10087620
10087621
10087622
10087623
10087624
10087625
10087626
10087627
10087628
10087629
10087630
10087631
10087632
10087633
10087634
10087635
10087636
10087637
10087638
10087639
10087640
10087641
10087642
10087643
10087644
10087645
10087646
10087647
10087648
10087649
10087650
10087651
10087652
10087653
10087654
10087655
10087656
10087657
10087658
10087659
10087660
10087661
10087662
10087663
10087664
10087665
10087666
10087667
10087668
10087669
10087670
10087671
10087672
10087673
10087674
10087675
10087676
10087677
10087678
10087679
10087680
10087681
10087682
10087683
10087684
10087685
10087686
10087687
10087688
10087689
10087690
10087691
10087692
10087693
10087694
10087695
10087696
10087697
10087698
10087699
10087700
10087701
10087702
10087703
10087704
10087705
10087706
10087707
10087708
10087709
10087710
10087711
10087712
10087713
10087714
10087715
10087716
10087717
10087718
10087719
10087720
10087721
10087722
10087723
10087724
10087725
10087726
10087727
10087728
10087729
10087730
10087731
10087732
10087733
10087734
10087735
10087736
10087737
10087738
10087739
10087740
10087741
10087742
10087743
10087744
10087745
10087746
10087747
10087748
10087749
10087750
10087751
10087752
10087753
10087754
10087755
10087756
10087757
10087758
10087759
10087760
10087761
10087762
10087763
10087764
10087765
10087766
10087767
10087768
10087769
10087770
10087771
10087772
10087773
10087774
10087775
10087776
10087777
10087778
10087779
10087780
10087781
10087782
10087783
10087784
10087785
10087786
10087787
10087788
10087789
10087790
10087791
10087792
10087793
10087794
10087795
10087796
10087797
10087798
10087799
10087800
10087801
10087802
10087803
10087804
10087805
10087806
10087807
10087808
10087809
10087810
10087811
10087812
10087813
10087814
10087815
10087816
10087817
10087818
10087819
10087820
10087821
10087822
10087823
10087824
10087825
10087826
10087827
10087828
10087829
10087830
10087831
10087832
10087833
10087834
10087835
10087836
10087837
10087838
10087839
10087840
10087841
10087842
10087843
10087844
10087845
10087846
10087847
10087848
10087849
10087850
10087851
10087852
10087853
10087854
10087855
10087856
10087857
10087858
10087859
10087860
10087861
10087862
10087863
10087864
10087865
10087866
10087867
10087868
10087869
10087870
10087871
10087872
10087873
10087874
10087875
10087876
10087877
10087878
10087879
10087880
10087881
10087882
10087883
10087884
10087885
10087886
10087887
10087888
10087889
10087890
10087891
10087892
10087893
10087894
10087895
10087896
10087897
10087898
10087899
10087900
10087901
10087902
10087903
10087904
10087905
10087906
10087907
10087908
10087909
10087910
10087911
10087912
10087913
10087914
10087915
10087916
10087917
10087918
10087919
10087920
10087921
10087922
10087923
10087924
10087925
10087926
10087927
10087928
10087929
10087930
10087931
10087932
10087933
10087934
10087935
10087936
10087937
10087938
10087939
10087940
10087941
10087942
10087943
10087944
10087945
10087946
10087947
10087948
10087949
10087950
10087951
10087952
10087953
10087954
10087955
10087956
10087957
10087958
10087959
10087960
10087961
10087962
10087963
10087964
10087965
10087966
10087967
10087968
10087969
10087970
10087971
10087972
10087973
10087974
10087975
10087976
10087977
10087978
10087979
10087980
10087981
10087982
10087983
10087984
10087985
10087986
10087987
10087988
10087989
10087990
10087991
10087992
10087993
10087994
10087995
10087996
10087997
10087998
10087999
10088000
10088001
10088002
10088003
10088004
10088005
10088006
10088007
10088008
10088009
10088010
10088011
10088012
10088013
10088014
10088015
10088016
10088017
10088018
10088019
10088020
10088021
10088022
10088023
10088024
10088025
10088026
10088027
10088028
10088029
10088030
10088031
10088032
10088033
10088034
10088035
10088036
10088037
10088038
10088039
10088040
10088041
10088042
10088043
10088044
10088045
10088046
10088047
10088048
10088049
10088050
10088051
10088052
10088053
10088054
10088055
10088056
10088057
10088058
10088059
10088060
10088061
10088062
10088063
10088064
10088065
10088066
10088067
10088068
10088069
10088070
10088071
10088072
10088073
10088074
10088075
10088076
10088077
10088078
10088079
10088080
10088081
10088082
10088083
10088084
10088085
10088086
10088087
10088088
10088089
10088090
10088091
10088092
10088093
10088094
10088095
10088096
10088097
10088098
10088099
10088100
10088101
10088102
10088103
10088104
10088105
10088106
10088107
10088108
10088109
10088110
10088111
10088112
10088113
10088114
10088115
10088116
10088117
10088118
10088119
10088120
10088121
10088122
10088123
10088124
10088125
10088126
10088127
10088128
10088129
10088130
10088131
10088132
10088133
10088134
10088135
10088136
10088137
10088138
10088139
10088140
10088141
10088142
10088143
10088144
10088145
10088146
10088147
10088148
10088149
10088150
10088151
10088152
10088153
10088154
10088155
10088156
10088157
10088158
10088159
10088160
10088161
10088162
10088163
10088164
10088165
10088166
10088167
10088168
10088169
10088170
10088171
10088172
10088173
10088174
10088175
10088176
10088177
10088178
10088179
10088180
10088181
10088182
10088183
10088184
10088185
10088186
10088187
10088188
10088189
10088190
10088191
10088192
10088193
10088194
10088195
10088196
10088197
10088198
10088199
10088200
10088201
10088202
10088203
10088204
10088205
10088206
10088207
10088208
10088209
10088210
10088211
10088212
10088213
10088214
10088215
10088216
10088217
10088218
10088219
10088220
10088221
10088222
10088223
10088224
10088225
10088226
10088227
10088228
10088229
10088230
10088231
10088232
10088233
10088234
10088235
10088236
10088237
10088238
10088239
10088240
10088241
10088242
10088243
10088244
10088245
10088246
10088247
10088248
10088249
10088250
10088251
10088252
10088253
10088254
10088255
10088256
10088257
10088258
10088259
10088260
10088261
10088262
10088263
10088264
10088265
10088266
10088267
10088268
10088269
10088270
10088271
10088272
10088273
10088274
10088275
10088276
10088277
10088278
10088279
10088280
10088281
10088282
10088283
10088284
10088285
10088286
10088287
10088288
10088289
10088290
10088291
10088292
10088293
10088294
10088295
10088296
10088297
10088298
10088299
10088300
10088301
10088302
10088303
10088304
10088305
10088306
10088307
10088308
10088309
10088310
10088311
10088312
10088313
10088314
10088315
10088316
10088317
10088318
10088319
10088320
10088321
10088322
10088323
10088324
10088325
10088326
10088327
10088328
10088329
10088330
10088331
10088332
10088333
10088334
10088335
10088336
10088337
10088338
10088339
10088340
10088341
10088342
10088343
10088344
10088345
10088346
10088347
10088348
10088349
10088350
10088351
10088352
10088353
10088354
10088355
10088356
10088357
10088358
10088359
10088360
10088361
10088362
10088363
10088364
10088365
10088366
10088367
10088368
10088369
10088370
10088371
10088372
10088373
10088374
10088375
10088376
10088377
10088378
10088379
10088380
10088381
10088382
10088383
10088384
10088385
10088386
10088387
10088388
10088389
10088390
10088391
10088392
10088393
10088394
10088395
10088396
10088397
10088398
10088399
10088400
10088401
10088402
10088403
10088404
10088405
10088406
10088407
10088408
10088409
10088410
10088411
10088412
10088413
10088414
10088415
10088416
10088417
10088418
10088419
10088420
10088421
10088422
10088423
10088424
10088425
10088426
10088427
10088428
10088429
10088430
10088431
10088432
10088433
10088434
10088435
10088436
10088437
10088438
10088439
10088440
10088441
10088442
10088443
10088444
10088445
10088446
10088447
10088448
10088449
10088450
10088451
10088452
10088453
10088454
10088455
10088456
10088457
10088458
10088459
10088460
10088461
10088462
10088463
10088464
10088465
10088466
10088467
10088468
10088469
10088470
10088471
10088472
10088473
10088474
10088475
10088476
10088477
10088478
10088479
10088480
10088481
10088482
10088483
10088484
10088485
10088486
10088487
10088488
10088489
10088490
10088491
10088492
10088493
10088494
10088495
10088496
10088497
10088498
10088499
10088500
10088501
10088502
10088503
10088504
10088505
10088506
10088507
10088508
10088509
10088510
10088511
10088512
10088513
10088514
10088515
10088516
10088517
10088518
10088519
10088520
10088521
10088522
10088523
10088524
10088525
10088526
10088527
10088528
10088529
10088530
10088531
10088532
10088533
10088534
10088535
10088536
10088537
10088538
10088539
10088540
10088541
10088542
10088543
10088544
10088545
10088546
10088547
10088548
10088549
10088550
10088551
10088552
10088553
10088554
10088555
10088556
10088557
10088558
10088559
10088560
10088561
10088562
10088563
10088564
10088565
10088566
10088567
10088568
10088569
10088570
10088571
10088572
10088573
10088574
10088575
10088576
10088577
10088578
10088579
10088580
10088581
10088582
10088583
10088584
10088585
10088586
10088587
10088588
10088589
10088590
10088591
10088592
10088593
10088594
10088595
10088596
10088597
10088598
10088599
10088600
10088601
10088602
10088603
10088604
10088605
10088606
10088607
10088608
10088609
10088610
10088611
10088612
10088613
10088614
10088615
10088616
10088617
10088618
10088619
10088620
10088621
10088622
10088623
10088624
10088625
10088626
10088627
10088628
10088629
10088630
10088631
10088632
10088633
10088634
10088635
10088636
10088637
10088638
10088639
10088640
10088641
10088642
10088643
10088644
10088645
10088646
10088647
10088648
10088649
10088650
10088651
10088652
10088653
10088654
10088655
10088656
10088657
10088658
10088659
10088660
10088661
10088662
10088663
10088664
10088665
10088666
10088667
10088668
10088669
10088670
10088671
10088672
10088673
10088674
10088675
10088676
10088677
10088678
10088679
10088680
10088681
10088682
10088683
10088684
10088685
10088686
10088687
10088688
10088689
10088690
10088691
10088692
10088693
10088694
10088695
10088696
10088697
10088698
10088699
10088700
10088701
10088702
10088703
10088704
10088705
10088706
10088707
10088708
10088709
10088710
10088711
10088712
10088713
10088714
10088715
10088716
10088717
10088718
10088719
10088720
10088721
10088722
10088723
10088724
10088725
10088726
10088727
10088728
10088729
10088730
10088731
10088732
10088733
10088734
10088735
10088736
10088737
10088738
10088739
10088740
10088741
10088742
10088743
10088744
10088745
10088746
10088747
10088748
10088749
10088750
10088751
10088752
10088753
10088754
10088755
10088756
10088757
10088758
10088759
10088760
10088761
10088762
10088763
10088764
10088765
10088766
10088767
10088768
10088769
10088770
10088771
10088772
10088773
10088774
10088775
10088776
10088777
10088778
10088779
10088780
10088781
10088782
10088783
10088784
10088785
10088786
10088787
10088788
10088789
10088790
10088791
10088792
10088793
10088794
10088795
10088796
10088797
10088798
10088799
10088800
10088801
10088802
10088803
10088804
10088805
10088806
10088807
10088808
10088809
10088810
10088811
10088812
10088813
10088814
10088815
10088816
10088817
10088818
10088819
10088820
10088821
10088822
10088823
10088824
10088825
10088826
10088827
10088828
10088829
10088830
10088831
10088832
10088833
10088834
10088835
10088836
10088837
10088838
10088839
10088840
10088841
10088842
10088843
10088844
10088845
10088846
10088847
10088848
10088849
10088850
10088851
10088852
10088853
10088854
10088855
10088856
10088857
10088858
10088859
10088860
10088861
10088862
10088863
10088864
10088865
10088866
10088867
10088868
10088869
10088870
10088871
10088872
10088873
10088874
10088875
10088876
10088877
10088878
10088879
10088880
10088881
10088882
10088883
10088884
10088885
10088886
10088887
10088888
10088889
10088890
10088891
10088892
10088893
10088894
10088895
10088896
10088897
10088898
10088899
10088900
10088901
10088902
10088903
10088904
10088905
10088906
10088907
10088908
10088909
10088910
10088911
10088912
10088913
10088914
10088915
10088916
10088917
10088918
10088919
10088920
10088921
10088922
10088923
10088924
10088925
10088926
10088927
10088928
10088929
10088930
10088931
10088932
10088933
10088934
10088935
10088936
10088937
10088938
10088939
10088940
10088941
10088942
10088943
10088944
10088945
10088946
10088947
10088948
10088949
10088950
10088951
10088952
10088953
10088954
10088955
10088956
10088957
10088958
10088959
10088960
10088961
10088962
10088963
10088964
10088965
10088966
10088967
10088968
10088969
10088970
10088971
10088972
10088973
10088974
10088975
10088976
10088977
10088978
10088979
10088980
10088981
10088982
10088983
10088984
10088985
10088986
10088987
10088988
10088989
10088990
10088991
10088992
10088993
10088994
10088995
10088996
10088998
10088999
10089000
10089001
10089002
10089003
10089004
10089005
10089006
10089007
10089008
10089009
10089010
10089011
10089012
10089013
10089014
10089015
10089016
10089017
10089018
10089019
10089020
10089021
10089022
10089023
10089024
10089025
10089026
10089027
10089028
10089029
10089030
10089031
10089032
10089033
10089034
10089035
10089036
10089037
10089038
10089039
10089040
10089041
10089042
10089043
10089044
10089045
10089046
10089047
10089048
10089049
10089050
10089051
10089052
10089053
10089054
10089055
10089056
10089057
10089058
10089059
10089060
10089061
10089062
10089063
10089064
10089065
10089066
10089067
10089068
10089069
10089070
10089071
10089072
10089073
10089074
10089075
10089076
10089077
10089078
10089079
10089080
10089081
10089082
10089083
10089084
10089085
10089086
10089087
10089088
10089089
10089090
10089091
10089092
10089093
10089094
10089095
10089096
10089097
10089098
10089099
10089100
10089101
10089102
10089103
10089104
10089105
10089106
10089107
10089108
10089109
10089110
10089111
10089112
10089113
10089114
10089115
10089116
10089117
10089118
10089119
10089120
10089121
10089122
10089123
10089124
10089125
10089126
10089127
10089128
10089129
10089130
10089131
10089132
10089133
10089134
10089135
10089136
10089137
10089138
10089139
10089140
10089141
10089142
10089143
10089144
10089145
10089146
10089147
10089148
10089149
10089150
10089151
10089152
10089153
10089154
10089155
10089156
10089157
10089158
10089159
10089160
10089161
10089162
10089163
10089164
10089165
10089166
10089167
10089168
10089169
10089170
10089171
10089172
10089173
10089174
10089175
10089176
10089177
10089178
10089179
10089180
10089181
10089182
10089183
10089184
10089185
10089186
10089187
10089188
10089189
10089190
10089191
10089192
10089193
10089194
10089195
10089196
10089197
10089198
10089199
10089200
10089201
10089202
10089203
10089204
10089205
10089206
10089207
10089208
10089209
10089210
10089211
10089212
10089213
10089214
10089215
10089216
10089217
10089218
10089219
10089220
10089221
10089222
10089223
10089224
10089225
10089226
10089227
10089228
10089229
10089230
10089231
10089232
10089233
10089234
10089235
10089236
10089237
10089238
10089239
10089240
10089241
10089242
10089243
10089244
10089245
10089246
10089247
10089248
10089249
10089250
10089251
10089252
10089253
10089254
10089255
10089256
10089257
10089258
10089259
10089260
10089261
10089262
10089263
10089264
10089265
10089266
10089267
10089268
10089269
10089270
10089271
10089272
10089273
10089274
10089275
10089276
10089277
10089278
10089279
10089280
10089281
10089282
10089283
10089284
10089285
10089286
10089287
10089288
10089289
10089290
10089291
10089292
10089293
10089294
10089295
10089296
10089297
10089298
10089299
10089300
10089301
10089302
10089303
10089304
10089305
10089306
10089307
10089308
10089309
10089310
10089311
10089312
10089313
10089314
10089315
10089316
10089317
10089318
10089319
10089320
10089321
10089322
10089323
10089324
10089325
10089326
10089327
10089328
10089329
10089330
10089331
10089332
10089333
10089334
10089335
10089336
10089337
10089338
10089339
10089340
10089341
10089342
10089343
10089344
10089345
10089346
10089347
10089348
10089349
10089350
10089351
10089352
10089353
10089354
10089355
10089356
10089357
10089358
10089359
10089360
10089361
10089362
10089363
10089364
10089365
10089366
10089367
10089368
10089369
10089370
10089371
10089372
10089373
10089374
10089375
10089376
10089377
10089378
10089379
10089380
10089381
10089382
10089383
10089384
10089385
10089386
10089387
10089388
10089389
10089390
10089391
10089392
10089393
10089394
10089395
10089396
10089397
10089398
10089399
10089400
10089401
10089402
10089403
10089404
10089405
10089406
10089407
10089408
10089409
10089410
10089411
10089412
10089413
10089414
10089415
10089416
10089417
10089418
10089419
10089420
10089421
10089422
10089423
10089424
10089425
10089426
10089427
10089428
10089429
10089430
10089431
10089432
10089433
10089434
10089435
10089436
10089437
10089438
10089439
10089440
10089441
10089442
10089443
10089444
10089445
10089446
10089447
10089448
10089449
10089450
10089451
10089452
10089453
10089454
10089455
10089456
10089457
10089458
10089459
10089460
10089461
10089462
10089463
10089464
10089465
10089466
10089467
10089468
10089469
10089470
10089471
10089472
10089473
10089474
10089475
10089476
10089477
10089478
10089479
10089480
10089481
10089482
10089483
10089484
10089485
10089486
10089487
10089488
10089489
10089490
10089491
10089492
10089493
10089494
10089495
10089496
10089497
10089498
10089499
10089500
10089501
10089502
10089503
10089504
10089505
10089506
10089507
10089508
10089509
10089510
10089511
10089512
10089513
10089514
10089515
10089516
10089517
10089518
10089519
10089520
10089521
10089522
10089523
10089524
10089525
10089526
10089527
10089528
10089529
10089530
10089531
10089532
10089533
10089534
10089535
10089536
10089537
10089538
10089539
10089540
10089541
10089542
10089543
10089544
10089545
10089546
10089547
10089548
10089549
10089550
10089551
10089552
10089553
10089554
10089555
10089556
10089557
10089558
10089559
10089560
10089561
10089562
10089563
10089564
10089565
10089566
10089567
10089568
10089569
10089570
10089571
10089572
10089573
10089574
10089575
10089576
10089577
10089578
10089579
10089580
10089581
10089582
10089583
10089584
10089585
10089586
10089587
10089588
10089589
10089590
10089591
10089592
10089593
10089594
10089595
10089596
10089597
10089598
10089599
10089600
10089601
10089602
10089603
10089604
10089605
10089606
10089607
10089608
10089609
10089610
10089611
10089612
10089613
10089614
10089615
10089616
10089617
10089618
10089619
10089620
10089621
10089622
10089623
10089624
10089625
10089626
10089627
10089628
10089629
10089630
10089631
10089632
10089633
10089634
10089635
10089636
10089637
10089638
10089639
10089640
10089641
10089642
10089643
10089644
10089645
10089646
10089647
10089648
10089649
10089650
10089651
10089652
10089653
10089654
10089655
10089656
10089657
10089658
10089659
10089660
10089661
10089662
10089663
10089664
10089665
10089666
10089667
10089668
10089669
10089670
10089671
10089672
10089673
10089674
10089675
10089676
10089677
10089678
10089679
10089680
10089681
10089682
10089683
10089684
10089685
10089686
10089687
10089688
10089689
10089690
10089691
10089692
10089693
10089694
10089695
10089696
10089697
10089698
10089699
10089700
10089701
10089702
10089703
10089704
10089705
10089706
10089707
10089708
10089709
10089710
10089711
10089712
10089713
10089714
10089715
10089716
10089717
10089718
10089719
10089720
10089721
10089722
10089723
10089724
10089725
10089726
10089727
10089728
10089729
10089730
10089731
10089732
10089733
10089734
10089735
10089736
10089737
10089738
10089739
10089740
10089741
10089742
10089743
10089744
10089745
10089746
10089747
10089748
10089749
10089750
10089751
10089752
10089753
10089754
10089755
10089756
10089757
10089758
10089759
10089760
10089761
10089762
10089763
10089764
10089765
10089766
10089767
10089768
10089769
10089770
10089771
10089772
10089773
10089774
10089775
10089776
10089777
10089778
10089779
10089780
10089782
10089783
10089784
10089785
10089786
10089787
10089788
10089789
10089790
10089791
10089792
10089793
10089794
10089795
10089796
10089797
10089798
10089799
10089800
10089801
10089802
10089803
10089804
10089805
10089806
10089807
10089808
10089809
10089810
10089811
10089812
10089813
10089814
10089815
10089816
10089817
10089818
10089819
10089820
10089821
10089822
10089823
10089824
10089825
10089826
10089827
10089828
10089829
10089830
10089831
10089832
10089833
10089834
10089835
10089836
10089837
10089838
10089839
10089840
10089841
10089842
10089843
10089844
10089845
10089846
10089847
10089848
10089849
10089850
10089851
10089852
10089853
10089854
10089855
10089856
10089857
10089858
10089859
10089860
10089861
10089862
10089863
10089864
10089865
10089866
10089867
10089868
10089869
10089870
10089871
10089872
10089873
10089874
10089875
10089876
10089877
10089878
10089879
10089880
10089881
10089882
10089883
10089884
10089885
10089886
10089887
10089888
10089889
10089890
10089891
10089892
10089893
10089894
10089895
10089896
10089897
10089898
10089899
10089900
10089901
10089902
10089903
10089904
10089905
10089906
10089907
10089908
10089909
10089910
10089911
10089912
10089913
10089914
10089915
10089916
10089917
10089918
10089919
10089920
10089921
10089922
10089923
10089924
10089925
10089926
10089927
10089928
10089929
10089930
10089931
10089932
10089933
10089934
10089935
10089936
10089937
10089938
10089939
10089940
10089941
10089942
10089943
10089944
10089945
10089946
10089947
10089948
10089949
10089950
10089951
10089952
10089953
10089954
10089955
10089956
10089957
10089958
10089959
10089960
10089961
10089962
10089963
10089964
10089965
10089966
10089967
10089968
10089969
10089970
10089971
10089972
10089973
10089974
10089975
10089976
10089977
10089978
10089979
10089980
10089981
10089982
10089983
10089984
10089985
10089986
10089987
10089988
10089989
10089990
10089991
10089992
10089993
10089994
10089995
10089996
10089997
10089998
10089999
10090000
10090001
10090002
10090003
10090004
10090005
10090006
10090007
10090008
10090009
10090010
10090011
10090012
10090013
10090014
10090015
10090016
10090017
10090018
10090019
10090020
10090021
10090022
10090023
10090024
10090025
10090026
10090027
10090028
10090029
10090030
10090031
10090032
10090033
10090034
10090035
10090036
10090037
10090038
10090039
10090040
10090041
10090042
10090043
10090044
10090045
10090046
10090047
10090048
10090049
10090050
10090051
10090052
10090053
10090054
10090055
10090056
10090058
10090059
10090060
10090061
10090062
10090063
10090064
10090065
10090066
10090067
10090068
10090069
10090070
10090071
10090072
10090073
10090074
10090075
10090076
10090077
10090078
10090079
10090080
10090081
10090082
10090083
10090084
10090085
10090086
10090087
10090088
10090089
10090090
10090091
10090092
10090093
10090094
10090095
10090096
10090097
10090098
10090099
10090100
10090101
10090102
10090103
10090104
10090105
10090106
10090107
10090108
10090109
10090110
10090111
10090112
10090113
10090114
10090115
10090116
10090117
10090118
10090119
10090120
10090121
10090122
10090123
10090124
10090125
10090126
10090127
10090128
10090129
10090130
10090131
10090132
10090133
10090134
10090135
10090136
10090137
10090138
10090139
10090140
10090141
10090142
10090143
10090144
10090145
10090146
10090147
10090148
10090149
10090150
10090151
10090152
10090153
10090154
10090155
10090156
10090157
10090158
10090159
10090160
10090161
10090162
10090163
10090164
10090165
10090166
10090167
10090168
10090169
10090170
10090171
10090172
10090173
10090174
10090175
10090176
10090177
10090178
10090179
10090180
10090181
10090182
10090183
10090184
10090185
10090186
10090187
10090188
10090189
10090190
10090191
10090192
10090193
10090194
10090195
10090196
10090197
10090198
10090199
10090200
10090201
10090202
10090203
10090204
10090205
10090206
10090207
10090208
10090209
10090210
10090211
10090212
10090213
10090214
10090215
10090216
10090217
10090218
10090219
10090220
10090221
10090222
10090223
10090224
10090225
10090226
10090227
10090228
10090229
10090230
10090231
10090232
10090233
10090234
10090235
10090236
10090237
10090238
10090239
10090240
10090241
10090242
10090243
10090244
10090245
10090246
10090247
10090248
10090249
10090250
10090251
10090252
10090253
10090254
10090255
10090256
10090257
10090258
10090259
10090260
10090261
10090262
10090263
10090264
10090265
10090266
10090267
10090268
10090269
10090270
10090271
10090272
10090273
10090274
10090275
10090276
10090277
10090278
10090279
10090280
10090281
10090282
10090283
10090284
10090285
10090286
10090287
10090288
10090289
10090290
10090291
10090292
10090293
10090294
10090295
10090296
10090297
10090298
10090299
10090300
10090301
10090302
10090303
10090304
10090305
10090306
10090307
10090308
10090309
10090310
10090311
10090312
10090313
10090314
10090315
10090316
10090317
10090318
10090319
10090320
10090321
10090322
10090323
10090324
10090325
10090326
10090327
10090328
10090329
10090330
10090331
10090332
10090333
10090334
10090335
10090336
10090337
10090338
10090339
10090340
10090341
10090342
10090343
10090344
10090345
10090346
10090347
10090348
10090349
10090350
10090351
10090352
10090353
10090354
10090355
10090356
10090357
10090358
10090359
10090360
10090361
10090362
10090363
10090364
10090365
10090366
10090367
10090368
10090369
10090370
10090371
10090372
10090373
10090374
10090375
10090376
10090377
10090378
10090379
10090380
10090381
10090382
10090383
10090384
10090385
10090386
10090387
10090388
10090389
10090390
10090391
10090392
10090393
10090394
10090395
10090396
10090397
10090398
10090399
10090400
10090401
10090402
10090403
10090404
10090405
10090406
10090407
10090408
10090409
10090410
10090411
10090412
10090413
10090414
10090415
10090416
10090417
10090418
10090419
10090420
10090421
10090422
10090423
10090424
10090425
10090426
10090427
10090428
10090429
10090430
10090431
10090432
10090433
10090434
10090435
10090436
10090437
10090438
10090439
10090440
10090441
10090442
10090443
10090444
10090445
10090446
10090447
10090448
10090449
10090450
10090451
10090452
10090453
10090454
10090455
10090456
10090457
10090458
10090459
10090460
10090461
10090462
10090463
10090464
10090465
10090466
10090467
10090468
10090469
10090470
10090471
10090472
10090473
10090474
10090475
10090476
10090477
10090478
10090479
10090480
10090481
10090482
10090483
10090484
10090485
10090486
10090487
10090488
10090489
10090490
10090491
10090492
10090493
10090494
10090495
10090496
10090497
10090498
10090499
10090500
10090501
10090502
10090503
10090504
10090505
10090506
10090507
10090508
10090509
10090510
10090511
10090512
10090513
10090514
10090515
10090516
10090517
10090518
10090519
10090520
10090521
10090522
10090523
10090524
10090525
10090526
10090527
10090528
10090529
10090530
10090531
10090532
10090533
10090534
10090535
10090536
10090537
10090538
10090539
10090540
10090541
10090542
10090543
10090544
10090545
10090546
10090547
10090548
10090549
10090550
10090551
10090552
10090553
10090554
10090555
10090556
10090557
10090558
10090559
10090560
10090561
10090562
10090563
10090564
10090565
10090566
10090567
10090568
10090569
10090570
10090571
10090572
10090573
10090574
10090575
10090576
10090577
10090578
10090579
10090580
10090581
10090582
10090583
10090584
10090585
10090586
10090587
10090588
10090589
10090590
10090591
10090592
10090593
10090594
10090595
10090596
10090597
10090598
10090599
10090600
10090601
10090602
10090603
10090604
10090605
10090606
10090607
10090608
10090609
10090610
10090611
10090612
10090613
10090614
10090615
10090616
10090617
10090618
10090619
10090620
10090621
10090622
10090623
10090624
10090625
10090626
10090627
10090628
10090629
10090630
10090631
10090632
10090633
10090634
10090635
10090636
10090637
10090638
10090639
10090640
10090641
10090642
10090643
10090644
10090645
10090646
10090647
10090648
10090649
10090650
10090651
10090652
10090653
10090654
10090655
10090656
10090657
10090658
10090659
10090660
10090661
10090662
10090663
10090664
10090665
10090666
10090667
10090668
10090669
10090670
10090671
10090672
10090673
10090674
10090675
10090676
10090677
10090678
10090679
10090680
10090681
10090682
10090683
10090684
10090685
10090686
10090687
10090688
10090689
10090690
10090691
10090692
10090693
10090694
10090695
10090696
10090697
10090698
10090699
10090700
10090701
10090702
10090703
10090704
10090705
10090706
10090707
10090708
10090709
10090710
10090711
10090712
10090713
10090714
10090715
10090716
10090717
10090718
10090719
10090720
10090721
10090722
10090723
10090724
10090725
10090726
10090727
10090728
10090729
10090730
10090731
10090732
10090733
10090734
10090735
10090736
10090737
10090738
10090739
10090740
10090741
10090742
10090743
10090744
10090745
10090746
10090747
10090748
10090749
10090750
10090751
10090752
10090753
10090754
10090755
10090756
10090757
10090758
10090759
10090760
10090761
10090762
10090763
10090764
10090765
10090766
10090767
10090768
10090769
10090770
10090771
10090772
10090773
10090774
10090775
10090776
10090777
10090778
10090779
10090780
10090781
10090782
10090783
10090784
10090785
10090786
10090787
10090788
10090789
10090790
10090791
10090792
10090793
10090794
10090795
10090796
10090797
10090798
10090799
10090800
10090801
10090802
10090803
10090804
10090805
10090806
10090807
10090808
10090809
10090810
10090811
10090812
10090813
10090814
10090815
10090816
10090817
10090818
10090819
10090820
10090821
10090822
10090823
10090824
10090825
10090826
10090827
10090828
10090829
10090830
10090831
10090832
10090833
10090834
10090835
10090836
10090837
10090838
10090839
10090840
10090841
10090842
10090843
10090844
10090845
10090846
10090847
10090848
10090849
10090850
10090851
10090852
10090853
10090854
10090855
10090856
10090857
10090858
10090859
10090860
10090861
10090862
10090863
10090864
10090865
10090866
10090867
10090868
10090869
10090870
10090871
10090872
10090873
10090874
10090875
10090876
10090877
10090878
10090879
10090880
10090881
10090882
10090883
10090884
10090885
10090886
10090887
10090888
10090889
10090890
10090891
10090892
10090893
10090894
10090895
10090896
10090897
10090898
10090899
10090900
10090901
10090902
10090903
10090904
10090905
10090906
10090907
10090908
10090909
10090910
10090911
10090912
10090913
10090914
10090915
10090916
10090917
10090918
10090919
10090920
10090921
10090922
10090923
10090924
10090925
10090926
10090927
10090928
10090929
10090930
10090931
10090932
10090933
10090934
10090935
10090936
10090937
10090938
10090939
10090940
10090941
10090942
10090943
10090944
10090945
10090946
10090947
10090948
10090949
10090950
10090951
10090952
10090953
10090954
10090955
10090956
10090957
10090958
10090959
10090960
10090961
10090962
10090963
10090964
10090965
10090966
10090967
10090968
10090969
10090970
10090971
10090972
10090973
10090974
10090975
10090976
10090977
10090978
10090979
10090980
10090981
10090982
10090983
10090984
10090985
10090986
10090987
10090988
10090989
10090990
10090991
10090992
10090993
10090994
10090995
10090996
10090997
10090998
10090999
10091000
10091001
10091002
10091003
10091004
10091005
10091006
10091007
10091008
10091009
10091010
10091011
10091012
10091013
10091014
10091015
10091016
10091017
10091018
10091019
10091020
10091021
10091022
10091023
10091024
10091025
10091026
10091027
10091028
10091029
10091030
10091031
10091032
10091033
10091034
10091035
10091036
10091037
10091038
10091040
10091041
10091042
10091043
10091044
10091045
10091046
10091047
10091048
10091049
10091050
10091051
10091052
10091053
10091054
10091055
10091056
10091057
10091058
10091059
10091060
10091061
10091062
10091063
10091064
10091065
10091066
10091067
10091068
10091069
10091070
10091071
10091072
10091073
10091074
10091075
10091076
10091077
10091078
10091079
10091080
10091081
10091082
10091083
10091084
10091085
10091086
10091087
10091088
10091089
10091090
10091091
10091092
10091093
10091094
10091095
10091096
10091097
10091098
10091099
10091100
10091101
10091102
10091103
10091104
10091105
10091106
10091107
10091108
10091109
10091110
10091111
10091112
10091113
10091114
10091115
10091116
10091117
10091118
10091119
10091120
10091121
10091122
10091123
10091124
10091125
10091126
10091127
10091128
10091129
10091130
10091131
10091132
10091133
10091134
10091135
10091136
10091137
10091138
10091139
10091140
10091141
10091142
10091143
10091144
10091145
10091146
10091147
10091148
10091149
10091150
10091151
10091152
10091153
10091154
10091155
10091156
10091157
10091158
10091159
10091160
10091161
10091162
10091163
10091164
10091165
10091166
10091167
10091168
10091169
10091170
10091171
10091172
10091173
10091174
10091175
10091176
10091177
10091178
10091179
10091180
10091181
10091182
10091183
10091184
10091185
10091186
10091187
10091188
10091189
10091190
10091191
10091192
10091193
10091194
10091195
10091196
10091197
10091198
10091199
10091200
10091201
10091202
10091203
10091204
10091205
10091206
10091207
10091208
10091209
10091210
10091211
10091212
10091213
10091214
10091215
10091216
10091217
10091218
10091219
10091220
10091221
10091222
10091223
10091224
10091225
10091226
10091227
10091228
10091229
10091230
10091231
10091232
10091233
10091234
10091235
10091236
10091237
10091238
10091239
10091240
10091241
10091242
10091243
10091244
10091245
10091246
10091247
10091248
10091249
10091250
10091251
10091252
10091253
10091254
10091255
10091256
10091257
10091258
10091259
10091260
10091261
10091262
10091263
10091264
10091265
10091266
10091267
10091269
10091270
10091271
10091272
10091273
10091274
10091275
10091276
10091277
10091278
10091279
10091280
10091281
10091282
10091283
10091284
10091285
10091286
10091287
10091288
10091289
10091290
10091291
10091292
10091293
10091294
10091295
10091296
10091297
10091298
10091299
10091300
10091301
10091302
10091303
10091304
10091305
10091306
10091307
10091308
10091309
10091310
10091311
10091312
10091313
10091314
10091315
10091316
10091317
10091318
10091319
10091320
10091321
10091322
10091323
10091324
10091325
10091326
10091327
10091328
10091329
10091330
10091331
10091332
10091333
10091334
10091335
10091336
10091337
10091338
10091339
10091340
10091341
10091342
10091343
10091344
10091345
10091346
10091347
10091348
10091349
10091350
10091351
10091352
10091353
10091354
10091355
10091357
10091358
10091359
10091360
10091361
10091362
10091363
10091364
10091365
10091366
10091367
10091368
10091369
10091370
10091371
10091372
10091373
10091374
10091375
10091376
10091377
10091378
10091379
10091380
10091381
10091382
10091383
10091384
10091385
10091386
10091387
10091388
10091389
10091390
10091391
10091392
10091393
10091394
10091395
10091396
10091397
10091398
10091399
10091400
10091401
10091402
10091403
10091404
10091405
10091406
10091407
10091408
10091409
10091410
10091411
10091412
10091413
10091414
10091415
10091416
10091417
10091418
10091419
10091420
10091421
10091422
10091423
10091424
10091425
10091426
10091427
10091428
10091429
10091430
10091431
10091432
10091433
10091434
10091435
10091436
10091437
10091438
10091439
10091440
10091441
10091442
10091443
10091444
10091445
10091446
10091447
10091448
10091449
10091450
10091451
10091452
10091453
10091454
10091455
10091456
10091457
10091458
10091459
10091460
10091461
10091462
10091463
10091464
10091465
10091466
10091467
10091468
10091469
10091470
10091471
10091472
10091473
10091474
10091475
10091476
10091477
10091478
10091479
10091480
10091481
10091482
10091483
10091484
10091485
10091486
10091487
10091488
10091489
10091490
10091491
10091492
10091493
10091494
10091495
10091496
10091497
10091498
10091499
10091500
10091501
10091502
10091503
10091504
10091505
10091506
10091507
10091508
10091509
10091510
10091511
10091512
10091513
10091514
10091515
10091516
10091517
10091518
10091519
10091520
10091521
10091522
10091523
10091524
10091525
10091526
10091527
10091528
10091529
10091530
10091531
10091532
10091533
10091534
10091535
10091536
10091537
10091538
10091539
10091540
10091541
10091542
10091543
10091544
10091545
10091546
10091547
10091548
10091549
10091550
10091551
10091552
10091553
10091554
10091555
10091556
10091557
10091558
10091559
10091560
10091561
10091562
10091563
10091564
10091565
10091566
10091567
10091568
10091569
10091570
10091571
10091572
10091573
10091574
10091575
10091576
10091577
10091578
10091579
10091580
10091581
10091582
10091583
10091584
10091585
10091586
10091587
10091588
10091589
10091590
10091591
10091592
10091593
10091594
10091595
10091596
10091597
10091598
10091599
10091600
10091601
10091602
10091603
10091604
10091605
10091606
10091607
10091608
10091609
10091610
10091611
10091612
10091613
10091614
10091615
10091616
10091617
10091618
10091619
10091620
10091621
10091622
10091623
10091624
10091625
10091626
10091627
10091628
10091629
10091630
10091631
10091632
10091633
10091634
10091635
10091636
10091637
10091638
10091639
10091640
10091641
10091642
10091643
10091644
10091645
10091646
10091647
10091648
10091649
10091650
10091651
10091652
10091653
10091654
10091655
10091656
10091657
10091658
10091659
10091660
10091661
10091662
10091663
10091664
10091665
10091666
10091667
10091668
10091669
10091670
10091671
10091672
10091673
10091674
10091675
10091676
10091677
10091678
10091679
10091680
10091681
10091682
10091683
10091684
10091685
10091686
10091687
10091688
10091689
10091690
10091691
10091692
10091693
10091694
10091695
10091696
10091697
10091698
10091699
10091700
10091701
10091702
10091703
10091704
10091705
10091706
10091707
10091708
10091709
10091710
10091711
10091712
10091713
10091714
10091715
10091716
10091717
10091718
10091719
10091720
10091721
10091722
10091723
10091724
10091725
10091726
10091727
10091728
10091729
10091730
10091731
10091732
10091733
10091734
10091735
10091736
10091737
10091738
10091739
10091740
10091741
10091742
10091743
10091744
10091745
10091746
10091747
10091748
10091749
10091750
10091751
10091752
10091753
10091754
10091755
10091756
10091757
10091758
10091759
10091760
10091761
10091762
10091763
10091764
10091765
10091766
10091767
10091768
10091769
10091770
10091771
10091772
10091773
10091774
10091775
10091776
10091777
10091778
10091779
10091780
10091781
10091782
10091783
10091784
10091785
10091786
10091787
10091788
10091789
10091790
10091791
10091792
10091793
10091794
10091795
10091796
10091797
10091798
10091799
10091800
10091801
10091802
10091803
10091804
10091805
10091806
10091807
10091808
10091809
10091810
10091811
10091812
10091813
10091814
10091815
10091816
10091817
10091818
10091819
10091820
10091821
10091822
10091823
10091824
10091825
10091826
10091827
10091828
10091829
10091830
10091831
10091832
10091833
10091834
10091835
10091836
10091837
10091838
10091839
10091840
10091841
10091842
10091843
10091844
10091845
10091846
10091847
10091848
10091849
10091850
10091851
10091852
10091853
10091854
10091855
10091856
10091857
10091858
10091859
10091860
10091861
10091862
10091863
10091864
10091865
10091866
10091867
10091868
10091869
10091870
10091871
10091872
10091873
10091874
10091875
10091876
10091877
10091878
10091879
10091880
10091881
10091882
10091883
10091884
10091885
10091886
10091887
10091888
10091889
10091890
10091891
10091892
10091893
10091894
10091895
10091896
10091897
10091898
10091899
10091900
10091901
10091902
10091903
10091904
10091905
10091906
10091907
10091908
10091909
10091910
10091911
10091912
10091913
10091914
10091915
10091916
10091917
10091918
10091919
10091920
10091921
10091922
10091923
10091924
10091925
10091926
10091927
10091928
10091929
10091930
10091931
10091932
10091933
10091934
10091935
10091936
10091937
10091938
10091939
10091940
10091941
10091942
10091943
10091944
10091945
10091946
10091947
10091948
10091949
10091950
10091951
10091952
10091953
10091954
10091955
10091956
10091957
10091958
10091959
10091960
10091961
10091962
10091963
10091964
10091965
10091966
10091967
10091968
10091969
10091970
10091971
10091972
10091973
10091974
10091975
10091976
10091977
10091978
10091979
10091980
10091981
10091982
10091983
10091984
10091985
10091986
10091987
10091988
10091989
10091990
10091991
10091992
10091993
10091994
10091995
10091996
10091997
10091998
10091999
10092000
10092001
10092002
10092003
10092004
10092005
10092006
10092007
10092008
10092009
10092010
10092011
10092012
10092013
10092014
10092015
10092016
10092017
10092018
10092019
10092020
10092021
10092022
10092023
10092024
10092025
10092026
10092027
10092028
10092029
10092030
10092031
10092032
10092033
10092034
10092035
10092036
10092037
10092038
10092039
10092040
10092041
10092042
10092043
10092044
10092045
10092046
10092047
10092048
10092049
10092050
10092051
10092052
10092053
10092054
10092055
10092056
10092057
10092058
10092059
10092060
10092061
10092062
10092063
10092064
10092065
10092066
10092067
10092068
10092069
10092070
10092071
10092072
10092073
10092074
10092075
10092076
10092077
10092078
10092079
10092080
10092081
10092082
10092083
10092084
10092085
10092086
10092087
10092088
10092089
10092090
10092091
10092092
10092093
10092094
10092095
10092096
10092097
10092098
10092099
10092100
10092101
10092102
10092103
10092104
10092105
10092106
10092107
10092108
10092109
10092110
10092111
10092112
10092113
10092114
10092115
10092116
10092117
10092118
10092119
10092120
10092121
10092122
10092123
10092124
10092125
10092126
10092127
10092128
10092129
10092130
10092131
10092132
10092133
10092134
10092135
10092136
10092137
10092138
10092139
10092140
10092141
10092142
10092143
10092144
10092145
10092146
10092147
10092148
10092149
10092150
10092151
10092152
10092153
10092154
10092155
10092156
10092157
10092158
10092159
10092160
10092161
10092162
10092163
10092164
10092165
10092166
10092167
10092168
10092169
10092170
10092171
10092172
10092173
10092174
10092175
10092176
10092177
10092178
10092179
10092180
10092181
10092182
10092183
10092184
10092185
10092186
10092187
10092188
10092189
10092190
10092191
10092192
10092193
10092194
10092195
10092196
10092197
10092198
10092199
10092200
10092201
10092202
10092203
10092204
10092205
10092206
10092207
10092208
10092209
10092210
10092211
10092212
10092213
10092214
10092215
10092216
10092217
10092218
10092219
10092220
10092221
10092222
10092223
10092224
10092225
10092226
10092227
10092228
10092229
10092230
10092231
10092232
10092233
10092234
10092235
10092236
10092237
10092238
10092239
10092240
10092241
10092242
10092243
10092244
10092245
10092246
10092247
10092248
10092249
10092250
10092251
10092252
10092253
10092254
10092255
10092256
10092257
10092258
10092259
10092260
10092261
10092262
10092263
10092264
10092265
10092266
10092267
10092268
10092269
10092270
10092271
10092272
10092273
10092274
10092275
10092276
10092277
10092278
10092279
10092280
10092281
10092282
10092283
10092284
10092285
10092286
10092287
10092288
10092289
10092290
10092291
10092292
10092293
10092294
10092295
10092296
10092297
10092298
10092299
10092300
10092301
10092302
10092303
10092304
10092305
10092306
10092307
10092308
10092309
10092310
10092311
10092312
10092313
10092314
10092315
10092316
10092317
10092318
10092319
10092320
10092321
10092322
10092323
10092324
10092325
10092326
10092327
10092328
10092329
10092330
10092331
10092332
10092333
10092334
10092335
10092336
10092337
10092338
10092339
10092340
10092341
10092342
10092343
10092344
10092345
10092346
10092347
10092348
10092349
10092350
10092351
10092352
10092353
10092354
10092355
10092356
10092357
10092358
10092359
10092360
10092361
10092362
10092363
10092365
10092366
10092367
10092368
10092369
10092370
10092371
10092372
10092373
10092374
10092375
10092376
10092377
10092378
10092379
10092380
10092381
10092382
10092383
10092384
10092385
10092386
10092387
10092388
10092389
10092390
10092391
10092392
10092393
10092394
10092395
10092396
10092397
10092398
10092399
10092400
10092401
10092402
10092403
10092404
10092405
10092406
10092407
10092408
10092409
10092410
10092411
10092412
10092413
10092414
10092415
10092416
10092417
10092418
10092419
10092420
10092421
10092422
10092423
10092424
10092425
10092426
10092427
10092428
10092429
10092430
10092431
10092432
10092433
10092434
10092435
10092436
10092437
10092438
10092439
10092440
10092441
10092442
10092443
10092444
10092445
10092446
10092447
10092448
10092449
10092450
10092451
10092452
10092453
10092454
10092455
10092456
10092457
10092458
10092459
10092460
10092461
10092462
10092463
10092464
10092465
10092466
10092467
10092468
10092469
10092470
10092471
10092472
10092473
10092474
10092475
10092476
10092477
10092478
10092479
10092480
10092481
10092482
10092483
10092484
10092485
10092486
10092487
10092488
10092489
10092490
10092491
10092492
10092493
10092494
10092495
10092496
10092497
10092498
10092499
10092500
10092501
10092502
10092503
10092504
10092505
10092506
10092507
10092508
10092509
10092510
10092511
10092512
10092513
10092514
10092515
10092516
10092517
10092518
10092519
10092520
10092521
10092522
10092523
10092524
10092525
10092526
10092527
10092528
10092529
10092530
10092531
10092532
10092533
10092534
10092535
10092536
10092537
10092538
10092539
10092540
10092541
10092542
10092543
10092544
10092545
10092546
10092547
10092548
10092549
10092550
10092551
10092552
10092553
10092554
10092555
10092556
10092557
10092558
10092559
10092560
10092561
10092562
10092563
10092564
10092565
10092566
10092567
10092568
10092569
10092570
10092571
10092572
10092573
10092574
10092575
10092576
10092577
10092578
10092579
10092580
10092581
10092582
10092583
10092584
10092585
10092586
10092587
10092588
10092589
10092590
10092591
10092592
10092593
10092594
10092595
10092596
10092597
10092598
10092599
10092600
10092601
10092602
10092603
10092604
10092605
10092606
10092607
10092608
10092609
10092610
10092611
10092612
10092613
10092614
10092615
10092616
10092617
10092618
10092619
10092620
10092621
10092622
10092623
10092624
10092625
10092626
10092627
10092628
10092629
10092630
10092631
10092632
10092633
10092634
10092635
10092636
10092637
10092638
10092639
10092640
10092641
10092642
10092643
10092644
10092645
10092646
10092647
10092648
10092649
10092650
10092651
10092652
10092653
10092654
10092655
10092656
10092657
10092658
10092659
10092660
10092661
10092662
10092663
10092664
10092665
10092666
10092667
10092668
10092669
10092670
10092671
10092672
10092673
10092674
10092675
10092676
10092677
10092678
10092679
10092680
10092681
10092682
10092683
10092684
10092685
10092686
10092687
10092688
10092689
10092690
10092691
10092692
10092693
10092694
10092695
10092696
10092697
10092698
10092699
10092700
10092701
10092702
10092703
10092704
10092705
10092706
10092707
10092708
10092709
10092710
10092711
10092712
10092713
10092714
10092715
10092716
10092717
10092718
10092719
10092720
10092721
10092722
10092723
10092724
10092725
10092726
10092727
10092728
10092729
10092730
10092731
10092732
10092733
10092734
10092735
10092736
10092737
10092738
10092739
10092740
10092741
10092742
10092743
10092744
10092745
10092746
10092747
10092748
10092749
10092750
10092751
10092752
10092753
10092754
10092755
10092756
10092757
10092758
10092759
10092760
10092761
10092762
10092763
10092764
10092765
10092766
10092767
10092768
10092769
10092770
10092771
10092772
10092773
10092774
10092775
10092776
10092777
10092778
10092779
10092780
10092781
10092782
10092783
10092784
10092785
10092786
10092787
10092788
10092789
10092790
10092791
10092792
10092793
10092794
10092795
10092796
10092797
10092798
10092799
10092800
10092801
10092802
10092803
10092804
10092805
10092806
10092807
10092808
10092809
10092810
10092811
10092812
10092813
10092814
10092815
10092816
10092817
10092818
10092819
10092820
10092821
10092822
10092823
10092824
10092825
10092826
10092827
10092828
10092829
10092830
10092831
10092832
10092833
10092834
10092835
10092836
10092837
10092838
10092839
10092840
10092841
10092842
10092843
10092844
10092845
10092846
10092847
10092848
10092849
10092850
10092851
10092852
10092853
10092854
10092855
10092856
10092857
10092858
10092859
10092860
10092861
10092862
10092863
10092864
10092865
10092866
10092867
10092868
10092869
10092870
10092871
10092872
10092873
10092874
10092875
10092876
10092877
10092878
10092879
10092880
10092881
10092882
10092883
10092884
10092885
10092886
10092887
10092888
10092889
10092890
10092891
10092892
10092893
10092894
10092895
10092896
10092897
10092898
10092899
10092900
10092901
10092902
10092903
10092904
10092905
10092906
10092907
10092908
10092909
10092910
10092911
10092912
10092913
10092914
10092915
10092916
10092917
10092918
10092919
10092920
10092921
10092922
10092923
10092924
10092925
10092926
10092927
10092928
10092929
10092930
10092931
10092932
10092933
10092934
10092935
10092936
10092937
10092938
10092939
10092940
10092941
10092942
10092943
10092944
10092945
10092946
10092947
10092948
10092949
10092950
10092951
10092952
10092953
10092954
10092955
10092956
10092957
10092958
10092959
10092960
10092961
10092962
10092963
10092964
10092965
10092966
10092967
10092968
10092969
10092970
10092971
10092972
10092973
10092974
10092975
10092976
10092977
10092978
10092979
10092980
10092981
10092982
10092983
10092984
10092985
10092986
10092987
10092988
10092990
10092991
10092992
10092993
10092994
10092995
10092996
10092997
10092998
10092999
10093000
10093001
10093002
10093003
10093004
10093005
10093006
10093007
10093008
10093009
10093010
10093011
10093012
10093013
10093014
10093015
10093016
10093017
10093018
10093019
10093020
10093021
10093022
10093023
10093024
10093025
10093026
10093027
10093028
10093029
10093030
10093031
10093032
10093033
10093034
10093035
10093036
10093037
10093038
10093039
10093040
10093041
10093042
10093043
10093044
10093045
10093046
10093047
10093048
10093049
10093050
10093051
10093052
10093053
10093054
10093055
10093056
10093057
10093058
10093059
10093060
10093061
10093062
10093063
10093064
10093065
10093066
10093067
10093068
10093069
10093070
10093071
10093072
10093073
10093074
10093075
10093076
10093077
10093078
10093079
10093080
10093081
10093082
10093083
10093084
10093085
10093086
10093087
10093088
10093089
10093090
10093091
10093092
10093093
10093094
10093095
10093096
10093097
10093098
10093099
10093100
10093101
10093102
10093103
10093104
10093105
10093106
10093107
10093108
10093109
10093110
10093111
10093112
10093113
10093114
10093115
10093116
10093117
10093118
10093119
10093120
10093121
10093122
10093123
10093124
10093125
10093126
10093127
10093128
10093129
10093130
10093131
10093132
10093133
10093134
10093135
10093136
10093137
10093138
10093139
10093140
10093141
10093142
10093143
10093144
10093145
10093146
10093147
10093148
10093149
10093150
10093151
10093152
10093153
10093154
10093155
10093156
10093157
10093158
10093159
10093160
10093161
10093162
10093163
10093164
10093165
10093166
10093167
10093168
10093169
10093170
10093171
10093172
10093173
10093174
10093175
10093176
10093177
10093178
10093179
10093180
10093181
10093182
10093183
10093184
10093185
10093186
10093187
10093188
10093189
10093190
10093191
10093192
10093193
10093194
10093195
10093196
10093197
10093198
10093199
10093200
10093201
10093202
10093203
10093204
10093205
10093206
10093207
10093208
10093209
10093210
10093211
10093212
10093213
10093214
10093215
10093216
10093217
10093218
10093219
10093220
10093221
10093222
10093223
10093224
10093225
10093226
10093227
10093228
10093229
10093230
10093231
10093232
10093233
10093234
10093235
10093236
10093237
10093238
10093239
10093240
10093241
10093242
10093243
10093244
10093245
10093246
10093247
10093248
10093249
10093250
10093251
10093252
10093253
10093254
10093255
10093256
10093257
10093258
10093259
10093260
10093261
10093262
10093263
10093264
10093265
10093266
10093267
10093268
10093269
10093270
10093271
10093272
10093273
10093274
10093275
10093276
10093277
10093278
10093279
10093280
10093281
10093282
10093283
10093284
10093285
10093286
10093287
10093288
10093289
10093290
10093291
10093292
10093293
10093294
10093295
10093296
10093297
10093298
10093299
10093300
10093301
10093302
10093303
10093304
10093305
10093306
10093307
10093308
10093309
10093310
10093311
10093312
10093313
10093314
10093315
10093316
10093317
10093318
10093319
10093320
10093321
10093322
10093323
10093324
10093325
10093326
10093327
10093328
10093329
10093330
10093331
10093332
10093333
10093334
10093335
10093336
10093337
10093338
10093339
10093340
10093341
10093342
10093343
10093344
10093345
10093346
10093347
10093348
10093349
10093350
10093351
10093352
10093353
10093354
10093355
10093356
10093357
10093358
10093359
10093360
10093361
10093362
10093363
10093364
10093365
10093366
10093367
10093368
10093369
10093370
10093371
10093372
10093373
10093374
10093375
10093376
10093377
10093378
10093379
10093380
10093381
10093382
10093383
10093384
10093385
10093386
10093387
10093388
10093389
10093390
10093391
10093392
10093393
10093394
10093395
10093396
10093397
10093398
10093399
10093400
10093401
10093402
10093403
10093404
10093405
10093406
10093407
10093408
10093409
10093410
10093411
10093412
10093413
10093414
10093415
10093416
10093417
10093418
10093419
10093420
10093421
10093422
10093423
10093424
10093425
10093426
10093427
10093428
10093429
10093430
10093431
10093432
10093433
10093434
10093435
10093436
10093437
10093438
10093439
10093440
10093441
10093442
10093443
10093444
10093445
10093446
10093447
10093448
10093449
10093450
10093451
10093452
10093453
10093454
10093455
10093456
10093457
10093458
10093459
10093460
10093461
10093462
10093463
10093464
10093465
10093466
10093467
10093468
10093469
10093470
10093471
10093472
10093473
10093474
10093475
10093476
10093477
10093478
10093479
10093480
10093481
10093482
10093483
10093484
10093485
10093486
10093487
10093488
10093489
10093490
10093491
10093492
10093493
10093494
10093495
10093496
10093497
10093498
10093499
10093500
10093501
10093502
10093503
10093504
10093505
10093506
10093507
10093508
10093509
10093510
10093511
10093512
10093513
10093514
10093515
10093516
10093517
10093518
10093519
10093520
10093521
10093522
10093523
10093524
10093525
10093526
10093527
10093528
10093529
10093530
10093531
10093532
10093533
10093534
10093535
10093536
10093537
10093538
10093539
10093540
10093541
10093542
10093543
10093544
10093545
10093546
10093547
10093548
10093549
10093550
10093551
10093552
10093553
10093554
10093555
10093556
10093557
10093558
10093559
10093560
10093561
10093562
10093563
10093564
10093565
10093566
10093567
10093568
10093569
10093570
10093571
10093572
10093573
10093574
10093575
10093576
10093577
10093578
10093579
10093580
10093581
10093582
10093583
10093584
10093585
10093586
10093587
10093588
10093589
10093590
10093591
10093592
10093593
10093594
10093595
10093596
10093597
10093598
10093599
10093600
10093601
10093602
10093603
10093604
10093605
10093606
10093607
10093608
10093609
10093610
10093611
10093612
10093613
10093614
10093615
10093616
10093617
10093618
10093619
10093620
10093621
10093622
10093623
10093624
10093625
10093626
10093627
10093628
10093629
10093630
10093631
10093632
10093633
10093634
10093635
10093636
10093637
10093638
10093639
10093640
10093641
10093642
10093643
10093644
10093645
10093646
10093647
10093648
10093649
10093650
10093651
10093652
10093653
10093654
10093655
10093656
10093657
10093658
10093659
10093660
10093661
10093662
10093663
10093664
10093665
10093666
10093667
10093668
10093669
10093670
10093671
10093672
10093673
10093674
10093675
10093676
10093677
10093678
10093679
10093680
10093681
10093682
10093683
10093684
10093685
10093686
10093687
10093688
10093689
10093690
10093691
10093692
10093693
10093694
10093695
10093696
10093697
10093698
10093699
10093700
10093701
10093702
10093703
10093704
10093705
10093706
10093707
10093708
10093709
10093710
10093711
10093712
10093713
10093714
10093715
10093716
10093717
10093718
10093719
10093720
10093721
10093722
10093723
10093724
10093725
10093726
10093727
10093728
10093729
10093730
10093731
10093732
10093733
10093734
10093735
10093736
10093737
10093738
10093739
10093740
10093741
10093742
10093743
10093744
10093745
10093746
10093747
10093748
10093749
10093750
10093751
10093752
10093753
10093754
10093755
10093756
10093757
10093758
10093759
10093760
10093761
10093762
10093763
10093764
10093765
10093766
10093767
10093768
10093769
10093770
10093771
10093772
10093773
10093774
10093775
10093776
10093777
10093778
10093779
10093780
10093781
10093782
10093783
10093784
10093785
10093786
10093787
10093788
10093789
10093790
10093791
10093792
10093793
10093794
10093795
10093796
10093797
10093798
10093799
10093800
10093801
10093802
10093803
10093804
10093805
10093806
10093807
10093808
10093809
10093810
10093811
10093812
10093813
10093814
10093815
10093816
10093817
10093818
10093819
10093820
10093821
10093822
10093823
10093824
10093825
10093826
10093827
10093828
10093829
10093830
10093831
10093832
10093833
10093834
10093835
10093836
10093837
10093838
10093839
10093840
10093841
10093842
10093843
10093844
10093845
10093846
10093847
10093848
10093849
10093850
10093851
10093852
10093853
10093854
10093855
10093856
10093857
10093858
10093859
10093860
10093861
10093862
10093863
10093864
10093865
10093866
10093867
10093868
10093869
10093870
10093871
10093872
10093873
10093874
10093875
10093876
10093877
10093878
10093879
10093880
10093881
10093882
10093883
10093884
10093885
10093886
10093887
10093888
10093889
10093890
10093891
10093892
10093893
10093894
10093895
10093896
10093897
10093898
10093899
10093900
10093901
10093902
10093903
10093904
10093905
10093906
10093907
10093908
10093909
10093910
10093911
10093912
10093913
10093914
10093915
10093916
10093917
10093918
10093919
10093920
10093921
10093922
10093923
10093924
10093925
10093926
10093927
10093928
10093929
10093930
10093931
10093932
10093933
10093934
10093935
10093936
10093937
10093938
10093939
10093940
10093941
10093942
10093943
10093944
10093945
10093946
10093947
10093948
10093949
10093950
10093951
10093952
10093953
10093954
10093955
10093956
10093957
10093958
10093959
10093960
10093961
10093962
10093963
10093964
10093965
10093966
10093967
10093968
10093969
10093970
10093971
10093972
10093973
10093974
10093975
10093976
10093977
10093978
10093979
10093980
10093981
10093982
10093983
10093984
10093985
10093986
10093987
10093988
10093989
10093990
10093991
10093992
10093993
10093994
10093995
10093996
10093997
10093998
10093999
10094000
10094001
10094002
10094003
10094004
10094005
10094006
10094007
10094008
10094009
10094010
10094011
10094012
10094013
10094014
10094015
10094016
10094017
10094018
10094019
10094020
10094021
10094022
10094023
10094024
10094025
10094026
10094027
10094028
10094029
10094030
10094031
10094032
10094033
10094034
10094035
10094036
10094037
10094038
10094039
10094040
10094041
10094042
10094043
10094044
10094045
10094046
10094047
10094048
10094049
10094050
10094051
10094052
10094053
10094054
10094055
10094056
10094057
10094058
10094059
10094060
10094061
10094062
10094063
10094064
10094065
10094066
10094067
10094068
10094069
10094070
10094071
10094072
10094073
10094074
10094075
10094076
10094077
10094078
10094079
10094080
10094081
10094082
10094083
10094084
10094085
10094086
10094087
10094088
10094089
10094090
10094091
10094092
10094093
10094094
10094095
10094096
10094097
10094098
10094099
10094100
10094101
10094102
10094103
10094104
10094105
10094106
10094107
10094108
10094109
10094110
10094111
10094112
10094113
10094114
10094115
10094116
10094117
10094118
10094119
10094120
10094121
10094122
10094123
10094124
10094125
10094126
10094127
10094128
10094129
10094130
10094131
10094132
10094133
10094134
10094135
10094136
10094137
10094138
10094139
10094140
10094141
10094142
10094143
10094144
10094145
10094146
10094147
10094148
10094149
10094150
10094151
10094152
10094153
10094154
10094155
10094156
10094157
10094158
10094159
10094160
10094161
10094162
10094163
10094164
10094165
10094166
10094167
10094168
10094169
10094170
10094171
10094172
10094173
10094174
10094175
10094176
10094177
10094178
10094179
10094180
10094181
10094182
10094183
10094184
10094185
10094186
10094187
10094188
10094189
10094190
10094191
10094192
10094193
10094194
10094195
10094196
10094197
10094198
10094199
10094200
10094201
10094202
10094203
10094204
10094205
10094206
10094207
10094208
10094209
10094210
10094211
10094212
10094213
10094214
10094215
10094216
10094217
10094218
10094219
10094220
10094221
10094222
10094223
10094224
10094225
10094226
10094227
10094228
10094229
10094230
10094231
10094232
10094233
10094234
10094235
10094236
10094237
10094238
10094239
10094240
10094241
10094242
10094243
10094244
10094245
10094246
10094247
10094248
10094249
10094250
10094251
10094252
10094253
10094254
10094255
10094256
10094257
10094258
10094259
10094260
10094261
10094262
10094263
10094264
10094265
10094266
10094267
10094268
10094269
10094270
10094271
10094272
10094273
10094274
10094275
10094276
10094277
10094278
10094279
10094280
10094281
10094282
10094283
10094284
10094285
10094286
10094287
10094288
10094289
10094290
10094291
10094292
10094293
10094294
10094295
10094296
10094297
10094298
10094299
10094300
10094301
10094302
10094303
10094304
10094305
10094306
10094307
10094308
10094309
10094310
10094311
10094312
10094313
10094314
10094315
10094316
10094317
10094318
10094319
10094320
10094321
10094322
10094323
10094324
10094325
10094326
10094327
10094328
10094329
10094330
10094331
10094332
10094333
10094334
10094335
10094336
10094337
10094338
10094339
10094340
10094341
10094342
10094343
10094344
10094345
10094346
10094347
10094348
10094349
10094350
10094351
10094352
10094353
10094354
10094355
10094356
10094357
10094358
10094359
10094360
10094361
10094362
10094363
10094364
10094365
10094366
10094367
10094368
10094369
10094370
10094371
10094372
10094373
10094374
10094375
10094376
10094377
10094378
10094379
10094380
10094381
10094382
10094383
10094384
10094385
10094386
10094387
10094388
10094389
10094390
10094391
10094392
10094393
10094394
10094395
10094396
10094397
10094398
10094399
10094400
10094401
10094402
10094403
10094404
10094405
10094406
10094407
10094408
10094409
10094410
10094411
10094412
10094413
10094414
10094415
10094416
10094417
10094418
10094419
10094420
10094421
10094422
10094423
10094424
10094425
10094426
10094427
10094428
10094429
10094430
10094431
10094432
10094433
10094434
10094435
10094436
10094437
10094438
10094439
10094440
10094441
10094442
10094443
10094444
10094445
10094446
10094447
10094448
10094449
10094450
10094451
10094452
10094453
10094454
10094455
10094456
10094457
10094458
10094459
10094460
10094461
10094462
10094463
10094464
10094465
10094466
10094467
10094468
10094469
10094470
10094471
10094472
10094473
10094474
10094475
10094476
10094477
10094478
10094479
10094480
10094481
10094482
10094483
10094484
10094485
10094486
10094487
10094488
10094489
10094490
10094491
10094492
10094493
10094494
10094495
10094496
10094497
10094498
10094499
10094500
10094501
10094502
10094503
10094504
10094505
10094506
10094507
10094508
10094509
10094510
10094511
10094512
10094513
10094514
10094515
10094516
10094517
10094518
10094519
10094520
10094521
10094522
10094523
10094524
10094525
10094526
10094527
10094528
10094529
10094530
10094531
10094532
10094533
10094534
10094535
10094536
10094537
10094538
10094539
10094540
10094541
10094542
10094543
10094544
10094545
10094546
10094547
10094548
10094549
10094550
10094551
10094552
10094553
10094554
10094555
10094556
10094557
10094558
10094559
10094560
10094561
10094562
10094563
10094564
10094565
10094566
10094567
10094568
10094569
10094570
10094571
10094572
10094573
10094574
10094575
10094576
10094577
10094578
10094579
10094580
10094581
10094582
10094583
10094584
10094585
10094586
10094587
10094588
10094589
10094590
10094591
10094592
10094593
10094594
10094595
10094596
10094597
10094598
10094599
10094600
10094601
10094602
10094603
10094604
10094605
10094606
10094607
10094608
10094609
10094610
10094611
10094612
10094613
10094614
10094615
10094616
10094617
10094618
10094619
10094620
10094621
10094622
10094623
10094624
10094625
10094626
10094627
10094628
10094629
10094630
10094631
10094632
10094633
10094634
10094635
10094636
10094637
10094638
10094639
10094640
10094641
10094642
10094643
10094644
10094645
10094646
10094647
10094648
10094649
10094650
10094651
10094652
10094653
10094654
10094655
10094656
10094657
10094658
10094659
10094660
10094661
10094662
10094663
10094664
10094665
10094666
10094667
10094668
10094669
10094670
10094671
10094672
10094673
10094674
10094675
10094676
10094677
10094678
10094679
10094680
10094681
10094682
10094683
10094684
10094685
10094686
10094687
10094688
10094689
10094690
10094691
10094692
10094693
10094694
10094695
10094696
10094697
10094698
10094699
10094700
10094701
10094702
10094703
10094704
10094705
10094706
10094707
10094708
10094709
10094710
10094711
10094712
10094713
10094714
10094715
10094716
10094717
10094718
10094719
10094720
10094721
10094722
10094723
10094724
10094725
10094726
10094727
10094728
10094729
10094730
10094731
10094732
10094733
10094734
10094735
10094736
10094737
10094738
10094739
10094740
10094741
10094742
10094743
10094744
10094745
10094746
10094747
10094748
10094749
10094750
10094751
10094752
10094753
10094754
10094755
10094756
10094757
10094758
10094759
10094760
10094761
10094762
10094763
10094764
10094765
10094766
10094767
10094768
10094769
10094770
10094771
10094772
10094773
10094774
10094775
10094776
10094777
10094778
10094779
10094780
10094781
10094782
10094783
10094784
10094785
10094786
10094787
10094788
10094789
10094790
10094791
10094792
10094793
10094794
10094795
10094796
10094797
10094798
10094799
10094800
10094801
10094802
10094803
10094804
10094805
10094806
10094807
10094808
10094809
10094810
10094811
10094812
10094813
10094814
10094815
10094816
10094817
10094818
10094819
10094820
10094821
10094822
10094823
10094824
10094825
10094826
10094827
10094828
10094829
10094830
10094831
10094832
10094833
10094834
10094835
10094836
10094837
10094838
10094839
10094840
10094841
10094842
10094843
10094844
10094845
10094846
10094847
10094848
10094849
10094850
10094851
10094852
10094853
10094854
10094855
10094856
10094857
10094858
10094859
10094860
10094861
10094862
10094863
10094864
10094865
10094866
10094867
10094868
10094869
10094870
10094871
10094872
10094873
10094874
10094875
10094876
10094877
10094878
10094879
10094880
10094881
10094882
10094883
10094884
10094885
10094886
10094887
10094888
10094889
10094890
10094891
10094892
10094893
10094894
10094895
10094896
10094897
10094898
10094899
10094900
10094901
10094902
10094903
10094904
10094905
10094906
10094907
10094908
10094909
10094910
10094911
10094912
10094913
10094914
10094915
10094916
10094917
10094918
10094919
10094920
10094921
10094922
10094923
10094924
10094925
10094926
10094927
10094928
10094929
10094930
10094931
10094932
10094933
10094934
10094935
10094936
10094937
10094938
10094939
10094940
10094941
10094942
10094943
10094944
10094945
10094946
10094947
10094948
10094949
10094950
10094951
10094952
10094953
10094954
10094955
10094956
10094957
10094958
10094959
10094960
10094961
10094962
10094963
10094964
10094965
10094966
10094967
10094968
10094969
10094970
10094971
10094972
10094973
10094974
10094975
10094976
10094977
10094978
10094979
10094980
10094981
10094982
10094983
10094984
10094985
10094986
10094987
10094988
10094989
10094990
10094991
10094992
10094993
10094994
10094995
10094996
10094997
10094998
10094999
10095000
10095001
10095002
10095003
10095004
10095005
10095006
10095007
10095008
10095009
10095010
10095011
10095012
10095013
10095014
10095015
10095016
10095017
10095018
10095019
10095020
10095021
10095022
10095023
10095024
10095025
10095026
10095027
10095028
10095029
10095030
10095031
10095032
10095033
10095034
10095035
10095036
10095037
10095038
10095039
10095040
10095041
10095042
10095043
10095044
10095045
10095046
10095047
10095048
10095049
10095050
10095051
10095052
10095053
10095054
10095055
10095056
10095057
10095058
10095059
10095060
10095061
10095062
10095063
10095064
10095065
10095066
10095067
10095068
10095069
10095070
10095071
10095072
10095073
10095074
10095075
10095076
10095077
10095078
10095079
10095080
10095081
10095082
10095083
10095084
10095085
10095086
10095087
10095088
10095089
10095090
10095091
10095092
10095093
10095094
10095095
10095096
10095097
10095098
10095099
10095100
10095101
10095102
10095103
10095104
10095105
10095106
10095107
10095108
10095109
10095110
10095111
10095112
10095113
10095114
10095115
10095116
10095117
10095118
10095119
10095120
10095121
10095122
10095123
10095124
10095125
10095126
10095127
10095128
10095129
10095130
10095131
10095132
10095133
10095134
10095135
10095136
10095137
10095138
10095139
10095140
10095141
10095142
10095143
10095144
10095145
10095146
10095147
10095148
10095149
10095150
10095151
10095152
10095153
10095154
10095155
10095156
10095157
10095158
10095159
10095160
10095161
10095162
10095163
10095164
10095165
10095166
10095167
10095168
10095169
10095170
10095171
10095172
10095173
10095174
10095175
10095176
10095177
10095178
10095179
10095180
10095181
10095182
10095183
10095184
10095185
10095186
10095187
10095188
10095189
10095190
10095191
10095192
10095193
10095194
10095195
10095196
10095197
10095198
10095199
10095200
10095201
10095202
10095203
10095204
10095205
10095206
10095207
10095208
10095209
10095210
10095211
10095212
10095213
10095214
10095215
10095216
10095217
10095218
10095219
10095220
10095221
10095222
10095223
10095224
10095225
10095226
10095227
10095228
10095229
10095230
10095231
10095232
10095233
10095234
10095235
10095236
10095237
10095238
10095239
10095240
10095241
10095242
10095243
10095244
10095245
10095246
10095247
10095248
10095249
10095250
10095251
10095252
10095253
10095254
10095255
10095256
10095257
10095258
10095259
10095260
10095261
10095262
10095263
10095264
10095265
10095266
10095267
10095268
10095269
10095270
10095271
10095272
10095273
10095274
10095275
10095276
10095277
10095278
10095279
10095280
10095281
10095282
10095283
10095284
10095285
10095286
10095287
10095288
10095289
10095290
10095291
10095292
10095293
10095294
10095295
10095296
10095297
10095298
10095299
10095300
10095301
10095302
10095303
10095304
10095305
10095306
10095307
10095308
10095309
10095310
10095311
10095312
10095313
10095314
10095315
10095316
10095317
10095318
10095319
10095320
10095321
10095322
10095323
10095324
10095325
10095326
10095327
10095328
10095329
10095330
10095331
10095332
10095333
10095334
10095335
10095336
10095337
10095338
10095339
10095340
10095341
10095342
10095343
10095344
10095345
10095346
10095347
10095348
10095349
10095350
10095351
10095352
10095353
10095354
10095355
10095356
10095357
10095358
10095359
10095360
10095361
10095362
10095363
10095364
10095365
10095366
10095367
10095368
10095369
10095370
10095371
10095372
10095373
10095374
10095375
10095376
10095377
10095378
10095379
10095380
10095381
10095382
10095383
10095384
10095385
10095386
10095387
10095388
10095389
10095390
10095391
10095392
10095393
10095394
10095395
10095396
10095397
10095398
10095399
10095400
10095401
10095402
10095403
10095404
10095405
10095406
10095407
10095408
10095409
10095410
10095411
10095412
10095413
10095414
10095415
10095416
10095417
10095418
10095419
10095420
10095421
10095422
10095423
10095424
10095425
10095426
10095427
10095428
10095429
10095430
10095431
10095432
10095433
10095434
10095435
10095436
10095437
10095438
10095439
10095440
10095441
10095442
10095443
10095444
10095445
10095446
10095447
10095448
10095449
10095450
10095451
10095452
10095453
10095454
10095455
10095456
10095457
10095458
10095459
10095460
10095461
10095462
10095463
10095464
10095465
10095466
10095467
10095468
10095469
10095470
10095471
10095472
10095473
10095474
10095475
10095476
10095477
10095478
10095479
10095480
10095481
10095482
10095483
10095484
10095485
10095486
10095487
10095488
10095489
10095490
10095491
10095492
10095493
10095494
10095495
10095496
10095497
10095498
10095499
10095500
10095501
10095502
10095503
10095504
10095505
10095506
10095507
10095508
10095509
10095510
10095511
10095512
10095513
10095514
10095515
10095516
10095517
10095518
10095519
10095520
10095521
10095522
10095523
10095524
10095525
10095526
10095527
10095528
10095529
10095530
10095531
10095532
10095533
10095534
10095535
10095536
10095537
10095538
10095539
10095540
10095541
10095542
10095543
10095544
10095545
10095546
10095547
10095548
10095549
10095550
10095551
10095552
10095553
10095554
10095555
10095556
10095557
10095558
10095559
10095560
10095561
10095562
10095563
10095564
10095565
10095566
10095567
10095568
10095569
10095570
10095571
10095572
10095573
10095574
10095575
10095576
10095577
10095579
10095580
10095581
10095582
10095583
10095584
10095585
10095586
10095587
10095588
10095589
10095590
10095591
10095592
10095593
10095594
10095595
10095596
10095597
10095598
10095599
10095600
10095601
10095602
10095603
10095604
10095605
10095606
10095607
10095608
10095609
10095610
10095611
10095612
10095613
10095614
10095615
10095616
10095617
10095618
10095619
10095620
10095621
10095622
10095623
10095624
10095625
10095626
10095627
10095628
10095629
10095630
10095631
10095632
10095633
10095634
10095635
10095636
10095637
10095638
10095639
10095640
10095641
10095642
10095643
10095644
10095645
10095646
10095647
10095648
10095649
10095650
10095651
10095652
10095653
10095654
10095655
10095656
10095657
10095658
10095659
10095660
10095661
10095662
10095663
10095664
10095665
10095666
10095667
10095668
10095669
10095670
10095671
10095672
10095673
10095674
10095675
10095676
10095677
10095678
10095679
10095680
10095681
10095682
10095683
10095684
10095685
10095686
10095687
10095688
10095689
10095690
10095691
10095692
10095693
10095694
10095695
10095696
10095697
10095698
10095699
10095700
10095701
10095702
10095703
10095704
10095705
10095706
10095707
10095708
10095709
10095710
10095711
10095712
10095714
10095715
10095716
10095717
10095718
10095719
10095720
10095721
10095722
10095723
10095724
10095725
10095726
10095727
10095728
10095729
10095730
10095731
10095732
10095733
10095734
10095735
10095736
10095737
10095738
10095739
10095740
10095741
10095742
10095743
10095744
10095745
10095746
10095747
10095748
10095749
10095750
10095751
10095752
10095753
10095754
10095755
10095756
10095757
10095758
10095759
10095760
10095761
10095762
10095763
10095764
10095765
10095766
10095767
10095768
10095769
10095770
10095771
10095772
10095773
10095774
10095775
10095776
10095777
10095778
10095779
10095780
10095781
10095782
10095783
10095784
10095785
10095786
10095787
10095788
10095789
10095790
10095791
10095792
10095793
10095794
10095795
10095796
10095797
10095798
10095799
10095800
10095801
10095802
10095803
10095804
10095805
10095806
10095807
10095808
10095809
10095810
10095811
10095812
10095813
10095814
10095815
10095816
10095817
10095818
10095819
10095820
10095821
10095822
10095823
10095824
10095825
10095826
10095827
10095828
10095829
10095830
10095831
10095832
10095833
10095834
10095835
10095836
10095837
10095838
10095839
10095840
10095841
10095842
10095843
10095844
10095845
10095846
10095847
10095848
10095849
10095850
10095851
10095852
10095853
10095854
10095855
10095856
10095857
10095858
10095859
10095860
10095861
10095862
10095863
10095864
10095865
10095866
10095867
10095868
10095869
10095870
10095871
10095872
10095873
10095874
10095875
10095876
10095877
10095878
10095879
10095880
10095881
10095882
10095883
10095884
10095885
10095886
10095887
10095888
10095889
10095890
10095891
10095892
10095893
10095894
10095895
10095896
10095897
10095898
10095899
10095900
10095901
10095902
10095903
10095904
10095905
10095906
10095907
10095908
10095909
10095910
10095911
10095912
10095913
10095914
10095915
10095916
10095917
10095919
10095920
10095921
10095922
10095923
10095924
10095925
10095926
10095927
10095928
10095929
10095930
10095931
10095932
10095933
10095934
10095935
10095936
10095937
10095938
10095939
10095940
10095941
10095942
10095943
10095944
10095945
10095946
10095947
10095948
10095949
10095950
10095951
10095952
10095953
10095954
10095955
10095956
10095957
10095958
10095959
10095960
10095961
10095962
10095963
10095964
10095965
10095966
10095967
10095968
10095969
10095970
10095971
10095972
10095973
10095974
10095975
10095976
10095977
10095978
10095979
10095980
10095981
10095982
10095983
10095984
10095985
10095986
10095987
10095988
10095989
10095990
10095991
10095992
10095993
10095994
10095995
10095996
10095997
10095998
10095999
10096000
10096001
10096002
10096003
10096004
10096005
10096006
10096007
10096008
10096009
10096010
10096011
10096012
10096013
10096014
10096015
10096016
10096017
10096018
10096019
10096020
10096021
10096022
10096023
10096024
10096025
10096026
10096027
10096028
10096029
10096030
10096031
10096032
10096033
10096034
10096035
10096036
10096037
10096038
10096039
10096040
10096041
10096042
10096043
10096044
10096045
10096046
10096047
10096048
10096049
10096050
10096051
10096052
10096053
10096054
10096055
10096056
10096057
10096058
10096059
10096060
10096061
10096062
10096063
10096064
10096065
10096066
10096067
10096068
10096069
10096070
10096071
10096072
10096073
10096074
10096075
10096076
10096077
10096078
10096079
10096080
10096081
10096082
10096083
10096084
10096085
10096086
10096087
10096088
10096089
10096090
10096091
10096092
10096093
10096094
10096095
10096096
10096097
10096098
10096099
10096100
10096101
10096102
10096103
10096104
10096105
10096106
10096107
10096108
10096109
10096110
10096111
10096112
10096113
10096114
10096115
10096116
10096117
10096118
10096119
10096120
10096121
10096122
10096123
10096124
10096125
10096126
10096127
10096128
10096129
10096130
10096131
10096132
10096133
10096134
10096135
10096136
10096137
10096138
10096139
10096140
10096141
10096142
10096143
10096144
10096145
10096146
10096147
10096148
10096149
10096150
10096151
10096152
10096153
10096154
10096155
10096156
10096157
10096158
10096159
10096160
10096161
10096162
10096163
10096164
10096165
10096166
10096167
10096168
10096169
10096170
10096171
10096172
10096173
10096174
10096175
10096176
10096177
10096178
10096179
10096180
10096181
10096182
10096183
10096184
10096185
10096186
10096187
10096188
10096189
10096190
10096191
10096192
10096193
10096194
10096195
10096196
10096197
10096198
10096199
10096200
10096201
10096202
10096203
10096204
10096205
10096206
10096207
10096208
10096209
10096210
10096211
10096212
10096213
10096214
10096215
10096216
10096217
10096218
10096219
10096220
10096221
10096222
10096223
10096224
10096225
10096226
10096227
10096228
10096229
10096230
10096231
10096232
10096233
10096234
10096235
10096236
10096237
10096238
10096239
10096240
10096241
10096242
10096243
10096244
10096245
10096246
10096247
10096248
10096249
10096250
10096251
10096252
10096253
10096254
10096255
10096256
10096257
10096258
10096259
10096260
10096261
10096262
10096263
10096264
10096265
10096266
10096267
10096268
10096269
10096270
10096271
10096272
10096273
10096274
10096275
10096276
10096277
10096278
10096279
10096280
10096281
10096282
10096283
10096284
10096285
10096286
10096287
10096288
10096289
10096290
10096291
10096292
10096293
10096294
10096295
10096296
10096297
10096298
10096299
10096300
10096301
10096302
10096303
10096304
10096305
10096306
10096307
10096308
10096309
10096310
10096311
10096312
10096313
10096314
10096315
10096316
10096317
10096318
10096319
10096320
10096321
10096322
10096323
10096324
10096325
10096326
10096327
10096328
10096329
10096330
10096331
10096332
10096333
10096334
10096335
10096336
10096337
10096338
10096339
10096340
10096341
10096342
10096343
10096344
10096345
10096346
10096347
10096348
10096349
10096350
10096351
10096352
10096353
10096354
10096355
10096356
10096357
10096358
10096359
10096360
10096361
10096362
10096363
10096364
10096365
10096366
10096367
10096368
10096369
10096370
10096371
10096372
10096373
10096374
10096375
10096376
10096377
10096378
10096379
10096380
10096381
10096382
10096383
10096384
10096385
10096386
10096387
10096388
10096389
10096390
10096391
10096392
10096393
10096394
10096395
10096396
10096397
10096398
10096399
10096400
10096401
10096402
10096403
10096404
10096405
10096406
10096407
10096408
10096409
10096410
10096411
10096412
10096413
10096414
10096415
10096416
10096417
10096418
10096419
10096420
10096421
10096422
10096423
10096424
10096425
10096426
10096427
10096428
10096429
10096430
10096431
10096432
10096433
10096434
10096435
10096436
10096437
10096438
10096439
10096440
10096441
10096442
10096443
10096444
10096445
10096446
10096447
10096448
10096449
10096450
10096451
10096452
10096453
10096454
10096455
10096456
10096457
10096458
10096459
10096460
10096461
10096462
10096463
10096464
10096465
10096466
10096467
10096468
10096469
10096470
10096471
10096472
10096473
10096474
10096475
10096476
10096477
10096478
10096479
10096480
10096481
10096482
10096483
10096484
10096485
10096486
10096487
10096488
10096489
10096490
10096491
10096492
10096493
10096494
10096495
10096496
10096497
10096498
10096499
10096500
10096501
10096502
10096503
10096504
10096505
10096506
10096507
10096508
10096509
10096510
10096511
10096512
10096513
10096514
10096515
10096516
10096517
10096518
10096519
10096520
10096521
10096522
10096523
10096524
10096525
10096526
10096527
10096528
10096529
10096530
10096531
10096532
10096533
10096534
10096535
10096536
10096537
10096538
10096539
10096540
10096541
10096542
10096543
10096544
10096545
10096546
10096547
10096548
10096549
10096550
10096551
10096552
10096553
10096554
10096555
10096556
10096557
10096558
10096559
10096560
10096561
10096562
10096563
10096564
10096565
10096566
10096567
10096568
10096569
10096570
10096571
10096572
10096573
10096574
10096575
10096576
10096577
10096578
10096579
10096580
10096581
10096582
10096583
10096584
10096585
10096586
10096587
10096588
10096589
10096590
10096591
10096592
10096593
10096594
10096595
10096596
10096597
10096598
10096599
10096600
10096601
10096602
10096603
10096604
10096605
10096606
10096607
10096608
10096609
10096610
10096611
10096612
10096613
10096614
10096615
10096616
10096617
10096618
10096619
10096620
10096621
10096622
10096623
10096624
10096625
10096626
10096627
10096628
10096629
10096630
10096631
10096632
10096633
10096634
10096635
10096636
10096637
10096638
10096639
10096640
10096641
10096642
10096643
10096644
10096645
10096646
10096647
10096648
10096649
10096650
10096651
10096652
10096653
10096654
10096655
10096656
10096657
10096658
10096659
10096660
10096661
10096662
10096663
10096664
10096665
10096666
10096667
10096668
10096669
10096670
10096671
10096672
10096673
10096674
10096675
10096676
10096677
10096678
10096679
10096680
10096681
10096682
10096683
10096684
10096685
10096686
10096687
10096688
10096689
10096690
10096691
10096692
10096693
10096694
10096695
10096696
10096697
10096698
10096699
10096700
10096701
10096702
10096703
10096704
10096705
10096706
10096707
10096708
10096709
10096710
10096711
10096712
10096713
10096714
10096715
10096716
10096717
10096718
10096719
10096720
10096721
10096722
10096723
10096724
10096725
10096726
10096727
10096728
10096729
10096730
10096731
10096732
10096733
10096734
10096735
10096736
10096737
10096738
10096739
10096740
10096741
10096742
10096743
10096744
10096745
10096746
10096747
10096748
10096749
10096750
10096751
10096752
10096753
10096754
10096755
10096756
10096757
10096758
10096759
10096760
10096761
10096762
10096763
10096764
10096765
10096766
10096767
10096768
10096769
10096770
10096771
10096772
10096773
10096774
10096775
10096776
10096777
10096778
10096779
10096780
10096781
10096782
10096783
10096784
10096785
10096786
10096787
10096788
10096789
10096790
10096791
10096792
10096793
10096794
10096795
10096796
10096797
10096798
10096799
10096800
10096801
10096802
10096803
10096804
10096805
10096806
10096807
10096808
10096809
10096810
10096811
10096812
10096813
10096814
10096815
10096816
10096817
10096818
10096819
10096820
10096821
10096822
10096823
10096824
10096825
10096826
10096827
10096828
10096829
10096830
10096831
10096832
10096833
10096834
10096835
10096836
10096837
10096838
10096839
10096840
10096841
10096842
10096843
10096844
10096845
10096846
10096847
10096848
10096849
10096850
10096851
10096852
10096853
10096854
10096855
10096856
10096857
10096858
10096859
10096860
10096861
10096862
10096863
10096864
10096865
10096866
10096867
10096868
10096869
10096870
10096871
10096872
10096873
10096874
10096875
10096876
10096877
10096878
10096879
10096880
10096881
10096882
10096883
10096884
10096885
10096886
10096887
10096888
10096889
10096890
10096891
10096892
10096893
10096894
10096895
10096896
10096897
10096898
10096899
10096900
10096901
10096902
10096903
10096904
10096905
10096906
10096907
10096908
10096909
10096910
10096911
10096912
10096913
10096914
10096915
10096916
10096917
10096918
10096919
10096920
10096921
10096922
10096923
10096924
10096925
10096926
10096927
10096928
10096929
10096930
10096931
10096932
10096933
10096934
10096935
10096936
10096937
10096938
10096939
10096940
10096941
10096942
10096943
10096944
10096945
10096946
10096947
10096948
10096949
10096950
10096951
10096952
10096953
10096954
10096955
10096956
10096957
10096958
10096959
10096960
10096961
10096962
10096963
10096964
10096965
10096966
10096967
10096968
10096969
10096970
10096971
10096972
10096973
10096974
10096975
10096976
10096977
10096978
10096979
10096980
10096981
10096982
10096983
10096984
10096985
10096986
10096987
10096988
10096989
10096990
10096991
10096992
10096993
10096994
10096995
10096996
10096997
10096998
10096999
10097000
10097001
10097002
10097003
10097004
10097005
10097006
10097007
10097008
10097009
10097010
10097011
10097012
10097013
10097014
10097015
10097016
10097017
10097018
10097019
10097020
10097021
10097022
10097023
10097024
10097025
10097026
10097027
10097028
10097029
10097030
10097031
10097032
10097033
10097034
10097035
10097036
10097037
10097038
10097039
10097040
10097041
10097042
10097043
10097044
10097045
10097046
10097047
10097048
10097049
10097050
10097051
10097052
10097053
10097054
10097055
10097056
10097057
10097058
10097059
10097060
10097061
10097062
10097063
10097064
10097065
10097066
10097067
10097068
10097069
10097070
10097071
10097072
10097073
10097074
10097075
10097076
10097077
10097078
10097079
10097080
10097081
10097082
10097083
10097084
10097085
10097086
10097087
10097088
10097089
10097090
10097091
10097092
10097093
10097094
10097095
10097096
10097097
10097098
10097099
10097100
10097101
10097102
10097103
10097104
10097105
10097106
10097107
10097108
10097109
10097110
10097111
10097112
10097113
10097114
10097115
10097116
10097117
10097118
10097119
10097120
10097121
10097122
10097123
10097124
10097125
10097126
10097127
10097128
10097129
10097130
10097131
10097132
10097133
10097134
10097135
10097136
10097137
10097138
10097139
10097140
10097141
10097142
10097143
10097144
10097145
10097146
10097147
10097148
10097149
10097150
10097151
10097152
10097153
10097154
10097155
10097156
10097157
10097158
10097159
10097160
10097161
10097162
10097163
10097164
10097165
10097166
10097167
10097168
10097169
10097170
10097171
10097172
10097173
10097174
10097175
10097176
10097177
10097178
10097179
10097180
10097181
10097182
10097183
10097184
10097185
10097186
10097187
10097188
10097189
10097190
10097191
10097192
10097193
10097194
10097195
10097196
10097197
10097198
10097199
10097200
10097201
10097202
10097203
10097204
10097205
10097206
10097207
10097208
10097209
10097210
10097211
10097212
10097213
10097214
10097215
10097216
10097217
10097218
10097219
10097220
10097221
10097222
10097223
10097224
10097225
10097226
10097227
10097228
10097229
10097230
10097231
10097232
10097233
10097234
10097235
10097236
10097237
10097238
10097239
10097240
10097241
10097242
10097243
10097244
10097245
10097246
10097247
10097248
10097249
10097250
10097251
10097252
10097253
10097254
10097255
10097256
10097257
10097258
10097259
10097260
10097261
10097262
10097263
10097264
10097265
10097266
10097267
10097268
10097269
10097270
10097271
10097272
10097273
10097274
10097275
10097276
10097277
10097278
10097279
10097280
10097281
10097282
10097283
10097284
10097285
10097286
10097287
10097288
10097289
10097290
10097291
10097292
10097293
10097294
10097295
10097296
10097297
10097298
10097299
10097300
10097301
10097302
10097303
10097304
10097305
10097306
10097307
10097308
10097309
10097310
10097311
10097312
10097313
10097314
10097315
10097316
10097317
10097318
10097319
10097320
10097321
10097322
10097323
10097324
10097325
10097326
10097327
10097328
10097329
10097330
10097331
10097332
10097333
10097334
10097335
10097336
10097337
10097338
10097339
10097340
10097341
10097342
10097343
10097344
10097345
10097346
10097347
10097348
10097349
10097350
10097351
10097352
10097353
10097354
10097355
10097356
10097357
10097358
10097359
10097360
10097361
10097362
10097363
10097364
10097365
10097366
10097367
10097368
10097369
10097370
10097371
10097372
10097373
10097374
10097375
10097376
10097377
10097378
10097379
10097380
10097381
10097382
10097383
10097384
10097385
10097386
10097387
10097388
10097389
10097390
10097391
10097392
10097393
10097394
10097395
10097396
10097397
10097398
10097399
10097400
10097401
10097402
10097403
10097404
10097405
10097406
10097407
10097408
10097409
10097410
10097411
10097412
10097413
10097414
10097415
10097416
10097417
10097418
10097419
10097420
10097421
10097422
10097423
10097424
10097425
10097426
10097427
10097428
10097429
10097430
10097431
10097432
10097433
10097434
10097435
10097436
10097437
10097438
10097439
10097440
10097441
10097442
10097443
10097444
10097445
10097446
10097447
10097448
10097449
10097450
10097451
10097452
10097453
10097454
10097455
10097456
10097457
10097458
10097459
10097460
10097461
10097462
10097463
10097464
10097465
10097466
10097467
10097468
10097469
10097470
10097471
10097472
10097473
10097474
10097475
10097476
10097477
10097478
10097479
10097480
10097481
10097482
10097483
10097484
10097485
10097486
10097487
10097488
10097489
10097490
10097491
10097492
10097493
10097494
10097495
10097496
10097497
10097498
10097499
10097500
10097501
10097502
10097503
10097504
10097505
10097506
10097507
10097508
10097509
10097510
10097511
10097512
10097513
10097514
10097515
10097516
10097517
10097518
10097519
10097520
10097521
10097522
10097523
10097524
10097525
10097526
10097527
10097528
10097529
10097530
10097531
10097532
10097533
10097534
10097535
10097536
10097537
10097538
10097539
10097540
10097541
10097542
10097543
10097544
10097545
10097546
10097547
10097548
10097549
10097550
10097551
10097552
10097553
10097554
10097555
10097556
10097557
10097558
10097559
10097560
10097561
10097562
10097563
10097564
10097565
10097566
10097567
10097568
10097569
10097570
10097571
10097572
10097573
10097574
10097575
10097576
10097577
10097578
10097579
10097580
10097581
10097582
10097583
10097584
10097585
10097586
10097587
10097588
10097589
10097590
10097591
10097592
10097593
10097594
10097595
10097596
10097597
10097598
10097599
10097600
10097601
10097602
10097603
10097604
10097605
10097606
10097607
10097608
10097609
10097610
10097611
10097612
10097613
10097614
10097615
10097616
10097617
10097618
10097619
10097620
10097621
10097622
10097623
10097624
10097625
10097626
10097627
10097628
10097629
10097630
10097631
10097632
10097633
10097634
10097635
10097636
10097637
10097638
10097639
10097640
10097641
10097642
10097643
10097644
10097645
10097646
10097647
10097648
10097649
10097650
10097651
10097652
10097653
10097654
10097655
10097656
10097657
10097658
10097659
10097660
10097661
10097662
10097663
10097664
10097665
10097666
10097667
10097668
10097669
10097670
10097671
10097672
10097673
10097674
10097675
10097676
10097677
10097678
10097679
10097680
10097681
10097682
10097683
10097684
10097685
10097686
10097687
10097688
10097689
10097690
10097691
10097692
10097693
10097694
10097695
10097696
10097697
10097698
10097699
10097700
10097701
10097702
10097703
10097704
10097705
10097706
10097707
10097708
10097709
10097710
10097711
10097712
10097713
10097714
10097715
10097716
10097717
10097718
10097719
10097720
10097721
10097722
10097723
10097724
10097725
10097726
10097727
10097728
10097729
10097730
10097731
10097732
10097733
10097734
10097735
10097736
10097737
10097738
10097739
10097740
10097741
10097742
10097743
10097744
10097745
10097746
10097747
10097748
10097749
10097750
10097751
10097752
10097753
10097754
10097755
10097756
10097757
10097758
10097759
10097760
10097761
10097762
10097763
10097764
10097765
10097766
10097767
10097768
10097769
10097770
10097771
10097772
10097773
10097774
10097775
10097776
10097777
10097778
10097779
10097780
10097781
10097782
10097783
10097784
10097785
10097786
10097787
10097788
10097789
10097790
10097791
10097792
10097793
10097794
10097795
10097796
10097797
10097798
10097799
10097800
10097801
10097802
10097803
10097804
10097805
10097806
10097807
10097808
10097809
10097810
10097811
10097812
10097813
10097814
10097815
10097816
10097817
10097818
10097819
10097820
10097821
10097822
10097823
10097824
10097825
10097826
10097827
10097828
10097829
10097830
10097831
10097832
10097833
10097834
10097835
10097836
10097837
10097838
10097839
10097840
10097841
10097842
10097843
10097844
10097845
10097846
10097847
10097848
10097849
10097850
10097851
10097852
10097853
10097854
10097855
10097856
10097857
10097858
10097859
10097860
10097861
10097862
10097863
10097864
10097865
10097866
10097867
10097868
10097869
10097870
10097871
10097872
10097873
10097874
10097875
10097876
10097877
10097878
10097879
10097880
10097881
10097882
10097883
10097884
10097885
10097886
10097887
10097888
10097889
10097890
10097891
10097892
10097893
10097894
10097895
10097896
10097897
10097898
10097899
10097900
10097901
10097902
10097903
10097904
10097905
10097906
10097907
10097908
10097909
10097910
10097911
10097912
10097913
10097914
10097915
10097916
10097917
10097918
10097919
10097920
10097921
10097922
10097923
10097924
10097925
10097926
10097927
10097928
10097929
10097930
10097931
10097932
10097933
10097934
10097935
10097936
10097937
10097938
10097939
10097940
10097941
10097942
10097943
10097944
10097945
10097946
10097947
10097948
10097949
10097950
10097951
10097952
10097953
10097954
10097955
10097956
10097957
10097958
10097959
10097960
10097961
10097962
10097963
10097964
10097965
10097966
10097967
10097968
10097969
10097970
10097971
10097972
10097973
10097974
10097975
10097976
10097977
10097978
10097979
10097980
10097981
10097982
10097983
10097984
10097985
10097986
10097987
10097988
10097989
10097990
10097991
10097992
10097993
10097994
10097995
10097996
10097997
10097998
10097999
10098000
10098001
10098002
10098003
10098004
10098005
10098006
10098007
10098008
10098009
10098010
10098011
10098012
10098013
10098014
10098015
10098016
10098017
10098018
10098019
10098020
10098021
10098022
10098023
10098024
10098025
10098026
10098027
10098028
10098029
10098030
10098031
10098032
10098033
10098034
10098035
10098036
10098037
10098038
10098039
10098040
10098041
10098042
10098043
10098044
10098045
10098046
10098047
10098048
10098049
10098050
10098051
10098052
10098053
10098054
10098055
10098056
10098057
10098058
10098059
10098060
10098061
10098062
10098063
10098064
10098065
10098066
10098067
10098068
10098069
10098070
10098071
10098072
10098073
10098074
10098075
10098076
10098077
10098078
10098079
10098080
10098081
10098082
10098083
10098084
10098085
10098086
10098087
10098088
10098089
10098090
10098091
10098092
10098093
10098094
10098095
10098096
10098097
10098098
10098099
10098100
10098101
10098102
10098103
10098104
10098105
10098106
10098107
10098108
10098109
10098110
10098111
10098112
10098113
10098114
10098115
10098116
10098117
10098118
10098119
10098120
10098121
10098122
10098123
10098124
10098125
10098126
10098127
10098128
10098129
10098130
10098131
10098132
10098133
10098134
10098135
10098136
10098137
10098138
10098139
10098140
10098141
10098142
10098143
10098144
10098145
10098146
10098147
10098148
10098149
10098150
10098151
10098152
10098153
10098154
10098155
10098156
10098157
10098158
10098159
10098160
10098161
10098162
10098163
10098164
10098165
10098166
10098167
10098168
10098169
10098170
10098171
10098172
10098173
10098174
10098175
10098176
10098177
10098178
10098179
10098180
10098181
10098182
10098183
10098184
10098185
10098186
10098187
10098188
10098189
10098190
10098191
10098192
10098193
10098194
10098195
10098196
10098197
10098198
10098199
10098200
10098201
10098202
10098203
10098204
10098205
10098206
10098207
10098208
10098209
10098210
10098211
10098212
10098213
10098214
10098215
10098216
10098217
10098218
10098219
10098220
10098221
10098222
10098223
10098224
10098225
10098226
10098227
10098228
10098229
10098230
10098231
10098232
10098233
10098234
10098235
10098236
10098237
10098238
10098239
10098240
10098241
10098242
10098243
10098244
10098245
10098246
10098247
10098248
10098249
10098250
10098251
10098252
10098253
10098254
10098255
10098256
10098257
10098258
10098259
10098260
10098261
10098262
10098263
10098264
10098265
10098266
10098267
10098268
10098269
10098270
10098271
10098272
10098273
10098274
10098275
10098276
10098277
10098278
10098279
10098280
10098281
10098282
10098283
10098284
10098285
10098286
10098287
10098288
10098289
10098290
10098291
10098292
10098293
10098294
10098295
10098296
10098297
10098298
10098299
10098300
10098301
10098302
10098303
10098304
10098305
10098306
10098307
10098308
10098309
10098310
10098311
10098312
10098313
10098314
10098315
10098316
10098317
10098318
10098319
10098320
10098321
10098322
10098323
10098324
10098325
10098326
10098327
10098328
10098329
10098330
10098331
10098332
10098333
10098334
10098335
10098336
10098337
10098338
10098339
10098340
10098341
10098342
10098343
10098344
10098345
10098346
10098347
10098348
10098349
10098350
10098351
10098352
10098353
10098354
10098355
10098356
10098357
10098358
10098359
10098360
10098361
10098362
10098363
10098364
10098365
10098366
10098367
10098368
10098369
10098370
10098371
10098372
10098373
10098374
10098375
10098376
10098377
10098378
10098379
10098380
10098381
10098382
10098383
10098384
10098385
10098386
10098387
10098388
10098389
10098390
10098391
10098392
10098393
10098394
10098395
10098396
10098397
10098398
10098399
10098400
10098401
10098402
10098403
10098404
10098405
10098406
10098407
10098408
10098409
10098410
10098411
10098412
10098413
10098414
10098415
10098416
10098417
10098418
10098419
10098420
10098421
10098422
10098423
10098424
10098425
10098426
10098427
10098428
10098429
10098430
10098431
10098432
10098433
10098434
10098435
10098436
10098437
10098438
10098439
10098440
10098441
10098442
10098443
10098444
10098445
10098446
10098447
10098448
10098449
10098450
10098451
10098452
10098453
10098454
10098455
10098456
10098457
10098458
10098459
10098460
10098461
10098462
10098463
10098464
10098465
10098466
10098467
10098468
10098469
10098470
10098471
10098472
10098473
10098474
10098475
10098476
10098477
10098478
10098479
10098480
10098481
10098482
10098483
10098484
10098485
10098486
10098487
10098488
10098489
10098490
10098491
10098492
10098493
10098494
10098495
10098496
10098497
10098498
10098499
10098500
10098501
10098502
10098503
10098504
10098505
10098506
10098507
10098508
10098509
10098510
10098511
10098512
10098513
10098514
10098515
10098516
10098517
10098518
10098519
10098520
10098521
10098522
10098523
10098524
10098525
10098526
10098527
10098528
10098529
10098530
10098531
10098532
10098533
10098534
10098535
10098536
10098537
10098538
10098539
10098540
10098541
10098542
10098543
10098544
10098545
10098546
10098547
10098548
10098549
10098550
10098551
10098552
10098553
10098554
10098555
10098556
10098557
10098558
10098559
10098560
10098561
10098562
10098563
10098564
10098565
10098566
10098567
10098568
10098570
10098571
10098572
10098573
10098574
10098575
10098576
10098577
10098578
10098579
10098580
10098581
10098582
10098583
10098584
10098585
10098586
10098587
10098588
10098589
10098590
10098591
10098592
10098593
10098594
10098595
10098596
10098597
10098598
10098599
10098600
10098601
10098602
10098603
10098604
10098605
10098606
10098607
10098608
10098609
10098610
10098611
10098612
10098613
10098614
10098615
10098616
10098617
10098618
10098619
10098620
10098621
10098622
10098623
10098624
10098625
10098626
10098627
10098628
10098629
10098630
10098631
10098632
10098633
10098634
10098635
10098636
10098637
10098638
10098639
10098640
10098641
10098642
10098643
10098644
10098645
10098646
10098647
10098648
10098649
10098650
10098651
10098652
10098653
10098654
10098655
10098656
10098657
10098658
10098659
10098660
10098661
10098662
10098663
10098664
10098665
10098666
10098667
10098668
10098669
10098670
10098671
10098672
10098673
10098674
10098675
10098676
10098677
10098678
10098679
10098680
10098681
10098682
10098683
10098684
10098685
10098686
10098687
10098688
10098689
10098690
10098691
10098692
10098693
10098694
10098695
10098696
10098697
10098698
10098699
10098700
10098701
10098702
10098703
10098704
10098705
10098706
10098707
10098708
10098709
10098710
10098711
10098712
10098713
10098714
10098715
10098716
10098717
10098718
10098719
10098720
10098721
10098722
10098723
10098724
10098725
10098726
10098727
10098728
10098729
10098730
10098731
10098732
10098733
10098734
10098735
10098736
10098737
10098738
10098739
10098740
10098741
10098742
10098743
10098744
10098745
10098746
10098747
10098748
10098749
10098750
10098751
10098752
10098753
10098754
10098755
10098756
10098757
10098758
10098759
10098760
10098761
10098762
10098763
10098764
10098765
10098766
10098767
10098768
10098769
10098770
10098771
10098772
10098773
10098774
10098775
10098776
10098777
10098778
10098779
10098780
10098781
10098782
10098783
10098784
10098785
10098786
10098787
10098788
10098789
10098790
10098791
10098792
10098793
10098794
10098795
10098796
10098797
10098798
10098799
10098800
10098801
10098802
10098803
10098804
10098805
10098806
10098807
10098808
10098809
10098810
10098811
10098812
10098813
10098814
10098815
10098816
10098817
10098818
10098819
10098820
10098821
10098822
10098823
10098824
10098825
10098826
10098827
10098828
10098829
10098830
10098831
10098832
10098833
10098834
10098835
10098836
10098837
10098838
10098839
10098840
10098841
10098842
10098843
10098844
10098845
10098846
10098847
10098848
10098849
10098850
10098851
10098852
10098853
10098854
10098855
10098856
10098857
10098858
10098859
10098860
10098861
10098862
10098863
10098864
10098865
10098866
10098867
10098868
10098869
10098870
10098871
10098872
10098873
10098874
10098875
10098876
10098877
10098878
10098879
10098880
10098881
10098882
10098883
10098884
10098885
10098886
10098887
10098888
10098889
10098890
10098891
10098892
10098893
10098894
10098895
10098896
10098897
10098898
10098899
10098900
10098901
10098902
10098903
10098904
10098905
10098906
10098907
10098908
10098909
10098910
10098911
10098912
10098913
10098914
10098915
10098916
10098917
10098918
10098919
10098920
10098921
10098922
10098923
10098924
10098925
10098926
10098927
10098928
10098929
10098930
10098931
10098932
10098933
10098934
10098935
10098936
10098937
10098938
10098939
10098940
10098941
10098942
10098943
10098944
10098945
10098946
10098947
10098948
10098949
10098950
10098951
10098952
10098953
10098954
10098955
10098956
10098957
10098958
10098959
10098960
10098961
10098962
10098963
10098964
10098965
10098966
10098967
10098968
10098969
10098970
10098971
10098972
10098973
10098974
10098975
10098976
10098977
10098978
10098979
10098980
10098981
10098982
10098983
10098984
10098985
10098986
10098987
10098988
10098989
10098990
10098991
10098992
10098993
10098994
10098995
10098996
10098997
10098998
10098999
10099000
10099001
10099002
10099003
10099004
10099005
10099006
10099007
10099008
10099009
10099010
10099011
10099012
10099013
10099014
10099015
10099016
10099017
10099018
10099019
10099020
10099021
10099022
10099023
10099024
10099025
10099026
10099027
10099028
10099029
10099030
10099031
10099032
10099033
10099034
10099035
10099036
10099037
10099038
10099039
10099040
10099041
10099042
10099043
10099044
10099045
10099046
10099047
10099048
10099049
10099050
10099051
10099052
10099053
10099054
10099055
10099056
10099057
10099058
10099059
10099060
10099061
10099062
10099063
10099064
10099065
10099066
10099067
10099068
10099069
10099070
10099071
10099072
10099073
10099074
10099075
10099076
10099077
10099078
10099079
10099080
10099081
10099082
10099083
10099084
10099085
10099086
10099087
10099088
10099089
10099090
10099091
10099092
10099093
10099094
10099095
10099096
10099097
10099098
10099099
10099100
10099101
10099102
10099103
10099104
10099105
10099106
10099107
10099108
10099109
10099110
10099111
10099112
10099113
10099114
10099115
10099116
10099117
10099118
10099119
10099120
10099121
10099122
10099123
10099124
10099125
10099126
10099127
10099128
10099129
10099130
10099131
10099132
10099133
10099134
10099135
10099136
10099137
10099138
10099139
10099140
10099141
10099142
10099143
10099144
10099145
10099146
10099147
10099148
10099149
10099150
10099151
10099152
10099153
10099154
10099155
10099156
10099157
10099158
10099159
10099160
10099161
10099162
10099163
10099164
10099165
10099166
10099167
10099168
10099169
10099170
10099171
10099172
10099173
10099174
10099175
10099176
10099177
10099178
10099179
10099180
10099181
10099182
10099183
10099184
10099185
10099186
10099187
10099188
10099189
10099190
10099191
10099192
10099193
10099194
10099195
10099196
10099197
10099198
10099199
10099200
10099201
10099202
10099203
10099204
10099205
10099206
10099207
10099208
10099209
10099210
10099211
10099212
10099213
10099214
10099215
10099216
10099217
10099218
10099219
10099220
10099221
10099222
10099223
10099224
10099225
10099226
10099227
10099228
10099229
10099230
10099231
10099232
10099233
10099234
10099235
10099236
10099237
10099238
10099239
10099240
10099241
10099242
10099243
10099244
10099245
10099246
10099247
10099248
10099249
10099250
10099251
10099252
10099253
10099254
10099255
10099256
10099257
10099258
10099259
10099260
10099261
10099262
10099263
10099264
10099265
10099266
10099267
10099268
10099269
10099270
10099271
10099272
10099273
10099274
10099275
10099276
10099277
10099278
10099279
10099280
10099281
10099282
10099283
10099284
10099285
10099286
10099287
10099288
10099289
10099290
10099291
10099292
10099293
10099294
10099295
10099296
10099297
10099298
10099299
10099300
10099301
10099302
10099303
10099304
10099305
10099306
10099307
10099308
10099309
10099310
10099311
10099312
10099313
10099314
10099315
10099316
10099317
10099318
10099319
10099320
10099321
10099322
10099323
10099324
10099325
10099326
10099327
10099328
10099329
10099330
10099331
10099332
10099333
10099334
10099335
10099336
10099337
10099338
10099339
10099340
10099341
10099342
10099343
10099344
10099345
10099346
10099347
10099348
10099349
10099350
10099351
10099352
10099353
10099354
10099355
10099356
10099357
10099358
10099359
10099360
10099361
10099362
10099363
10099364
10099365
10099366
10099367
10099368
10099369
10099370
10099371
10099372
10099373
10099374
10099375
10099376
10099377
10099378
10099379
10099380
10099381
10099382
10099383
10099384
10099385
10099386
10099387
10099388
10099389
10099390
10099391
10099392
10099393
10099394
10099395
10099396
10099397
10099398
10099399
10099400
10099401
10099402
10099403
10099404
10099405
10099406
10099407
10099408
10099409
10099410
10099411
10099412
10099413
10099414
10099415
10099416
10099417
10099418
10099419
10099420
10099421
10099422
10099423
10099424
10099425
10099426
10099427
10099428
10099429
10099430
10099431
10099432
10099433
10099434
10099435
10099436
10099437
10099438
10099439
10099440
10099441
10099442
10099443
10099444
10099445
10099446
10099447
10099448
10099449
10099450
10099451
10099452
10099453
10099454
10099455
10099456
10099457
10099458
10099459
10099460
10099461
10099462
10099463
10099464
10099465
10099466
10099467
10099468
10099469
10099470
10099471
10099472
10099473
10099474
10099475
10099476
10099477
10099478
10099479
10099480
10099481
10099482
10099483
10099484
10099485
10099486
10099487
10099488
10099489
10099490
10099491
10099492
10099493
10099494
10099495
10099496
10099497
10099498
10099499
10099500
10099501
10099502
10099503
10099504
10099505
10099506
10099507
10099508
10099509
10099510
10099511
10099512
10099513
10099514
10099515
10099516
10099517
10099518
10099519
10099520
10099521
10099522
10099523
10099524
10099525
10099526
10099527
10099528
10099529
10099530
10099531
10099532
10099533
10099534
10099535
10099536
10099537
10099538
10099539
10099540
10099541
10099542
10099543
10099544
10099545
10099546
10099547
10099548
10099549
10099550
10099551
10099552
10099553
10099554
10099555
10099556
10099557
10099558
10099559
10099560
10099561
10099562
10099563
10099564
10099565
10099566
10099567
10099568
10099569
10099570
10099571
10099572
10099573
10099574
10099575
10099576
10099577
10099578
10099579
10099580
10099581
10099582
10099583
10099584
10099585
10099586
10099587
10099588
10099589
10099590
10099591
10099592
10099593
10099594
10099595
10099596
10099597
10099598
10099599
10099600
10099601
10099602
10099603
10099604
10099605
10099606
10099607
10099608
10099609
10099610
10099611
10099612
10099613
10099614
10099615
10099616
10099617
10099618
10099619
10099620
10099621
10099622
10099623
10099624
10099625
10099626
10099627
10099628
10099629
10099630
10099631
10099632
10099633
10099634
10099635
10099636
10099637
10099638
10099639
10099640
10099641
10099642
10099643
10099644
10099645
10099646
10099647
10099648
10099649
10099650
10099651
10099652
10099653
10099654
10099655
10099656
10099657
10099658
10099659
10099660
10099661
10099662
10099663
10099664
10099665
10099666
10099667
10099668
10099669
10099670
10099671
10099672
10099673
10099674
10099675
10099676
10099677
10099678
10099679
10099680
10099681
10099682
10099683
10099684
10099685
10099686
10099687
10099688
10099689
10099690
10099691
10099692
10099693
10099694
10099695
10099696
10099697
10099698
10099699
10099700
10099701
10099702
10099703
10099704
10099705
10099706
10099707
10099708
10099709
10099710
10099711
10099712
10099713
10099714
10099715
10099716
10099717
10099718
10099719
10099720
10099721
10099722
10099723
10099724
10099725
10099726
10099727
10099728
10099729
10099730
10099731
10099732
10099733
10099734
10099735
10099736
10099737
10099738
10099739
10099740
10099741
10099742
10099743
10099744
10099745
10099746
10099747
10099748
10099749
10099750
10099751
10099752
10099753
10099754
10099755
10099756
10099757
10099758
10099759
10099760
10099761
10099762
10099763
10099764
10099765
10099766
10099767
10099768
10099769
10099770
10099771
10099772
10099773
10099774
10099775
10099776
10099777
10099778
10099779
10099780
10099781
10099782
10099783
10099784
10099785
10099786
10099787
10099788
10099789
10099790
10099791
10099792
10099793
10099794
10099795
10099796
10099797
10099798
10099799
10099800
10099801
10099802
10099803
10099804
10099805
10099806
10099807
10099808
10099809
10099810
10099811
10099812
10099813
10099814
10099815
10099816
10099817
10099818
10099819
10099820
10099821
10099822
10099823
10099824
10099825
10099826
10099827
10099828
10099829
10099830
10099831
10099832
10099833
10099834
10099835
10099836
10099837
10099838
10099839
10099840
10099841
10099842
10099843
10099844
10099845
10099846
10099847
10099848
10099849
10099850
10099851
10099852
10099853
10099854
10099855
10099856
10099857
10099858
10099859
10099860
10099861
10099862
10099863
10099864
10099865
10099866
10099867
10099868
10099869
10099870
10099871
10099872
10099873
10099874
10099875
10099876
10099877
10099878
10099879
10099880
10099881
10099882
10099883
10099884
10099885
10099886
10099887
10099888
10099889
10099890
10099891
10099892
10099893
10099894
10099895
10099896
10099897
10099898
10099899
10099900
10099901
10099902
10099903
10099904
10099905
10099906
10099907
10099908
10099909
10099910
10099911
10099912
10099913
10099914
10099915
10099916
10099917
10099918
10099919
10099920
10099921
10099922
10099923
10099924
10099925
10099926
10099927
10099928
10099929
10099930
10099931
10099932
10099933
10099934
10099935
10099936
10099937
10099938
10099939
10099940
10099941
10099942
10099943
10099944
10099945
10099946
10099947
10099948
10099949
10099950
10099951
10099952
10099953
10099954
10099955
10099956
10099957
10099958
10099959
10099960
10099961
10099962
10099963
10099964
10099965
10099966
10099967
10099968
10099969
10099970
10099971
10099972
10099973
10099974
10099975
10099976
10099977
10099978
10099979
10099980
10099981
10099982
10099983
10099984
10099985
10099986
10099987
10099988
10099989
10099990
10099991
10099992
10099993
10099994
10099995
10099996
10099997
10099998
10099999
10100000
10100001
10100002
10100003
10100004
10100005
10100006
10100007
10100008
10100009
10100010
10100011
10100012
10100013
10100014
10100015
10100016
10100017
10100018
10100019
10100020
10100021
10100022
10100023
10100024
10100025
10100026
10100027
10100028
10100029
10100030
10100031
10100032
10100033
10100034
10100035
10100036
10100037
10100038
10100039
10100040
10100041
10100042
10100043
10100044
10100045
10100046
10100047
10100048
10100049
10100050
10100051
10100052
10100053
10100054
10100055
10100056
10100057
10100058
10100059
10100060
10100061
10100062
10100063
10100064
10100065
10100066
10100067
10100068
10100069
10100070
10100071
10100072
10100073
10100074
10100075
10100076
10100077
10100078
10100079
10100080
10100081
10100082
10100083
10100084
10100085
10100086
10100087
10100088
10100089
10100090
10100091
10100092
10100093
10100094
10100095
10100096
10100097
10100098
10100099
10100100
10100101
10100102
10100103
10100104
10100105
10100106
10100107
10100108
10100109
10100110
10100111
10100112
10100113
10100114
10100115
10100116
10100117
10100118
10100119
10100120
10100121
10100122
10100123
10100124
10100125
10100126
10100127
10100128
10100129
10100130
10100131
10100132
10100133
10100134
10100135
10100136
10100137
10100138
10100139
10100140
10100141
10100142
10100143
10100144
10100145
10100146
10100147
10100148
10100149
10100150
10100151
10100152
10100153
10100154
10100155
10100156
10100157
10100158
10100159
10100160
10100161
10100162
10100163
10100164
10100165
10100166
10100167
10100168
10100169
10100170
10100171
10100172
10100173
10100174
10100175
10100176
10100177
10100178
10100179
10100180
10100181
10100182
10100183
10100184
10100185
10100186
10100187
10100188
10100189
10100190
10100191
10100192
10100193
10100194
10100195
10100196
10100197
10100198
10100199
10100200
10100201
10100202
10100203
10100204
10100205
10100206
10100207
10100208
10100209
10100210
10100211
10100212
10100213
10100214
10100215
10100216
10100217
10100218
10100219
10100220
10100221
10100222
10100223
10100224
10100225
10100226
10100227
10100228
10100229
10100230
10100231
10100232
10100233
10100234
10100235
10100236
10100237
10100238
10100239
10100240
10100241
10100242
10100243
10100244
10100245
10100246
10100247
10100248
10100249
10100250
10100251
10100252
10100253
10100254
10100255
10100256
10100257
10100258
10100259
10100260
10100261
10100262
10100263
10100264
10100265
10100266
10100267
10100268
10100269
10100270
10100271
10100272
10100273
10100274
10100275
10100276
10100277
10100278
10100279
10100280
10100281
10100282
10100283
10100284
10100285
10100286
10100287
10100288
10100289
10100290
10100291
10100292
10100293
10100294
10100295
10100296
10100297
10100298
10100299
10100300
10100301
10100302
10100303
10100304
10100305
10100306
10100307
10100308
10100309
10100310
10100311
10100312
10100313
10100314
10100315
10100316
10100317
10100318
10100319
10100320
10100321
10100322
10100323
10100324
10100325
10100326
10100327
10100328
10100329
10100330
10100331
10100332
10100333
10100334
10100335
10100336
10100337
10100338
10100339
10100340
10100341
10100342
10100343
10100344
10100345
10100346
10100347
10100348
10100349
10100350
10100351
10100352
10100353
10100354
10100355
10100356
10100357
10100358
10100359
10100360
10100361
10100362
10100363
10100364
10100365
10100366
10100367
10100368
10100369
10100370
10100371
10100372
10100373
10100374
10100375
10100376
10100377
10100378
10100379
10100380
10100381
10100382
10100383
10100384
10100385
10100386
10100387
10100388
10100389
10100390
10100391
10100392
10100393
10100394
10100395
10100396
10100397
10100398
10100399
10100400
10100401
10100402
10100403
10100404
10100405
10100406
10100407
10100408
10100409
10100410
10100411
10100412
10100413
10100414
10100415
10100416
10100417
10100418
10100419
10100420
10100421
10100422
10100423
10100424
10100425
10100426
10100427
10100428
10100429
10100430
10100431
10100432
10100433
10100434
10100435
10100436
10100437
10100438
10100439
10100440
10100441
10100442
10100443
10100444
10100445
10100446
10100447
10100448
10100449
10100450
10100451
10100452
10100453
10100454
10100455
10100456
10100457
10100458
10100459
10100460
10100461
10100462
10100463
10100464
10100465
10100466
10100467
10100468
10100469
10100470
10100471
10100472
10100473
10100474
10100475
10100476
10100477
10100478
10100479
10100480
10100481
10100482
10100483
10100484
10100485
10100486
10100487
10100488
10100489
10100490
10100491
10100492
10100493
10100494
10100495
10100496
10100497
10100498
10100499
10100500
10100501
10100502
10100503
10100504
10100505
10100506
10100507
10100508
10100509
10100510
10100511
10100512
10100513
10100514
10100515
10100516
10100517
10100518
10100519
10100520
10100521
10100522
10100523
10100524
10100525
10100526
10100527
10100528
10100529
10100530
10100531
10100532
10100533
10100534
10100535
10100536
10100537
10100538
10100539
10100540
10100541
10100542
10100543
10100544
10100545
10100546
10100547
10100548
10100549
10100550
10100551
10100552
10100553
10100554
10100555
10100556
10100557
10100558
10100559
10100560
10100561
10100562
10100563
10100564
10100565
10100566
10100567
10100568
10100569
10100570
10100571
10100572
10100573
10100574
10100575
10100576
10100577
10100578
10100579
10100580
10100581
10100582
10100583
10100584
10100585
10100586
10100587
10100588
10100589
10100590
10100591
10100592
10100593
10100594
10100595
10100596
10100597
10100598
10100599
10100600
10100601
10100602
10100603
10100604
10100605
10100606
10100607
10100608
10100609
10100610
10100611
10100612
10100613
10100614
10100615
10100616
10100617
10100618
10100619
10100620
10100621
10100622
10100623
10100624
10100625
10100626
10100627
10100628
10100629
10100630
10100631
10100632
10100633
10100634
10100635
10100636
10100637
10100638
10100639
10100640
10100641
10100642
10100643
10100644
10100645
10100646
10100647
10100648
10100649
10100650
10100651
10100652
10100653
10100654
10100655
10100656
10100657
10100658
10100659
10100660
10100661
10100662
10100663
10100664
10100665
10100666
10100667
10100668
10100669
10100670
10100671
10100672
10100673
10100674
10100675
10100676
10100677
10100678
10100679
10100680
10100681
10100682
10100683
10100684
10100685
10100686
10100687
10100688
10100689
10100690
10100691
10100692
10100693
10100694
10100695
10100696
10100697
10100698
10100699
10100700
10100701
10100702
10100703
10100704
10100705
10100706
10100707
10100708
10100709
10100710
10100711
10100712
10100713
10100714
10100715
10100716
10100717
10100718
10100719
10100720
10100721
10100722
10100723
10100724
10100725
10100726
10100727
10100728
10100729
10100730
10100731
10100732
10100733
10100734
10100735
10100736
10100737
10100738
10100739
10100740
10100741
10100742
10100743
10100744
10100745
10100746
10100747
10100748
10100749
10100750
10100751
10100752
10100753
10100754
10100755
10100756
10100757
10100758
10100759
10100760
10100761
10100762
10100763
10100764
10100765
10100766
10100767
10100768
10100769
10100770
10100771
10100772
10100773
10100774
10100775
10100776
10100777
10100778
10100779
10100780
10100781
10100782
10100783
10100784
10100785
10100786
10100787
10100788
10100789
10100790
10100791
10100792
10100793
10100794
10100795
10100796
10100797
10100798
10100799
10100800
10100801
10100802
10100803
10100804
10100805
10100806
10100807
10100808
10100809
10100810
10100811
10100812
10100813
10100814
10100815
10100816
10100817
10100818
10100819
10100820
10100821
10100822
10100823
10100824
10100825
10100826
10100827
10100828
10100829
10100830
10100831
10100832
10100833
10100834
10100835
10100836
10100837
10100838
10100839
10100840
10100841
10100842
10100843
10100844
10100845
10100846
10100847
10100848
10100849
10100850
10100851
10100852
10100853
10100854
10100855
10100856
10100857
10100858
10100859
10100860
10100861
10100862
10100863
10100864
10100865
10100866
10100867
10100868
10100869
10100870
10100871
10100872
10100873
10100874
10100875
10100876
10100877
10100878
10100879
10100880
10100881
10100882
10100883
10100884
10100885
10100886
10100887
10100888
10100889
10100890
10100891
10100892
10100893
10100894
10100895
10100896
10100897
10100898
10100899
10100900
10100901
10100902
10100903
10100904
10100905
10100906
10100907
10100908
10100909
10100910
10100911
10100912
10100913
10100914
10100915
10100916
10100917
10100918
10100919
10100920
10100921
10100922
10100923
10100924
10100925
10100926
10100927
10100928
10100929
10100930
10100931
10100932
10100933
10100934
10100935
10100936
10100937
10100938
10100939
10100940
10100941
10100942
10100943
10100944
10100945
10100946
10100947
10100948
10100949
10100950
10100951
10100952
10100953
10100954
10100955
10100956
10100957
10100958
10100959
10100960
10100961
10100962
10100963
10100964
10100965
10100966
10100967
10100968
10100969
10100970
10100971
10100972
10100973
10100974
10100975
10100976
10100977
10100978
10100979
10100980
10100981
10100982
10100983
10100984
10100985
10100986
10100987
10100988
10100989
10100990
10100991
10100992
10100993
10100994
10100995
10100996
10100997
10100998
10100999
10101000
10101001
10101002
10101003
10101004
10101005
10101006
10101007
10101008
10101009
10101010
10101011
10101012
10101013
10101014
10101015
10101016
10101017
10101018
10101019
10101020
10101021
10101022
10101023
10101024
10101025
10101026
10101027
10101028
10101029
10101030
10101031
10101032
10101033
10101034
10101035
10101036
10101037
10101038
10101039
10101040
10101041
10101042
10101043
10101044
10101045
10101046
10101047
10101048
10101049
10101050
10101051
10101052
10101053
10101054
10101055
10101056
10101057
10101058
10101059
10101060
10101061
10101062
10101063
10101064
10101065
10101066
10101067
10101068
10101069
10101070
10101071
10101072
10101073
10101074
10101075
10101076
10101077
10101078
10101079
10101080
10101081
10101082
10101083
10101084
10101085
10101086
10101087
10101088
10101089
10101090
10101091
10101092
10101093
10101094
10101095
10101096
10101097
10101098
10101099
10101100
10101101
10101102
10101103
10101104
10101105
10101106
10101107
10101108
10101109
10101110
10101111
10101112
10101113
10101114
10101115
10101116
10101117
10101118
10101119
10101120
10101121
10101122
10101123
10101124
10101125
10101126
10101127
10101128
10101129
10101130
10101131
10101132
10101133
10101134
10101135
10101136
10101137
10101138
10101139
10101140
10101141
10101142
10101143
10101144
10101145
10101146
10101147
10101148
10101149
10101150
10101151
10101152
10101153
10101154
10101155
10101156
10101157
10101158
10101159
10101160
10101161
10101162
10101163
10101164
10101165
10101166
10101167
10101168
10101169
10101170
10101171
10101172
10101173
10101174
10101175
10101176
10101177
10101178
10101179
10101180
10101181
10101182
10101183
10101184
10101185
10101186
10101187
10101188
10101189
10101190
10101191
10101192
10101193
10101194
10101195
10101196
10101197
10101198
10101199
10101200
10101201
10101202
10101203
10101204
10101205
10101206
10101207
10101208
10101209
10101210
10101211
10101212
10101213
10101214
10101215
10101216
10101217
10101218
10101219
10101220
10101221
10101222
10101223
10101224
10101225
10101226
10101227
10101228
10101229
10101230
10101231
10101232
10101233
10101234
10101235
10101236
10101237
10101238
10101239
10101240
10101241
10101242
10101243
10101244
10101245
10101246
10101247
10101248
10101249
10101250
10101251
10101252
10101253
10101254
10101255
10101256
10101257
10101258
10101259
10101260
10101261
10101262
10101263
10101264
10101265
10101266
10101267
10101268
10101269
10101270
10101271
10101272
10101273
10101274
10101275
10101276
10101277
10101278
10101279
10101280
10101281
10101282
10101283
10101284
10101285
10101286
10101287
10101288
10101289
10101290
10101291
10101292
10101293
10101294
10101295
10101296
10101297
10101298
10101299
10101300
10101301
10101302
10101303
10101304
10101305
10101306
10101307
10101308
10101309
10101310
10101311
10101312
10101313
10101314
10101315
10101316
10101317
10101318
10101319
10101320
10101321
10101322
10101323
10101324
10101325
10101326
10101327
10101328
10101329
10101330
10101331
10101332
10101333
10101334
10101335
10101336
10101337
10101338
10101339
10101340
10101341
10101342
10101343
10101344
10101345
10101346
10101347
10101348
10101349
10101350
10101351
10101352
10101353
10101354
10101355
10101356
10101357
10101358
10101359
10101360
10101361
10101362
10101363
10101364
10101365
10101366
10101367
10101368
10101369
10101370
10101371
10101372
10101373
10101374
10101375
10101376
10101377
10101378
10101379
10101380
10101381
10101382
10101383
10101384
10101385
10101386
10101387
10101388
10101389
10101390
10101391
10101392
10101393
10101394
10101395
10101396
10101397
10101398
10101399
10101400
10101401
10101402
10101403
10101404
10101405
10101406
10101407
10101408
10101409
10101410
10101411
10101412
10101413
10101414
10101415
10101416
10101417
10101418
10101419
10101420
10101421
10101422
10101423
10101424
10101425
10101426
10101427
10101428
10101429
10101430
10101431
10101432
10101433
10101434
10101435
10101436
10101437
10101438
10101439
10101440
10101441
10101442
10101443
10101444
10101445
10101446
10101447
10101448
10101449
10101450
10101451
10101452
10101453
10101454
10101455
10101456
10101457
10101458
10101459
10101460
10101461
10101462
10101463
10101464
10101465
10101466
10101467
10101468
10101469
10101470
10101471
10101472
10101473
10101474
10101475
10101476
10101477
10101478
10101479
10101480
10101481
10101482
10101483
10101484
10101485
10101486
10101487
10101488
10101489
10101490
10101491
10101492
10101493
10101494
10101495
10101496
10101497
10101498
10101499
10101500
10101501
10101502
10101503
10101504
10101505
10101506
10101507
10101508
10101509
10101511
10101512
10101513
10101514
10101515
10101516
10101517
10101518
10101519
10101520
10101521
10101522
10101523
10101524
10101525
10101526
10101527
10101528
10101529
10101530
10101531
10101532
10101533
10101534
10101535
10101536
10101537
10101538
10101539
10101540
10101541
10101542
10101543
10101544
10101545
10101546
10101547
10101548
10101549
10101550
10101551
10101552
10101553
10101554
10101555
10101556
10101557
10101558
10101559
10101560
10101561
10101562
10101563
10101564
10101565
10101566
10101567
10101568
10101569
10101570
10101571
10101572
10101573
10101574
10101575
10101576
10101577
10101578
10101579
10101580
10101581
10101582
10101583
10101584
10101585
10101586
10101587
10101588
10101589
10101590
10101591
10101592
10101593
10101594
10101595
10101596
10101597
10101598
10101599
10101600
10101601
10101602
10101603
10101604
10101605
10101606
10101607
10101608
10101609
10101610
10101611
10101612
10101613
10101614
10101615
10101616
10101617
10101618
10101619
10101620
10101621
10101622
10101623
10101624
10101625
10101626
10101627
10101628
10101629
10101630
10101631
10101632
10101633
10101634
10101635
10101636
10101637
10101638
10101639
10101640
10101641
10101642
10101643
10101644
10101645
10101646
10101647
10101648
10101649
10101650
10101651
10101652
10101653
10101654
10101655
10101656
10101657
10101658
10101659
10101660
10101661
10101662
10101663
10101664
10101665
10101666
10101667
10101668
10101669
10101670
10101671
10101672
10101673
10101674
10101675
10101676
10101677
10101678
10101679
10101680
10101681
10101682
10101683
10101684
10101685
10101686
10101687
10101688
10101689
10101690
10101691
10101692
10101693
10101694
10101695
10101696
10101697
10101698
10101699
10101700
10101701
10101702
10101703
10101704
10101705
10101706
10101707
10101708
10101709
10101710
10101711
10101712
10101713
10101714
10101715
10101716
10101717
10101718
10101719
10101720
10101721
10101722
10101723
10101724
10101725
10101726
10101727
10101728
10101729
10101730
10101731
10101732
10101733
10101734
10101735
10101736
10101737
10101738
10101739
10101740
10101741
10101742
10101743
10101744
10101745
10101746
10101747
10101748
10101749
10101750
10101751
10101752
10101753
10101754
10101755
10101756
10101757
10101758
10101759
10101760
10101761
10101762
10101763
10101764
10101765
10101766
10101767
10101768
10101769
10101770
10101771
10101772
10101774
10101775
10101776
10101777
10101778
10101779
10101780
10101781
10101782
10101783
10101784
10101785
10101786
10101787
10101788
10101789
10101790
10101791
10101792
10101793
10101794
10101795
10101796
10101797
10101798
10101799
10101800
10101801
10101802
10101803
10101804
10101805
10101806
10101807
10101808
10101809
10101810
10101811
10101812
10101813
10101814
10101815
10101816
10101817
10101818
10101819
10101820
10101821
10101822
10101823
10101824
10101825
10101826
10101827
10101828
10101829
10101830
10101831
10101832
10101833
10101834
10101835
10101836
10101837
10101838
10101839
10101840
10101841
10101842
10101843
10101844
10101845
10101846
10101847
10101848
10101849
10101850
10101851
10101852
10101853
10101854
10101855
10101856
10101857
10101858
10101859
10101860
10101861
10101862
10101863
10101864
10101865
10101866
10101867
10101868
10101869
10101870
10101871
10101872
10101873
10101874
10101875
10101876
10101877
10101878
10101879
10101880
10101881
10101882
10101883
10101884
10101885
10101886
10101887
10101888
10101889
10101890
10101891
10101892
10101893
10101894
10101895
10101896
10101897
10101898
10101899
10101900
10101901
10101902
10101903
10101904
10101905
10101906
10101907
10101908
10101909
10101910
10101911
10101912
10101913
10101914
10101915
10101916
10101917
10101918
10101919
10101920
10101921
10101922
10101923
10101924
10101925
10101926
10101927
10101928
10101929
10101930
10101931
10101932
10101933
10101934
10101935
10101936
10101937
10101938
10101939
10101940
10101941
10101942
10101943
10101944
10101945
10101946
10101947
10101948
10101949
10101950
10101951
10101952
10101953
10101954
10101955
10101956
10101957
10101958
10101959
10101960
10101961
10101962
10101963
10101964
10101965
10101966
10101967
10101968
10101969
10101970
10101971
10101972
10101973
10101974
10101975
10101976
10101977
10101978
10101979
10101980
10101981
10101982
10101983
10101984
10101985
10101986
10101987
10101988
10101989
10101990
10101991
10101992
10101993
10101994
10101995
10101996
10101997
10101998
10101999
10102000
10102001
10102002
10102003
10102004
10102005
10102006
10102007
10102008
10102009
10102010
10102011
10102012
10102013
10102014
10102015
10102016
10102017
10102018
10102019
10102020
10102021
10102022
10102023
10102024
10102025
10102026
10102027
10102028
10102029
10102030
10102031
10102032
10102033
10102034
10102035
10102036
10102037
10102038
10102039
10102040
10102041
10102042
10102043
10102044
10102045
10102046
10102047
10102048
10102049
10102050
10102051
10102052
10102053
10102054
10102055
10102056
10102057
10102058
10102059
10102060
10102061
10102062
10102063
10102064
10102065
10102066
10102067
10102068
10102069
10102070
10102071
10102072
10102073
10102074
10102075
10102076
10102077
10102078
10102079
10102080
10102081
10102082
10102083
10102084
10102085
10102086
10102087
10102088
10102089
10102090
10102091
10102092
10102093
10102094
10102095
10102096
10102097
10102098
10102099
10102100
10102101
10102102
10102103
10102104
10102105
10102106
10102107
10102108
10102109
10102110
10102111
10102112
10102113
10102114
10102115
10102116
10102117
10102118
10102119
10102120
10102121
10102122
10102123
10102124
10102125
10102126
10102127
10102128
10102129
10102130
10102131
10102132
10102133
10102134
10102135
10102136
10102137
10102138
10102139
10102140
10102141
10102142
10102143
10102144
10102145
10102146
10102147
10102148
10102149
10102150
10102151
10102152
10102153
10102154
10102155
10102156
10102157
10102158
10102159
10102160
10102161
10102162
10102163
10102164
10102165
10102166
10102167
10102168
10102169
10102170
10102171
10102172
10102173
10102174
10102175
10102176
10102177
10102178
10102179
10102180
10102181
10102182
10102183
10102184
10102185
10102186
10102187
10102188
10102189
10102190
10102191
10102192
10102193
10102194
10102195
10102196
10102197
10102198
10102199
10102200
10102201
10102202
10102203
10102204
10102205
10102206
10102207
10102208
10102209
10102210
10102211
10102212
10102213
10102214
10102215
10102216
10102217
10102218
10102219
10102220
10102221
10102222
10102223
10102224
10102225
10102226
10102227
10102228
10102229
10102230
10102231
10102232
10102233
10102234
10102235
10102236
10102237
10102238
10102239
10102240
10102241
10102242
10102243
10102244
10102245
10102246
10102247
10102248
10102249
10102250
10102251
10102252
10102253
10102254
10102255
10102256
10102257
10102258
10102259
10102260
10102261
10102262
10102263
10102264
10102265
10102266
10102267
10102268
10102269
10102270
10102271
10102272
10102273
10102274
10102275
10102276
10102277
10102278
10102279
10102280
10102281
10102282
10102283
10102284
10102285
10102286
10102287
10102288
10102289
10102290
10102291
10102292
10102293
10102294
10102295
10102296
10102297
10102298
10102299
10102300
10102301
10102302
10102303
10102304
10102305
10102306
10102307
10102308
10102309
10102310
10102311
10102312
10102313
10102314
10102315
10102316
10102323
10102324
10102325
10102326
10102327
10102328
10102329
10102330
10102331
10102332
10102333
10102334
10102335
10102336
10102337
10102338
10102339
10102340
10102341
10102342
10102343
10102344
10102345
10102346
10102347
10102348
10102349
10102350
10102351
10102352
10102353
10102354
10102355
10102356
10102357
10102358
10102359
10102360
10102361
10102362
10102363
10102364
10102365
10102366
10102367
10102368
10102369
10102370
10102371
10102372
10102373
10102374
10102375
10102376
10102377
10102378
10102379
10102380
10102381
10102382
10102383
10102384
10102385
10102386
10102387
10102388
10102390
10102391
10102392
10102393
10102394
10102395
10102396
10102397
10102398
10102399
10102400
10102401
10102402
10102403
10102404
10102405
10102406
10102407
10102408
10102409
10102410
10102411
10102412
10102413
10102414
10102415
10102430
10102431
10102432
10102433
10102434
10102435
10102436
10102437
10102438
10102439
10102440
10102441
10102442
10102443
10102444
10102445
10102446
10102447
10102448
10102449
10102450
10102451
10102452
10102453
10102454
10102455
10102456
10102457
10102458
10102459
10102460
10102461
10102462
10102468
10102469
10102470
10102471
10102472
10102473
10102474
10102475
10102476
10102477
10102478
10102479
10102480
10102481
10102482
10102483
10102484
10102485
10102486
10102487
10102488
10102489
10102490
10102491
10102492
10102493
10102494
10102495
10102496
10102497
10102498
10102499
10102500
10102501
10102502
10102503
10102504
10102505
10102506
10102507
10102508
10102509
10102510
10102511
10102512
10102513
10102514
10102515
10102516
10102517
10102518
10102519
10102520
10102521
10102522
10102523
10102524
10102525
10102526
10102527
10102528
10102529
10102530
10102531
10102532
10102533
10102534
10102535
10102536
10102537
10102538
10102539
10102540
10102541
10102542
10102543
10102544
10102545
10102546
10102547
10102548
10102549
10102550
10102551
10102552
10102559
10102560
10102561
10102562
10102563
10102564
10102565
10102566
10102567
10102568
10102569
10102570
10102571
10102572
10102573
10102574
10102575
10102576
10102577
10102578
10102579
10102580
10102581
10102582
10102583
10102584
10102585
10102586
10102598
10102599
10102600
10102601
10102602
10102603
10102604
10102605
10102606
10102607
10102608
10102609
10102610
10102611
10102612
10102613
10102614
10102615
10102616
10102617
10102618
10102619
10102620
10102621
10102622
10102623
10102624
10102625
10102626
10102627
10102628
10102629
10102630
10102631
10102632
10102633
10102634
10102635
10102636
10102637
10102638
10102639
10102640
10102641
10102642
10102643
10102644
10102645
10102646
10102647
10102648
10102649
10102650
10102651
10102652
10102653
10102654
10102655
10102656
10102657
10102658
10102659
10102660
10102661
10102662
10102663
10102664
10102665
10102666
10102667
10102668
10102669
10102670
10102671
10102672
10102673
10102674
10102675
10102676
10102677
10102678
10102679
10102680
10102681
10102682
10102683
10102684
10102685
10102686
10102687
10102688
10102689
10102699
10102700
10102701
10102702
10102703
10102704
10102705
10102706
10102707
10102708
10102709
10102710
10102711
10102712
10102713
10102714
10102715
10102716
10102717
10102721
10102722
10102723
10102724
10102725
10102726
10102727
10102728
10102729
10102730
10102731
10102732
10102733
10102734
10102735
10102736
10102737
10102738
10102739
10102740
10102741
10102742
10102743
10102744
10102745
10102746
10102747
10102748
10102749
10102750
10102751
10102752
10102753
10102754
10102755
10102756
10102757
10102758
10102759
10102760
10102761
10102762
10102763
10102764
10102765
10102766
10102767
10102786
10102787
10102788
10102789
10102790
10102791
10102792
10102793
10102794
10102795
10102796
10102797
10102798
10102799
70017393
70017394
70017395
70017396
70017397
70017398
70017399
70017400
70017401
70017402
70017403
70017404
70017405
70017406
70017407
70017408
70017409
70017410
70017411
70017412
70017413
70017414
70017415
70017416
70017417
70017418
70017419
70017420
70017421
70017422
70017423
70017424
70017425
70017426
70017427
70017428
70017429
70017430
70017431
70017432
70017433
70017434
70017435
70017436
70017437
70017438
70017439
70017440
70017441
70017442
70017443
70017444
70017445
70017446
70017447
70017448
70017449
70017450
70017451
70017452
70017453
70017454
70017455
70017456
70017457
70017458
70017459
70017460
70017461
70017462
70017463
70017464
70017465
70017466
70017467
70017468
70017469
70017470
70017471
70017472
70017473
70017474
70017475
70017476
70017477
70017478
70017479
70017480
70017481
70017482
70017483
70017484
70017485
70017486
70017487
70017488
70017489
70017490
70017491
70017492
70017493
70017494
70017495
70017496
70017497
70017498
70017499
70017500
70017501
70017502
70017503
70017504
70017505
70017506
70017507
70017508
70017509
70017510
70017511
70017512
70017513
70017514
70017515
70017516
70017517
70017518
70017519
70017520
70017521
70017522
70017523
70017524
70017525
70017526
70017527
70017528
70017529
70017530
70017531
70017532
70017533
70017534
70017535
70017536
70017537
70017538
70017539
70017540
70017541
70017542
70017543
70017544
70017545
70017546
70017547
70017548
70017549
70017550
70017551
70017552
70017553
70017554
70017555
70017556
70017557
70017558
70017559
70017560
70017561
70017562
70017563
70017564
70017565
70017566
70017567
70017568
70017569
70017570
70017571
70017572
70017573
70017574
70017575
70017576
70017577
70017578
70017579
70017580
70017581
70017582
70017583
70017584
70017585
70017586
70017587
70017588
70017589
70017590
70017591
70017592
70017593
70017594
70017595
70017596
70017597
70017598
70017599
70017600
70017601
70017602
70017603
70017604
70017605
70017606
70017607
70017608
70017609
70017610
70017611
70017612
70017613
70017614
70017615
70017616
70017617
70017618
70017619
70017620
70017621
70017622
70017623
70017624
70017625
70017626
70017627
70017628
70017629
70017630
70017631
70017632
70017633
70017634
70017635
70017636
70017637
70017638
70017639
70017640
70017641
70017642
70017643
70017644
70017645
70017646
70017647
70017648
70017649
70017650
70017651
70017652
70017653
70017654
70017655
70017656
70017657
70017658
70017659
70017660
70017661
70017662
70017663
70017664
70017665
70017666
70017667
70017668
70017669
70017670
70017671
70017672
70017673
70017674
70017675
70017676
70017677
70017678
70017679
70017680
70017681
70017682
70017683
70017684
70017685
70017686
70017687
70017688
70017689
70017690
70017691
70017692
70017693
70017694
70017695
70017696
70017697
70017698
70017699
70017700
70017701
70017702
70017703
70017704
70017705
70017706
70017707
70017708
70017709
70017710
70017711
70017712
70017713
70017714
70017715
70017716
70017717
70017718
70017719
70017720
70017721
70017722
70017723
70017724
70017725
70017726
70017727
70017728
70017729
70017730
70017731
70017732
70017733
70017734
70017735
70017736
70017737
70017738
70017739
70017740
70017741
70017742
70017743
70017744
70017745
70017746
70017747
70017748
70017749
70017750
70017751
70017752
70017753
70017754
70017755
70017756
70017757
70017758
70017759
70017760
70017761
70017762
70017763
70017764
70017765
70017766
70017767
70017768
70017769
70017770
70017771
70017772
70017773
70017774
70017775
70017776
70017777
70017778
70017779
70017780
70017781
70017782
70017783
70017784
70017785
70017786
70017787
70017788
70017789
70017790
70017791
70017792
70017793
70017794
70017795
70017796
70017797
70017798
70017799
70017800
70017801
70017802
70017803
70017804
70017805
70017806
70017807
70017808
70017809
70017810
70017811
70017812
70017813
70017814
70017815
70017816
70017817
70017818
70017819
70017820
70017821
70017822
70017823
70017824
70017825
70017826
70017827
70017828
70017829
70017830
70017831
70017832
70017833
70017834
70017835
70017836
70017837
70017838
70017839
70017840
70017841
70017842
70017843
70017844
70017845
70017846
70017847
70017848
70017849
70017850
70017851
70017852
70017853
70017854
70017855
70017856
70017857
70017858
70017859
70017860
70017861
70017862
70017863
70017864
70017865
70017866
70017867
70017868
70017869
70017870
70017871
70017872
70017873
70017874
70017875
70017876
70017877
70017878
70017879
70017880
70017881
70017882
70017883
70017884
70017885
70017886
70017887
70017888
70017889
70017890
70017891
70017892
70017893
70017894
70017895
70017896
70017897
70017898
70017899
70017900
70017901
70017902
70017903
70017904
70017905
70017906
70017907
70017908
70017909
70017910
70017911
70017912
70017913
70017914
70017915
70017916
70017917
70017918
70017919
70017920
70017921
70017922
70017923
70017924
70017925
70017926
70017927
70017928
70017929
70017930
70017931
70017932
70017933
70017934
70017935
70017936
70017937
70017938
70017939
70017940
70017941
70017942
70017943
70017944
70017945
70017946
70017947
70017948
70017949
70017950
70017951
70017952
70017953
70017954
70017955
70017956
70017957
70017958
70017959
70017960
70017961
70017962
70017963
70017964
70017965
70017966
70017967
70017968
70017969
70017970
70017971
70017972
70017973
70017974
70017975
70017976
70017977
70017978
70017979
70017980
70017981
70017982
70017983
70017984
70017985
70017986
70017987
70017988
70017989
70017990
70017991
70017992
70017993
70017994
70017995
70017996
70017997
70017998
70017999
70018000
70018001
70018002
70018003
70018004
70018005
70018006
70018007
70018008
70018009
70018010
70018011
70018012
70018013
70018014
70018015
70018016
70018017
70018018
70018019
70018020
70018021
70018022
70018023
70018024
70018025
70018026
70018027
70018028
70018029
70018030
70018031
70018032
70018033
70018034
70018035
70018036
70018037
70018038
70018039
70018040
70018041
70018042
70018043
70018044
70018045
70018046
70018047
70018048
70018049
70018050
70018051
70018052
70018053
70018054
70018055
70018056
70018057
70018058
70018059
70018060
70018061
70018062
70018063
70018064
70018065
70018066
70018067
70018068
70018069
70018070
70018071
70018072
70018073
70018074
70018075
70018076
70018077
70018078
70018079
70018080
70018081
70018082
70018083
70018084
70018085
70018086
70018087
70018088
70018089
70018090
70018091
70018092
70018093
70018094
70018095
70018096
70018097
70018098
70018099
70018100
70018101
70018102
70018103
70018104
70018105
70018106
70018107
70018108
70018109
70018110
70018111
70018112
70018113
70018114
70018115
70018116
70018117
70018118
70018119
70018120
70018121
70018122
70018123
70018124
70018125
70018126
70018127
70018128
70018129
70018130
70018131
70018132
70018133
70018134
70018135
70018136
70018137
70018138
70018139
70018140
70018141
70018142
70018143
70018144
70018145
70018146
70018147
70018148
70018149
70018150
70018151
70018152
70018153
70018154
70018155
70018156
70018157
70018158
70018159
70018160
70018161
70018162
70018163
70018164
70018165
70018166
70018167
70018168
70018169
70018170
70018171
70018172
70018173
70018174
70018175
70018176
70018177
70018178
70018179
70018180
70018181
70018182
70018183
70018184
70018185
70018186
70018187
70018188
70018189
70018190
70018191
70018192
70018193
70018194
70018195
70018196
70018197
70018198
70018199
70018200
70018201
70018202
70018203
70018204
70018205
70018206
70018207
70018208
70018209
70018210
70018211
70018212
70018213
70018214
70018215
70018216
70018217
70018218
70018219
70018220
70018221
70018222
70018223
70018224
70018225
70018226
70018227
70018228
70018229
70018230
70018231
70018232
70018233
70018234
70018235
70018236
70018237
70018238
70018239
70018240
70018241
70018242
70018243
70018244
70018245
70018246
70018247
70018248
70018249
70018250
70018251
70018252
70018253
70018254
70018255
70018256
70018257
70018258
70018259
70018260
70018261
70018262
70018263
70018264
70018265
70018266
70018267
70018268
70018269
70018270
70018271
70018272
70018273
70018274
70018275
70018276
70018277
70018278
70018279
70018280
70018281
70018282
70018283
70018284
70018285
70018286
70018287
70018288
70018289
70018290
70018291
70018292
70018293
70018294
70018295
70018296
70018297
70018298
70018299
70018300
70018301
70018302
70018303
70018304
70018305
70018306
70018307
70018308
70018309
70018310
70018311
70018312
70018313
70018314
70018315
70018316
70018317
70018318
70018319
70018320
70018321
70018322
70018323
70018324
70018325
70018326
70018327
70018328
70018329
70018330
70018331
70018332
70018333
70018334
70018335
70018336
70018337
70018338
70018339
70018340
70018341
70018342
70018343
70018344
70018345
70018346
70018347
70018348
70018349
70018350
70018351
70018352
70018353
70018354
70018355
70018356
70018357
70018358
70018359
70018360
70018361
70018362
70018363
70018364
70018365
70018366
70018367
70018368
70018369
70018370
70018371
70018372
70018373
70018374
70018375
70018376
70018377
70018378
70018379
70018380
70018381
70018382
70018383
70018384
70018385
70018386
70018387
70018388
70018389
70018390
70018391
70018392
70018393
70018394
70018395
70018396
70018397
70018398
70018399
70018400
70018401
70018402
70018403
70018404
70018405
70018406
70018407
70018408
70018409
70018410
70018411
70018412
70018413
70018414
70018415
70018416
70018417
70018418
70018419
70018420
70018421
70018422
70018423
70018424
70018425
70018426
70018427
70018428
70018429
70018430
70018431
70018432
70018433
70018434
70018435
70018436
70018437
70018438
70018439
70018440
70018441
70018442
70018443
70018444
70018445
70018446
70018447
70018448
70018449
70018450
70018451
70018452
70018453
70018454
70018455
70018456
70018457
70018458
70018459
70018460
70018461
70018462
70018463
70018464
70018465
70018466
70018467
70018468
70018469
70018470
70018471
70018472
70018473
70018474
70018475
70018476
70018477
70018478
70018479
70018480
70018481
70018482
70018483
70018484
70018485
70018486
70018487
70018488
70018489
70018490
70018491
70018492
70018493
70018494
70018495
70018496
70018497
70018498
70018499
70018500
70018501
70018502
70018503
70018504
70018505
70018506
70018507
70018508
70018509
70018510
70018511
70018512
70018513
70018514
70018515
70018516
70018517
70018518
70018519
70018520
70018521
70018522
70018523
70018524
70018525
70018526
70018527
70018528
70018529
70018530
70018531
70018532
70018533
70018534
70018535
70018536
70018537
70018538
70018539
70018540
70018541
70018542
70018543
70018544
70018545
70018546
70018547
70018548
70018549
70018550
70018551
70018552
70018553
70018554
70018555
70018556
70018557
70018558
70018559
70018560
70018561
70018562
70018563
70018564
70018565
70018566
70018567
70018568
70018569
70018570
70018571
70018572
70018573
70018574
70018575
70018576
70018577
70018578
70018579
70018580
70018581
70018582
70018583
70018584
70018585
70018586
70018587
70018588
70018589
70018590
70018591
70018592
70018593
70018594
70018595
70018596
70018597
70018598
70018599
70018600
70018601
70018602
70018603
70018604
70018605
70018606
70018607
70018608
70018609
70018610
70018611
70018612
70018613
70018614
70018615
70018616
70018617
70018618
70018619
70018620
70018621
70018622
70018623
70018624
70018625
70018626
70018627
70018628
70018629
70018630
70018631
70018632
70018633
70018634
70018635
70018636
70018637
70018638
70018639
70018640
70018641
70018642
70018643
70018644
70018645
70018646
70018647
70018648
70018649
70018650
70018651
70018652
70018653
70018654
70018655
70018656
70018657
70018658
70018659
70018660
70018661
70018662
70018663
70018664
70018665
70018666
70018667
70018668
70018669
70018670
70018671
70018672
70018673
70018674
70018675
70018676
70018677
70018678
70018679
70018680
70018681
70018682
70018683
70018684
70018685
70018686
70018687
70018688
70018689
70018690
70018691
70018692
70018693
70018694
70018695
70018696
70018697
70018698
70018699
70018700
70018701
70018702
70018703
70018704
70018705
70018706
70018707
70018708
70018709
70018710
70018711
70018712
70018713
70018714
70018715
70018716
70018717
70018718
70018719
70018720
70018721
70018722
70018723
70018724
70018725
70018726
70018727
70018728
70018729
70018730
70018731
70018732
70018733
70018734
70018735
70018736
70018737
70018738
70018739
70018740
70018741
70018742
70018743
70018744
70018745
70018746
70018747
70018748
70018749
70018750
70018751
70018752
70018753
70018754
70018755
70018756
70018757
70018758
70018759
70018760
70018761
70018762
70018763
70018764
70018765
70018766
70018767
70018768
70018769
70018770
70018771
70018772
70018773
70018774
70018775
70018776
70018777
70018778
70018779
70018780
70018781
70018782
70018783
70018784
70018785
70018786
70018787
70018788
70018789
70018790
70018791
70018792
70018793
70018794
70018795
70018796
70018797
70018798
70018799
70018800
70018801
70018802
70018803
70018804
70018805
70018806
70018807
70018808
70018809
70018810
70018811
70018812
70018813
70018814
70018815
70018816
70018817
70018818
70018819
70018820
70018821
70018822
70018823
70018824
70018825
70018826
70018827
70018828
70018829
70018830
70018831
70018832
70018833
70018834
70018835
70018836
70018837
70018838
70018839
70018840
70018841
70018842
70018843
70018844
70018845
70018846
70018847
70018848
70018849
70018850
70018851
70018852
70018853
70018854
70018855
70018856
70018857
70018858
70018859
70018860
70018861
70018862
70018863
70018864
70018865
70018866
70018867
70018868
70018869
70018870
70018871
70018872
70018873
70018874
70018875
70018876
70018877
70018878
70018879
70018880
70018881
70018882
70018883
70018884
70018885
70018886
70018887
70018888
70018889
70018890
70018891
70018892
70018893
70018894
70018895
70018896
70018897
70018898
70018899
70018900
70018901
70018902
70018903
70018904
70018905
70018906
70018907
70018908
70018909
70018910
70018911
70018912
70018913
70018914
70018915
70018916
70018917
70018918
70018919
70018920
70018921
70018922
70018923
70018924
70018925
70018926
70018927
70018928
70018929
70018930
70018931
70018932
70018933
70018934
70018935
70018936
70018937
70018938
70018939
70018940
70018941
70018942
70018943
70018944
70018945
70018946
70018947
70018948
70018949
70018950
70018951
70018952
70018953
70018954
70018955
70018956
70018957
70018958
70018959
70018960
70018961
70018962
70018963
70018964
70018965
70018966
70018967
70018968
70018969
70018970
70018971
70018972
70018973
70018974
70018975
70018976
70018977
70018978
70018979
70018980
70018981
70018982
70018983
70018984
70018985
70018986
70018987
70018988
70018989
70018990
70018991
70018992
70018993
70018994
70018995
70018996
70018997
70018998
70018999
70019000
70019001
70019002
70019003
70019004
70019005
70019006
70019007
70019008
70019009
70019010
70019011
70019012
70019013
70019014
70019015
70019016
70019017
70019018
70019019
70019020
70019021
70019022
70019023
70019024
70019025
70019026
70019027
70019028
70019029
70019030
70019031
70019032
70019033
70019034
70019035
70019036
70019037
70019038
70019039
70019040
70019041
70019042
70019043
70019044
70019045
70019046
70019047
70019048
70019049
70019050
70019051
70019052
70019053
70019054
70019055
70019056
70019057
70019058
70019059
70019060
70019061
70019062
70019063
70019064
70019065
70019066
70019067
70019068
70019069
70019070
70019071
70019072
70019073
70019074
70019075
70019076
70019077
70019078
70019079
70019080
70019081
70019082
70019083
70019084
70019085
70019086
70019087
70019088
70019089
70019090
70019091
70019092
70019093
70019094
70019095
70019096
70019097
70019098
70019099
70019100
70019101
70019102
70019103
70019104
70019105
70019106
70019107
70019108
70019109
70019110
70019111
70019112
70019113
70019114
70019115
70019116
70019117
70019118
70019119
70019120
70019121
70019122
70019123
70019124
70019125
70019126
70019127
70019128
70019129
70019130
70019131
70019132
70019133
70019134
70019135
70019136
70019137
70019138
70019139
70019140
70019141
70019142
70019143
70019144
70019145
70019146
70019147
70019148
70019149
70019150
70019151
70019152
70019153
70019154
70019155
70019156
70019157
70019158
70019159
70019160
70019161
70019162
70019163
70019164
70019165
70019166
70019167
70019168
70019169
70019170
70019171
70019172
70019173
70019174
70019175
70019176
70019177
70019178
70019179
70019180
70019181
70019182
70019183
70019184
70019185
70019186
70019187
70019188
70019189
70019190
70019191
70019192
70019193
70019194
70019195
70019196
70019197
70019198
70019199
70019200
70019201
70019202
70019203
70019204
70019205
70019206
70019207
70019208
70019209
70019210
70019211
70019212
70019213
70019214
70019215
70019216
70019217
70019218
70019219
70019220
70019221
70019222
70019223
70019224
70019225
70019226
70019227
70019228
70019229
70019230
70019231
70019232
70019233
70019234
70019235
70019236
70019237
70019238
70019239
70019240
70019241
70019242
70019243
70019244
70019245
70019246
70019247
70019248
70019249
70019250
70019251
70019252
70019253
70019254
70019255
70019256
70019257
70019258
70019259
70019260
70019261
70019262
70019263
70019264
70019265
70019266
70019267
70019268
70019269
70019270
70019271
70019272
70019273
70019274
70019275
70019276
70019277
70019278
70019279
70019280
70019281
70019282
70019283
70019284
70019285
70019286
70019287
70019288
70019289
70019290
70019291
70019292
70019293
70019294
70019295
70019296
70019297
70019298
70019299
70019300
70019301
70019302
70019303
70019304
70019305
70019306
70019307
70019308
70019309
70019310
70019311
70019312
70019313
70019314
70019315
70019316
70019317
70019318
70019319
70019320
70019321
70019322
70019323
70019324
70019325
70019326
70019327
70019328
70019329
70019330
70019331
70019332
70019333
70019334
70019335
70019336
70019337
70019338
70019339
70019340
70019341
70019342
70019343
70019344
70019345
70019346
70019347
70019348
70019349
70019350
70019351
70019352
70019353
70019354
70019355
70019356
70019357
70019358
70019359
70019360
70019361
70019362
70019363
70019364
70019365
70019366
70019367
70019368
70019369
70019370
70019371
70019372
70019373
70019374
70019375
70019376
70019377
70019378
70019379
70019380
70019381
70019382
70019383
70019384
70019385
70019386
70019387
70019388
70019389
70019390
70019391
70019392
70019393
70019394
70019395
70019396
70019397
70019398
70019399
70019400
70019401
70019402
70019403
70019404
70019405
70019406
70019407
70019408
70019409
70019410
70019411
70019412
70019413
70019414
70019415
70019416
70019417
70019418
70019419
70019420
70019421
70019422
70019423
70019424
70019425
70019426
70019427
70019428
70019429
70019430
70019431
70019432
70019433
70019434
70019435
70019436
70019437
70019438
70019439
70019440
70019441
70019442
70019443
70019444
70019445
70019446
70019447
70019448
70019449
70019450
70019451
70019452
70019453
70019454
70019455
70019456
70019457
70019458
70019459
70019460
70019461
70019462
70019463
70019464
70019465
70019466
70019467
70019468
70019469
70019470
70019471
70019472
70019473
70019474
70019475
70019476
70019477
70019478
70019479
70019480
70019481
70019482
70019483
70019484
70019485
70019486
70019487
70019488
70019489
70019490
70019491
70019492
70019493
70019494
70019495
70019496
70019497
70019498
70019499
70019500
70019501
70019502
70019503
70019504
70019505
70019506
70019507
70019508
70019509
70019510
70019511
70019512
70019513
70019514
70019515
70019516
70019517
70019518
70019519
70019520
70019521
70019522
70019523
70019524
70019525
70019526
70019527
70019528
70019529
70019530
70019531
70019532
70019533
70019534
70019535
70019536
70019537
70019538
70019539
70019540
70019541
70019542
70019543
70019544
70019545
70019546
70019547
70019548
70019549
70019550
70019551
70019552
70019553
70019554
70019555
70019556
70019557
70019558
70019559
70019560
70019561
70019562
70019563
70019564
70019565
70019566
70019567
70019568
70019569
70019570
70019571
70019572
70019573
70019574
70019575
70019576
70019577
70019578
70019579
70019580
70019581
70019582
70019583
70019584
70019585
70019586
70019587
70019588
70019589
70019590
70019591
70019592
70019593
70019594
70019595
70019596
70019597
70019598
70019599
70019600
70019601
70019602
70019603
70019604
70019605
70019606
70019607
70019608
70019609
70019610
70019611
70019612
70019613
70019614
70019615
70019616
70019617
70019618
70019619
70019620
70019621
70019622
70019623
70019624
70019625
70019626
70019627
70019628
70019629
70019630
70019631
70019632
70019633
70019634
70019635
70019636
70019637
70019638
70019639
70019640
70019641
70019642
70019643
70019644
70019645
70019646
70019647
70019648
70019649
70019650
70019651
70019652
70019653
70019654
70019655
70019656
70019657
70019658
70019659
70019660
70019661
70019662
70019663
70019664
70019665
70019666
70019667
70019668
70019669
70019670
70019671
70019672
70019673
70019674
70019675
70019676
70019677
70019678
70019679
70019680
70019681
70019682
70019683
70019684
70019685
70019686
70019687
70019688
70019689
70019690
70019691
70019692
70019693
70019694
70019695
70019696
70019697
70019698
70019699
70019700
70019701
70019702
70019703
70019704
70019705
70019706
70019707
70019708
70019709
70019710
70019711
70019712
70019713
70019714
70019715
70019716
70019717
70019718
70019719
70019720
70019721
70019722
70019723
70019724
70019725
70019726
70019727
70019728
70019729
70019730
70019731
70019732
70019733
70019734
70019735
70019736
70019737
70019738
70019739
70019740
70019741
70019742
70019743
70019744
70019745
70019746
70019747
70019748
70019749
70019750
70019751
70019752
70019753
70019754
70019755
70019756
70019757
70019758
70019759
70019760
70019761
70019762
70019763
70019764
70019765
70019766
70019767
70019768
70019769
70019770
70019771
70019772
70019773
70019774
70019775
70019776
70019777
70019778
70019779
70019780
70019781
70019782
70019783
70019784
70019785
70019786
70019787
70019788
70019789
70019790
70019791
70019792
70019793
70019794
70019795
70019796
70019797
70019798
70019799
70019800
70019801
70019802
70019803
70019804
70019805
70019806
70019807
70019808
70019809
70019810
70019811
70019812
70019813
70019814
70019815
70019816
70019817
70019818
70019819
70019820
70019821
70019822
70019823
70019824
70019825
70019826
70019827
70019828
70019829
70019830
70019831
70019832
70019833
70019834
70019835
70019836
70019837
70019838
70019839
70019840
70019841
70019842
70019843
70019844
70019845
70019846
70019847
70019848
70019849
70019850
70019851
70019852
70019853
70019854
70019855
70019856
70019857
70019858
70019859
70019860
70019861
70019862
70019863
70019864
70019865
70019866
70019867
70019868
70019869
70019870
70019871
70019872
70019873
70019874
70019875
70019876
70019877
70019878
70019879
70019880
70019881
70019882
70019883
70019884
70019885
70019886
70019887
70019888
70019889
70019890
70019891
70019892
70019893
70019894
70019895
70019896
70019897
70019898
70019899
70019900
70019901
70019902
70019903
70019904
70019905
70019906
70019907
70019908
70019909
70019910
70019911
70019912
70019913
70019914
70019915
70019916
70019917
70019918
70019919
70019920
70019921
70019922
70019923
70019924
70019925
70019926
70019927
70019928
70019929
70019930
70019931
70019932
70019933
70019934
70019935
70019936
70019937
70019938
70019939
70019940
70019941
70019942
70019943
70019944
70019945
70019946
70019947
70019948
70019949
70019950
70019951
70019952
70019953
70019954
70019955
70019956
70019957
70019958
70019959
70019960
70019961
70019962
70019963
70019964
70019965
70019966
70019967
70019968
70019969
70019970
70019971
70019972
70019973
70019974
70019975
70019976
70019977
70019978
70019979
70019980
70019981
70019982
70019983
70019984
70019985
70019986
70019987
70019988
70019989
70019990
70019991
70019992
70019993
70019994
70019995
70019996
70019997
70019998
70019999
70020000
70020001
70020002
70020003
70020004
70020005
70020006
70020007
70020008
70020009
70020010
70020011
70020012
70020013
70020014
70020015
70020016
70020017
70020018
70020019
70020020
70020021
70020022
70020023
70020024
70020025
70020026
70020027
70020028
70020029
70020030
70020031
70020032
70020033
70020034
70020035
70020036
70020037
70020038
70020039
70020040
70020041
70020042
70020043
70020044
70020045
70020046
70020047
70020048
70020049
70020050
70020051
70020052
70020053
70020054
70020055
70020056
70020057
70020058
70020059
70020060
70020061
70020062
70020063
70020064
70020065
70020066
70020067
70020068
70020069
70020070
70020071
70020072
70020073
70020074
70020075
70020076
70020077
70020078
70020079
70020080
70020081
70020082
70020083
70020084
70020085
70020086
70020087
70020088
70020089
70020090
70020091
70020092
70020093
70020094
70020095
70020096
70020097
70020098
70020099
70020100
70020101
70020102
70020103
70020104
70020105
70020106
70020107
70020108
70020109
70020110
70020111
70020112
70020113
70020114
70020115
70020116
70020117
70020118
70020119
70020120
70020121
70020122
70020123
70020124
70020125
70020126
70020127
70020128
70020129
70020130
70020131
70020132
70020133
70020134
70020135
70020136
70020137
70020138
70020139
70020140
70020141
70020142
70020143
70020144
70020145
70020146
70020147
70020148
70020149
70020150
70020151
70020152
70020153
70020154
70020155
70020156
70020157
70020158
70020159
70020160
70020161
70020162
70020163
70020164
70020165
70020166
70020167
70020168
70020169
70020170
70020171
70020172
70020173
70020174
70020175
70020176
70020177
70020178
70020179
70020180
70020181
70020182
70020183
70020184
70020185
70020186
70020187
70020188
70020189
70020190
70020191
70020192
70020193
70020194
70020195
70020196
70020197
70020198
70020199
70020200
70020201
70020202
70020203
70020204
70020205
70020206
70020207
70020208
70020209
70020210
70020211
70020212
70020213
70020214
70020215
70020216
70020217
70020218
70020219
70020220
70020221
70020222
70020223
70020224
70020225
70020226
70020227
70020228
70020229
70020230
70020231
70020232
70020233
70020234
70020235
70020236
70020237
70020238
70020239
70020240
70020241
70020242
70020243
70020244
70020245
70020246
70020247
70020248
70020249
70020250
70020251
70020252
70020253
70020254
70020255
70020256
70020257
70020258
70020259
70020260
70020261
70020262
70020263
70020264
70020265
70020266
70020267
70020268
70020269
70020270
70020271
70020272
70020273
70020274
70020275
70020276
70020277
70020278
70020279
70020280
70020281
70020282
70020283
70020284
70020285
70020286
70020287
70020288
70020289
70020290
70020291
70020292
70020293
70020294
70020295
70020296
70020297
70020298
70020299
70020300
70020301
70020302
70020303
70020304
70020305
70020306
70020307
70020308
70020309
70020310
70020311
70020312
70020313
70020314
70020315
70020316
70020317
70020318
70020319
70020320
70020321
70020322
70020323
70020324
70020325
70020326
70020327
70020328
70020329
70020330
70020331
70020332
70020333
70020334
70020335
70020336
70020337
70020338
70020339
70020340
70020341
70020342
70020343
70020344
70020345
70020346
70020347
70020348
70020349
70020350
70020351
70020352
70020353
70020354
70020355
70020356
70020357
70020358
70020359
70020360
70020361
70020362
70020363
70020364
70020365
70020366
70020367
70020368
70020369
70020370
70020371
70020372
70020373
70020374
70020375
70020376
70020377
70020378
70020379
70020380
70020381
70020382
70020383
70020384
70020385
70020386
70020387
70020388
70020389
70020390
70020391
70020392
70020393
70020394
70020395
70020396
70020397
70020398
70020399
70020400
70020401
70020402
70020403
70020404
70020405
70020406
70020407
70020408
70020409
70020410
70020411
70020412
70020413
70020414
70020415
70020416
70020417
70020418
70020419
70020420
70020421
70020422
70020423
70020424
70020425
70020426
70020427
70020428
70020429
70020430
70020431
70020432
70020433
70020434
70020435
70020436
70020437
70020438
70020439
70020440
70020441
70020442
70020443
70020444
70020445
70020446
70020447
70020448
70020449
70020450
70020451
70020452
70020453
70020454
70020455
70020456
70020457
70020458
70020459
70020460
70020461
70020462
70020463
70020464
70020465
70020466
70020467
70020468
70020469
70020470
70020471
70020472
70020473
70020474
70020475
70020476
70020477
70020478
70020479
70020480
70020481
70020482
70020483
70020484
70020485
70020486
70020487
70020488
70020489
70020490
70020491
70020492
70020493
70020494
70020495
70020496
70020497
70020498
70020499
70020500
70020501
70020502
70020503
70020504
70020505
70020506
70020507
70020508
70020509
70020510
70020511
70020512
70020513
70020514
70020515
70020516
70020517
70020518
70020519
70020520
70020521
70020522
70020523
70020524
70020525
70020526
70020527
70020528
70020529
70020530
70020531
70020532
70020533
70020534
70020535
70020536
70020537
70020538
70020539
70020540
70020541
70020542
70020543
70020544
70020545
70020546
70020547
70020548
70020549
70020550
70020551
70020552
70020553
70020554
70020555
70020556
70020557
70020558
70020559
70020560
70020561
70020562
70020563
70020564
70020565
70020566
70020567
70020568
70020569
70020570
70020571
70020572
70020573
70020574
70020575
70020576
70020577
70020578
70020579
70020580
70020581
70020582
70020583
70020584
70020585
70020587
70020588
70020589
70020590
70020591
70020592
70020593
70020594
70020595
70020596
70020597
70020598
70020599
70020600
70020601
70020602
70020603
70020604
70020605
70020606
70020607
70020608
70020609
70020610
70020611
70020612
70020613
70020614
70020615
70020616
70020617
70020618
70020619
70020620
70020621
70020622
70020623
70020624
70020625
70020626
70020627
70020628
70020629
70020630
70020631
70020632
70020633
70020634
70020635
70020636
70020637
70020638
70020639
70020640
70020641
70020642
70020643
70020644
70020645
70020646
70020647
70020648
70020649
70020650
70020651
70020652
70020653
70020654
70020655
70020656
70020657
70020658
70020659
70020660
70020661
70020662
70020663
70020664
70020665
70020666
70020667
70020668
70020669
70020670
70020671
70020672
70020673
70020674
70020675
70020676
70020677
70020678
70020679
70020680
70020681
70020682
70020683
70020684
70020685
70020686
70020687
70020688
70020689
70020690
70020691
70020692
70020693
70020694
70020695
70020696
70020697
70020698
70020699
70020700
70020701
70020702
70020703
70020704
70020705
70020706
70020707
70020708
70020709
70020710
70020711
70020712
70020713
70020714
70020715
70020716
70020717
70020718
70020719
70020720
70020721
70020722
70020723
70020724
70020725
70020726
70020727
70020728
70020729
70020730
70020731
70020732
70020733
70020734
70020735
70020736
70020737
70020738
70020739
70020740
70020741
70020742
70020743
70020744
70020745
70020746
70020747
70020748
70020749
70020750
70020751
70020752
70020753
70020754
70020755
70020756
70020757
70020758
70020759
70020760
70020761
70020762
70020763
70020764
70020765
70020766
70020767
70020768
70020769
70020770
70020771
70020772
70020773
70020774
70020775
70020776
70020777
70020778
70020779
70020780
70020781
70020782
70020783
70020784
70020785
70020786
70020787
70020788
70020789
70020790
70020791
70020792
70020793
70020794
70020795
70020796
70020797
70020798
70020799
70020800
70020801
70020802
70020803
70020804
70020805
70020806
70020807
70020808
70020809
70020810
70020811
70020812
70020813
70020814
70020815
70020816
70020817
70020818
70020819
70020820
70020821
70020822
70020823
70020824
70020825
70020826
70020827
70020828
70020829
70020830
70020831
70020832
70020833
70020834
70020835
70020836
70020837
70020838
70020839
70020840
70020841
70020842
70020843
70020844
70020845
70020846
70020847
70020848
70020849
70020850
70020851
70020852
70020853
70020854
70020855
70020856
70020857
70020858
70020859
70020860
70020861
70020862
70020863
70020864
70020865
70020866
70020867
70020868
70020869
70020870
70020871
70020872
70020873
70020874
70020875
70020876
70020877
70020878
70020879
70020880
70020881
70020882
70020883
70020884
70020885
70020886
70020887
70020888
70020889
70020890
70020891
70020892
70020893
70020894
70020895
70020896
70020897
70020898
70020899
70020900
70020901
70020902
70020903
70020904
70020905
70020906
70020907
70020908
70020909
70020910
70020911
70020912
70020913
70020914
70020915
70020916
70020917
70020918
70020919
70020920
70020921
70020922
70020923
70020924
70020925
70020926
70020927
70020928
70020929
70020930
70020931
70020932
70020933
70020934
70020935
70020936
70020937
70020938
70020939
70020940
70020941
70020942
70020943
70020944
70020945
70020946
70020947
70020948
70020949
70020950
70020951
70020952
70020953
70020954
70020955
70020956
70020957
70020958
70020959
70020960
70020961
70020962
70020963
70020964
70020965
70020966
70020967
70020968
70020969
70020970
70020971
70020972
70020973
70020974
70020975
70020976
70020977
70020978
70020979
70020980
70020981
70020982
70020983
70020984
70020985
70020986
70020987
70020988
70020989
70020990
70020991
70020992
70020993
70020994
70020995
70020996
70020997
70020998
70020999
70021000
70021001
70021002
70021003
70021004
70021005
70021006
70021007
70021008
70021009
70021010
70021011
70021012
70021013
70021014
70021015
70021016
70021017
70021018
70021019
70021020
70021021
70021022
70021023
70021024
70021025
70021026
70021027
70021028
70021029
70021030
70021031
70021032
70021033
70021034
70021035
70021036
70021037
70021038
70021039
70021040
70021041
70021042
70021043
70021044
70021045
70021046
70021047
70021048
70021049
70021050
70021051
70021052
70021053
70021054
70021055
70021056
70021057
70021058
70021059
70021060
70021061
70021062
70021063
70021064
70021065
70021066
70021067
70021068
70021069
70021070
70021071
70021072
70021073
70021074
70021075
70021076
70021077
70021078
70021079
70021080
70021081
70021082
70021083
70021084
70021085
70021086
70021087
70021088
70021089
70021090
70021091
70021092
70021093
70021094
70021095
70021096
70021097
70021098
70021099
70021100
70021101
70021102
70021103
70021104
70021105
70021106
70021107
70021108
70021109
70021110
70021111
70021112
70021113
70021114
70021115
70021116
70021117
70021118
70021119
70021120
70021121
70021122
70021123
70021124
70021125
70021126
70021127
70021128
70021129
70021130
70021131
70021132
70021133
70021134
70021135
70021136
70021137
70021138
70021139
70021140
70021141
70021142
70021143
70021144
70021145
70021146
70021147
70021148
70021149
70021150
70021151
70021152
70021153
70021154
70021155
70021156
70021157
70021158
70021159
70021160
70021161
70021162
70021163
70021164
70021165
70021166
70021167
70021168
70021169
70021170
70021171
70021172
70021173
70021174
70021175
70021176
70021177
70021178
70021179
70021180
70021181
70021182
70021183
70021184
70021185
70021186
70021187
70021188
70021189
70021190
70021191
70021192
70021193
70021194
70021195
70021196
70021197
70021198
70021199
70021200
70021201
70021202
70021203
70021204
70021205
70021206
70021207
70021208
70021209
70021210
70021211
70021212
70021213
70021214
70021215
70021216
70021217
70021218
70021219
70021220
70021221
70021222
70021223
70021224
70021225
70021226
70021227
70021228
70021229
70021230
70021231
70021232
70021233
70021234
70021235
70021236
70021237
70021238
70021239
70021240
70021241
70021242
70021243
70021244
70021245
70021246
70021247
70021248
70021249
70021250
70021251
70021252
70021253
70021254
70021255
70021256
70021257
70021258
70021259
70021260
70021261
70021262
70021263
70021264
70021265
70021266
70021267
70021268
70021269
70021270
70021271
70021272
70021273
70021274
70021275
70021276
70021277
70021278
70021279
70021280
70021281
70021282
70021283
70021284
70021285
70021286
70021287
70021288
70021289
70021290
70021291
70021292
70021293
70021294
70021295
70021296
70021297
70021298
70021299
70021300
70021301
70021302
70021303
70021304
70021305
70021306
70021307
70021308
70021309
70021310
70021311
70021312
70021313
70021314
70021315
70021316
70021317
70021318
70021320
70021321
70021322
70021323
70021324
70021325
70021326
70021327
70021328
70021329
70021330
70021331
70021332
70021333
70021334
70021335
70021336
70021337
70021338
70021339
70021340
70021341
70021342
70021343
70021344
70021345
70021346
70021347
70021348
70021349
70021350
70021351
70021352
70021353
70021354
70021355
70021356
70021357
70021358
70021359
70021360
70021361
70021362
70021363
70021364
70021365
70021366
70021367
70021368
70021369
70021370
70021371
70021372
70021373
70021374
70021375
70021376
70021377
70021378
70021379
70021380
70021381
70021382
70021383
70021384
70021385
70021386
70021387
70021388
70021389
70021390
70021391
70021392
70021394
70021395
70021396
70021397
70021398
70021399
70021400
70021401
70021402
70021403
70021404
70021405
70021406
70021407
70021408
70021409
70021410
70021411
70021412
70021413
70021414
70021415
70021416
70021417
70021418
70021419
70021420
70021421
70021422
70021423
70021424
70021425
70021426
70021427
70021428
70021429
70021430
70021431
70021432
70021433
70021434
70021435
70021436
70021437
70021438
70021439
70021440
70021441
70021442
70021443
70021444
70021445
70021446
70021447
70021448
70021449
70021450
70021451
70021452
70021453
70021454
70021455
70021456
70021457
70021458
70021459
70021460
70021461
70021462
70021463
70021464
70021465
70021466
70021467
70021468
70021469
70021470
70021471
70021472
70021473
70021474
70021475
70021476
70021477
70021478
70021479
70021480
70021481
70021482
70021483
70021484
70021485
70021486
70021487
70021488
70021489
70021490
70021491
70021492
70021493
70021494
70021495
70021496
70021497
70021498
70021499
70021500
70021501
70021502
70021503
70021504
70021505
70021506
70021507
70021508
70021509
70021510
70021511
70021512
70021513
70021514
70021515
70021516
70021517
70021518
70021519
70021520
70021521
70021522
70021523
70021524
70021525
70021526
70021527
70021528
70021529
70021530
70021531
70021532
70021533
70021534
70021535
70021536
70021537
70021538
70021539
70021540
70021541
70021542
70021543
70021544
70021545
70021546
70021547
70021548
70021549
70021550
70021551
70021552
70021553
70021554
70021555
70021556
70021557
70021558
70021559
70021560
70021561
70021562
70021563
70021564
70021565
70021566
70021567
70021568
70021569
70021570
70021571
70021572
70021573
70021574
70021575
70021576
70021577
70021578
70021579
70021580
70021581
70021582
70021583
70021584
70021585
70021586
70021587
70021588
70021589
70021590
70021591
70021592
70021593
70021594
70021595
70021596
70021597
70021598
70021599
70021600
70021601
70021602
70021603
70021604
70021605
70021606
70021607
70021608
70021609
70021610
70021611
70021612
70021613
70021614
70021615
70021616
70021617
70021618
70021619
70021620
70021621
70021622
70021623
70021624
70021625
70021626
70021627
70021628
70021629
70021630
70021631
70021632
70021633
70021634
70021635
70021636
70021637
70021638
70021639
70021640
70021641
70021642
70021643
70021644
70021645
70021646
70021647
70021648
70021649
70021650
70021651
70021652
70021653
70021654
70021655
70021656
70021657
70021658
70021659
70021660
70021661
70021662
70021663
70021664
70021665
70021666
70021667
70021668
70021669
70021670
70021671
70021672
70021673
70021674
70021675
70021676
70021677
70021678
70021679
70021680
70021681
70021682
70021683
70021684
70021685
70021686
70021687
70021688
70021689
70021690
70021691
70021692
70021693
70021694
70021695
70021696
70021697
70021698
70021699
70021700
70021701
70021702
70021703
70021704
70021705
70021706
70021707
70021708
70021709
70021710
70021711
70021712
70021713
70021714
70021715
70021716
70021717
70021718
70021719
70021720
70021721
70021722
70021723
70021724
70021725
70021726
70021727
70021728
70021729
70021730
70021731
70021732
70021733
70021734
70021735
70021736
70021737
70021738
70021739
70021740
70021741
70021742
70021743
70021744
70021745
70021746
70021747
70021748
70021749
70021750
70021751
70021752
70021753
70021754
70021755
70021756
70021757
70021758
70021759
70021760
70021761
70021762
70021763
70021764
70021765
70021766
70021767
70021768
70021769
70021770
70021771
70021772
70021773
70021774
70021775
70021776
70021777
70021778
70021779
70021780
70021781
70021782
70021783
70021784
70021785
70021786
70021787
70021788
70021789
70021790
70021791
70021792
70021793
70021795
70021796
70021797
70021798
70021799
70021800
70021801
70021802
70021803
70021804
70021805
70021806
70021807
70021808
70021809
70021810
70021811
70021812
70021813
70021814
70021815
70021816
70021817
70021818
70021819
70021820
70021821
70021822
70021823
70021824
70021825
70021826
70021827
70021828
70021829
70021830
70021831
70021832
70021833
70021834
70021835
70021836
70021837
70021838
70021839
70021840
70021841
70021842
70021843
70021844
70021845
70021846
70021847
70021848
70021849
70021850
70021851
70021852
70021853
70021854
70021855
70021856
70021857
70021858
70021859
70021860
70021861
70021862
70021863
70021864
70021865
70021866
70021867
70021868
70021869
70021870
70021871
70021872
70021873
70021874
70021875
70021876
70021877
70021878
70021879
70021880
70021881
70021882
70021883
70021884
70021885
70021886
70021887
70021888
70021889
70021890
70021891
70021892
70021893
70021894
70021895
70021896
70021897
70021898
70021899
70021900
70021901
70021902
70021903
70021904
70021905
70021906
70021907
70021908
70021909
70021910
70021911
70021912
70021913
70021914
70021915
70021916
70021917
70021918
70021919
70021920
70021921
70021922
70021923
70021924
70021925
70021926
70021927
70021929
70021930
70021931
70021932
70021933
70021934
70021935
70021936
70021937
70021938
70021939
70021940
70021941
70021942
70021943
70021944
70021945
70021946
70021947
70021948
70021949
70021950
70021951
70021952
70021953
70021954
70021955
70021956
70022000
70022001
70022002
70022003
70022004
70022005
70022006
70022007
70022008
70022009
70022010
70022011
70022012
70022013
70022014
70022015
70022016
70022017
70022018
70022019
70022020
70022021
70022022
70022023
70022024
70022025
70022026
70022027
70022028
70022029
70022030
70022031
70022032
70022033
70022034
70022035
70022036
70022037
70022038
70022039
70022040
70022041
70022042
70022043
70022044
70022045
70022046
70022047
70022048
70022049
70022050
70022051
70022052
70022053
70022054
70022055
70022056
70022057
70022058
70022059
70022060
70022061
70022062
70022063
70022064
70022065
70022066
70022067
70022068
70022069
70022070
70022071
70022072
70022073
70022074
70022075
70022076
70022077
70022078
70022079
70022080
70022081
70022082
70022083
70022084
70022085
70022086
70022087
70022088
70022089
70022090
70022091
70022092
70022093
70022094
70022095
70022096
70022097
70022098
70022099
70022100
70022101
70022102
70022103
70022104
70022105
70022106
70022107
70022108
70022109
70022110
70022111
70022112
70022113
70022114
70022115
70022116
70022117
70022118
70022119
70022120
70022121
70022122
70022123
70022124
70022125
70022126
70022127
70022128
70022129
70022130
70022131
70022132
70022133
70022134
70022135
70022136
70022137
70022138
70022139
70022140
70022141
70022142
70022143
70022144
70022145
70022146
70022147
70022148
70022149
70022150
70022151
70022152
70022153
70022154
70022155
70022156
70022157
70022158
70022159
70022160
70022161
70022162
70022163
70022164
70022165
70022166
70022167
70022168
70022169
70022170
70022176
70022177
70022178
70022179
70022180
70022181
70022182
70022183
70022184
70022185
70022186
70022187
70022188
70022189
70022190
70022192
70022193
70022194
70022195
70022196
70022197
70022198
70022199
70022200
70022201
70022202
70022203
70022204
70022205
70022206
70022207
70022208
70022209
70022210
70022211
70022212
70022213
70022214
70022215
70022216
70022217
70022218
70022219
70022220
70022221
70022222
70022223
70022224
70022225
70022226
70022227
70022228
70022229
70022230
70022231
70022232
70022233
70022234
70022235
70022236
70022237
70022238
70022239
70022240
70022241
70022242
70022243
70022244
70022245
70022246
70022247
70022248
70022249
70022250
70022251
70022252
70022253
70022254
70022255
70022256
70022257
70022258
70022259
70022260
70022261
70022262
70022263
70022264
70022265
70022266
70022267
70022268
70022269
70022270
70022271
70022272
70022273
70022274
70022275
70022276
70022277
70022278
70022279
70022280
70022281
70022282
70022283
70022284
70022285
70022286
70022287
70022288
70022289
70022290
70022291
70022292
70022293
70022294
70022295
70022296
70022297
70022298
70022299
70022300
70022301
70022302
70022303
70022304
70022305
70022306
70022307
70022308
70022309
70022310
70022311
70022312
70022313
70022314
70022315
70022316
70022317
70022318
70022319
70022320
70022321
70022322
70022323
70022324
70022325
70022326
70022327
70022328
70022329
70022330
70022331
70022332
70022333
70022334
70022335
70022336
70022337
70022338
70022339
70022340
70022341
70022342
70022343
70022344
70022345
70022346
70022347
70022348
70022349
70022350
70022351
70022352
70022353
70022354
70022355
70022356
70022357
70022358
70022359
70022360
70022361
70022362
70022363
70022364
70022365
70022366
70022367
70022368
70022369
70022370
70022371
70022372
70022373
70022374
70022375
70022376
70022377
70022378
70022379
70022380
70022381
70022382
70022383
70022384
70022385
70022386
70022387
70022388
70022389
70022390
70022391
70022392
70022393
70022394
70022395
70022396
70022397
70022398
70022399
70022400
70022401
70022402
70022403
70022404
70022405
70022406
70022407
70022408
70022409
70022410
70022411
70022412
70022413
70022414
70022415
70022416
70022417
70022418
70022419
70022420
70022421
70022422
70022423
70022424
70022425
70022426
70022427
70022428
70022429
70022430
70022431
70022432
70022433
70022434
70022435
70022436
70022437
70022438
70022439
70022440
70022441
70022442
70022443
70022444
70022445
70022446
70022447
70022448
70022449
70022450
70022451
70022452
70022453
70022454
70022455
70022456
70022457
70022458
70022459
70022460
70022461
70022462
70022463
70022464
70022465
70022466
70022467
70022468
70022469
70022470
70022471
70022472
70022473
70022474
70022476
70022477
70022478
70022479
70022480
70022481
70022482
70022483
70022484
70022485
70022486
70022487
70022488
70022489
70022490
70022491
70022492
70022493
70022494
70022495
70022496
70022497
70022498
70022499
70022500
70022501
70022502
70022503
70022504
70022505
70022506
70022507
70022508
70022510
70022511
70022512
70022513
70022515
70022516
70022517
70022518
70022520
70022521
70022522
70022523
70022524
70022525
70022526
70022527
70022528
70022529
70022530
70022531
70022532
70022533
70022534
70022535
70022536
70022537
70022538
70022539
70022540
70022541
70022542
70022543
70022544
70022545
70022546
70022549
70022550
70022551
70022552
70022553
70022554
70022555
70022556
70022557
70022558
70022559
70022560
70022561
70022562
70022563
70022564
70022565
70022566
70022567
70022568
70022569
70022570
70022571
70022572
70022573
70022574
70022575
70022576
70022577
70022578
70022579
70022580
70022581
70022582
70022583
70022584
70022585
70022586
70022587
70022588
70022589
70022590
70022591
70022592
70022593
70022594
70022595
70022596
70022597
70022598
70022599
70022601
70022602
70022603
70022604
70022605
70022606
70022607
70022608
70022609
70022610
70022611
70022612
70022613
70022614
70022615
70022616
70022617
70022618
70022619
