10057223
10057224
10057225
10057226
10057227
10057228
10057229
10057230
10057233
10057234
10057235
10057236
10057237
10057238
10057239
10057240
10057242
10057243
10057244
10057245
10057246
10057247
10057248
10057249
10057250
10057251
10057252
10057253
10057254
10057255
10057256
10057258
10057259
10057260
10057261
10057262
10057263
10057264
10057265
10057266
10057267
10057268
10057269
10057272
10057274
10057275
10057276
10057277
10057278
10057279
10057280
10057281
10057282
10057283
10057284
10057285
10057286
10057287
10057288
10057289
10057290
10057291
10057292
10057293
10057294
10057295
10057296
10057297
10057298
10057299
10057300
10057301
10057302
10057303
10057304
10057305
10057306
10057309
10057311
10057312
10057313
10057314
10057315
10057316
10057317
10057318
10057319
10057320
10057321
10057322
10057323
10057324
10057325
10057326
10057327
10057328
10057329
10057330
10057331
10057332
10057333
10057334
10057335
10057336
10057337
10057338
10057339
10057340
10057341
10057343
10057344
10057345
10057346
10057348
10057349
10057350
10057351
10057352
10057353
10057354
10057355
10057357
10057358
10057359
10057360
10057362
10057363
10057364
10057365
10057366
10057367
10057368
10057369
10057371
10057372
10057373
10057374
10057375
10057376
10057377
10057378
10057379
10057380
10057381
10057383
10057384
10057385
10057386
10057387
10057388
10057389
10057390
10057391
10057392
10057393
10057394
10057396
10057397
10057398
10057399
10057401
10057402
10057403
10057404
10057405
10057406
10057407
10057408
10057409
10057410
10057411
10057412
10057413
10057414
10057415
10057416
10057418
10057420
10057421
10057422
10057423
10057424
10057425
10057426
10057427
10057428
10057429
10057430
10057431
10057432
10057433
10057434
10057435
10057437
10057438
10057439
10057440
10057441
10057442
10057443
10057444
10057445
10057446
10057447
10057448
10057449
10057450
10057451
10057452
10057453
10057454
10057455
10057456
10057457
10057458
10057459
10057460
10057461
10057462
10057463
10057464
10057465
10057466
10057467
10057468
10057469
10057470
10057471
10057472
10057473
10057474
10057475
10057476
10057477
10057478
10057479
10057480
10057481
10057482
10057483
10057484
10057485
10057486
10057487
10057488
10057489
10057490
10057491
10057492
10057493
10057494
10057495
10057496
10057497
10057498
10057499
10057500
10057501
10057502
10057503
10057504
10057505
10057506
10057507
10057508
10057509
10057510
10057511
10057512
10057513
10057514
10057515
10057516
10057517
10057518
10057519
10057520
10057521
10057522
10057523
10057524
10057525
10057526
10057527
10057528
10057529
10057531
10057532
10057533
10057534
10057535
10057536
10057537
10057538
10057539
10057540
10057541
10057542
10057543
10057544
10057545
10057546
10057547
10057548
10057549
10057550
10057551
10057552
10057553
10057554
10057555
10057556
10057557
10057558
10057559
10057560
10057561
10057562
10057563
10057564
10057565
10057566
10057567
10057568
10057569
10057570
10057571
10057572
10057573
10057574
10057575
10057576
10057577
10057578
10057579
10057581
10057582
10057583
10057584
10057585
10057586
10057587
10057588
10057589
10057590
10057591
10057592
10057593
10057594
10057595
10057596
10057597
10057598
10057599
10057600
10057601
10057602
10057603
10057604
10057605
10057606
10057607
10057608
10057609
10057610
10057611
10057612
10057613
10057614
10057615
10057616
10057617
10057618
10057619
10057620
10057621
10057622
10057623
10057624
10057625
10057626
10057627
10057628
10057629
10057630
10057631
10057632
10057633
10057634
10057635
10057636
10057637
10057638
10057639
10057640
10057641
10057642
10057643
10057644
10057645
10057646
10057647
10057648
10057649
10057650
10057651
10057652
10057653
10057654
10057655
10057656
10057657
10057658
10057659
10057660
10057661
10057662
10057663
10057664
10057665
10057666
10057667
10057668
10057669
10057670
10057671
10057673
10057674
10057676
10057677
10057678
10057679
10057680
10057681
10057682
10057683
10057684
10057685
10057686
10057687
10057688
10057689
10057690
10057691
10057692
10057693
10057694
10057695
10057696
10057697
10057698
10057699
10057700
10057701
10057702
10057703
10057704
10057705
10057706
10057707
10057708
10057709
10057710
10057711
10057712
10057713
10057714
10057715
10057716
10057717
10057718
10057719
10057720
10057721
10057722
10057723
10057724
10057725
10057726
10057727
10057728
10057729
10057730
10057731
10057732
10057733
10057734
10057735
10057736
10057737
10057738
10057739
10057740
10057741
10057742
10057743
10057744
10057745
10057746
10057747
10057748
10057749
10057750
10057751
10057752
10057753
10057754
10057755
10057756
10057757
10057758
10057759
10057760
10057761
10057762
10057763
10057764
10057765
10057767
10057768
10057769
10057770
10057771
10057772
10057773
10057774
10057775
10057776
10057777
10057778
10057779
10057780
10057781
10057782
10057783
10057784
10057785
10057786
10057787
10057788
10057789
10057790
10057792
10057793
10057794
10057795
10057796
10057797
10057798
10057799
10057800
10057801
10057802
10057803
10057804
10057805
10057806
10057807
10057808
10057809
10057810
10057811
10057812
10057813
10057814
10057815
10057816
10057817
10057818
10057819
10057820
10057821
10057822
10057823
10057825
10057826
10057827
10057828
10057829
10057830
10057831
10057832
10057833
10057834
10057835
10057836
10057837
10057838
10057839
10057840
10057841
10057842
10057843
10057844
10057845
10057847
10057848
10057849
10057850
10057851
10057852
10057853
10057855
10057856
10057857
10057858
10057859
10057860
10057861
10057862
10057863
10057864
10057865
10057866
10057867
10057868
10057869
10057870
10057871
10057872
10057873
10057874
10057875
10057876
10057877
10057878
10057879
10057880
10057881
10057882
10057883
10057884
10057885
10057886
10057888
10057889
10057890
10057891
10057892
10057893
10057894
10057895
10057896
10057897
10057898
10057899
10057900
10057901
10057902
10057903
10057904
10057905
10057906
10057907
10057908
10057909
10057910
10057911
10057912
10057913
10057914
10057916
10057917
10057918
10057919
10057920
10057921
10057922
10057923
10057924
10057925
10057927
10057928
10057929
10057930
10057931
10057932
10057933
10057934
10057935
10057936
10057937
10057938
10057939
10057940
10057941
10057942
10057943
10057944
10057945
10057947
10057948
10057950
10057951
10057952
10057953
10057954
10057955
10057956
10057957
10057958
10057959
10057960
10057961
10057962
10057963
10057964
10057965
10057966
10057967
10057969
10057970
10057971
10057972
10057973
10057974
10057975
10057976
10057977
10057978
10057979
10057980
10057981
10057982
10057983
10057984
10057985
10057986
10057987
10057988
10057990
10057992
10057993
10057994
10057996
10057997
10057998
10057999
10058000
10058001
10058002
10058003
10058004
10058005
10058006
10058007
10058008
10058009
10058010
10058011
10058012
10058013
10058014
10058015
10058016
10058017
10058018
10058019
10058020
10058021
10058022
10058023
10058024
10058025
10058026
10058027
10058028
10058029
10058030
10058031
10058032
10058033
10058034
10058036
10058037
10058038
10058039
10058040
10058041
10058042
10058043
10058044
10058045
10058049
10058051
10058052
10058053
10058054
10058055
10058056
10058057
10058058
10058059
10058060
10058061
10058062
10058063
10058064
10058065
10058067
10058068
10058069
10058070
10058071
10058072
10058073
10058074
10058075
10058076
10058077
10058079
10058080
10058081
10058083
10058084
10058085
10058086
10058087
10058088
10058091
10058092
10058093
10058094
10058095
10058096
10058097
10058098
10058099
10058100
10058101
10058102
10058103
10058104
10058105
10058106
10058107
10058109
10058110
10058111
10058113
10058114
10058115
10058116
10058117
10058118
10058119
10058120
10058121
10058122
10058123
10058124
10058125
10058126
10058127
10058129
10058130
10058131
10058132
10058133
10058134
10058135
10058137
10058138
10058139
10058140
10058141
10058142
10058145
10058146
10058147
10058149
10058151
10058152
10058153
10058157
10058158
10058159
10058160
10058161
10058162
10058163
10058164
10058165
10058166
10058167
10058168
10058169
10058170
10058171
10058172
10058173
10058174
10058175
10058176
10058177
10058178
10058179
10058180
10058181
10058182
10058184
10058186
10058187
10058188
10058189
10058190
10058191
10058192
10058193
10058194
10058195
10058196
10058197
10058198
10058199
10058200
10058201
10058202
10058203
10058204
10058205
10058206
10058207
10058208
10058209
10058210
10058211
10058212
10058213
10058214
10058215
10058216
10058217
10058218
10058219
10058221
10058222
10058223
10058224
10058225
10058226
10058227
10058228
10058229
10058230
10058231
10058232
10058233
10058234
10058235
10058236
10058237
10058238
10058239
10058240
10058241
10058242
10058244
10058246
10058247
10058248
10058249
10058250
10058251
10058252
10058253
10058254
10058255
10058256
10058257
10058260
10058261
10058262
10058263
10058264
10058265
10058266
10058267
10058268
10058269
10058271
10058272
10058273
10058274
10058276
10058277
10058278
10058279
10058280
10058281
10058282
10058283
10058284
10058285
10058286
10058287
10058288
10058289
10058290
10058291
10058292
10058293
10058294
10058295
10058297
10058298
10058299
10058301
10058302
10058303
10058304
10058307
10058308
10058309
10058310
10058311
10058312
10058313
10058314
10058315
10058316
10058317
10058318
10058319
10058320
10058321
10058322
10058323
10058325
10058326
10058327
10058328
10058329
10058330
10058331
10058332
10058333
10058334
10058335
10058336
10058337
10058338
10058339
10058340
10058341
10058342
10058343
10058345
10058346
10058347
10058348
10058349
10058350
10058351
10058352
10058353
10058354
10058355
10058356
10058357
10058358
10058359
10058360
10058361
10058362
10058363
10058364
10058365
10058366
10058367
10058368
10058369
10058370
10058371
10058372
10058373
10058374
10058375
10058376
10058377
10058379
10058380
10058381
10058382
10058383
10058384
10058385
10058386
10058387
10058388
10058389
10058390
10058391
10058392
10058393
10058394
10058395
10058396
10058397
10058398
10058399
10058400
10058401
10058402
10058404
10058405
10058406
10058408
10058410
10058411
10058412
10058413
10058414
10058415
10058416
10058417
10058418
10058419
10058420
10058421
10058422
10058423
10058424
10058425
10058426
10058428
10058429
10058430
10058431
10058432
10058433
10058434
10058435
10058436
10058437
10058438
10058439
10058440
10058441
10058442
10058443
10058444
10058445
10058446
10058447
10058448
10058449
10058450
10058451
10058452
10058453
10058454
10058455
10058456
10058457
10058458
10058459
10058460
10058461
10058463
10058464
10058466
10058467
10058468
10058470
10058471
10058472
10058473
10058474
10058475
10058476
10058478
10058479
10058481
10058482
10058483
10058484
10058485
10058486
10058487
10058488
10058489
10058490
10058491
10058492
10058493
10058494
10058495
10058496
10058498
10058499
10058500
10058501
10058502
10058503
10058504
10058505
10058506
10058507
10058508
10058509
10058511
10058512
10058513
10058514
10058515
10058516
10058517
10058518
10058519
10058520
10058521
10058522
10058523
10058524
10058525
10058526
10058527
10058528
10058529
10058530
10058531
10058532
10058533
10058534
10058535
10058536
10058537
10058538
10058539
10058540
10058541
10058542
10058543
10058544
10058545
10058548
10058549
10058550
10058551
10058552
10058553
10058554
10058555
10058556
10058557
10058558
10058559
10058560
10058561
10058562
10058563
10058564
10058565
10058566
10058567
10058568
10058569
10058570
10058571
10058572
10058573
10058574
10058575
10058576
10058577
10058578
10058579
10058580
10058581
10058582
10058583
10058585
10058586
10058587
10058588
10058589
10058590
10058591
10058592
10058593
10058594
10058595
10058596
10058597
10058598
10058599
10058600
10058601
10058602
10058603
10058604
10058605
10058606
10058607
10058608
10058609
10058610
10058611
10058612
10058613
10058614
10058615
10058616
10058617
10058619
10058620
10058621
10058622
10058623
10058624
10058625
10058626
10058627
10058628
10058629
10058630
10058631
10058632
10058633
10058634
10058635
10058636
10058637
10058638
10058639
10058640
10058641
10058642
10058643
10058644
10058645
10058646
10058647
10058648
10058649
10058650
10058651
10058652
10058653
10058654
10058655
10058657
10058658
10058659
10058660
10058661
10058662
10058664
10058665
10058666
10058667
10058668
10058669
10058671
10058672
10058673
10058674
10058675
10058676
10058677
10058678
10058679
10058680
10058681
10058682
10058683
10058684
10058685
10058686
10058687
10058688
10058689
10058690
10058691
10058692
10058693
10058694
10058695
10058696
10058697
10058698
10058699
10058700
10058701
10058702
10058703
10058704
10058705
10058706
10058707
10058708
10058709
10058710
10058711
10058712
10058713
10058714
10058715
10058716
10058717
10058718
10058719
10058720
10058721
10058722
10058723
10058724
10058725
10058726
10058727
10058728
10058729
10058730
10058731
10058732
10058733
10058734
10058735
10058736
10058737
10058738
10058739
10058741
10058742
10058743
10058744
10058745
10058746
10058747
10058748
10058749
10058750
10058751
10058752
10058753
10058754
10058755
10058756
10058757
10058758
10058759
10058760
10058761
10058762
10058763
10058764
10058766
10058767
10058768
10058769
10058771
10058772
10058773
10058774
10058775
10058776
10058777
10058778
10058779
10058780
10058781
10058782
10058784
10058785
10058786
10058787
10058788
10058789
10058790
10058791
10058792
10058793
10058794
10058795
10058796
10058797
10058798
10058799
10058800
10058801
10058802
10058803
10058806
10058807
10058808
10058809
10058810
10058814
10058815
10058816
10058817
10058818
10058819
10058820
10058821
10058822
10058823
10058824
10058825
10058826
10058827
10058828
10058829
10058830
10058831
10058832
10058833
10058834
10058835
10058836
10058837
10058838
10058839
10058840
10058841
10058842
10058843
10058844
10058845
10058846
10058847
10058849
10058850
10058851
10058852
10058854
10058855
10058857
10058858
10058859
10058860
10058861
10058862
10058863
10058864
10058865
10058866
10058867
10058868
10058869
10058870
10058871
10058872
10058873
10058874
10058875
10058876
10058879
10058880
10058881
10058882
10058883
10058885
10058886
10058887
10058888
10058889
10058890
10058891
10058892
10058893
10058894
10058895
10058896
10058897
10058898
10058899
10058900
10058901
10058902
10058904
10058905
10058906
10058907
10058908
10058909
10058910
10058913
10058915
10058916
10058917
10058918
10058919
10058920
10058921
10058922
10058923
10058924
10058925
10058926
10058927
10058928
10058930
10058931
10058932
10058933
10058934
10058935
10058936
10058937
10058938
10058939
10058940
10058941
10058942
10058943
10058944
10058945
10058946
10058947
10058948
10058951
10058952
10058953
10058954
10058955
10058956
10058957
10058958
10058959
10058960
10058961
10058962
10058963
10058966
10058967
10058968
10058969
10058970
10058971
10058972
10058973
10058974
10058975
10058976
10058977
10058978
10058979
10058980
10058981
10058982
10058983
10058984
10058985
10058986
10058987
10058988
10058989
10058990
10058991
10058992
10058993
10058994
10058995
10058996
10058997
10058998
10058999
10059000
10059001
10059002
10059003
10059004
10059005
10059006
10059007
10059008
10059009
10059010
10059011
10059012
10059013
10059014
10059015
10059016
10059017
10059018
10059019
10059020
10059021
10059022
10059023
10059025
10059026
10059027
10059028
10059029
10059030
10059031
10059032
10059033
10059035
10059036
10059037
10059038
10059039
10059040
10059041
10059042
10059043
10059044
10059045
10059047
10059048
10059049
10059050
10059051
10059052
10059053
10059054
10059056
10059057
10059058
10059059
10059060
10059061
10059064
10059065
10059066
10059068
10059069
10059070
10059071
10059072
10059073
10059074
10059075
10059076
10059077
10059078
10059079
10059080
10059081
10059082
10059083
10059084
10059085
10059086
10059087
10059088
10059089
10059091
10059092
10059093
10059094
10059096
10059097
10059098
10059099
10059100
10059103
10059104
10059106
10059107
10059108
10059109
10059110
10059111
10059112
10059113
10059114
10059115
10059116
10059117
10059119
10059120
10059121
10059122
10059123
10059124
10059125
10059127
10059128
10059129
10059130
10059131
10059132
10059133
10059134
10059135
10059136
10059137
10059138
10059139
10059140
10059141
10059142
10059143
10059144
10059145
10059146
10059147
10059148
10059149
10059150
10059151
10059152
10059153
10059154
10059155
10059156
10059157
10059158
10059159
10059160
10059161
10059162
10059163
10059164
10059165
10059166
10059167
10059168
10059169
10059170
10059171
10059172
10059173
10059174
10059175
10059176
10059178
10059179
10059180
10059181
10059182
10059183
10059184
10059185
10059186
10059187
10059188
10059189
10059190
10059191
10059192
10059193
10059194
10059195
10059196
10059197
10059198
10059199
10059200
10059201
10059202
10059203
10059204
10059205
10059206
10059207
10059208
10059209
10059210
10059211
10059212
10059213
10059216
10059218
10059219
10059220
10059223
10059224
10059225
10059226
10059227
10059228
10059229
10059230
10059231
10059232
10059233
10059234
10059235
10059236
10059237
10059238
10059239
10059240
10059241
10059242
10059243
10059244
10059245
10059246
10059247
10059248
10059249
10059250
10059251
10059252
10059253
10059254
10059255
10059256
10059257
10059258
10059259
10059260
10059261
10059262
10059263
10059264
10059265
10059266
10059267
10059268
10059269
10059270
10059271
10059272
10059273
10059274
10059275
10059276
10059277
10059278
10059279
10059280
10059281
10059282
10059283
10059284
10059286
10059287
10059288
10059289
10059290
10059291
10059292
10059293
10059294
10059295
10059296
10059297
10059298
10059299
10059300
10059301
10059302
10059303
10059304
10059306
10059307
10059308
10059309
10059310
10059311
10059312
10059314
10059315
10059316
10059317
10059318
10059319
10059320
10059321
10059322
10059324
10059325
10059326
10059327
10059328
10059329
10059330
10059332
10059333
10059334
10059335
10059336
10059337
10059338
10059339
10059340
10059341
10059342
10059343
10059344
10059345
10059346
10059347
10059348
10059349
10059350
10059351
10059352
10059353
10059354
10059355
10059356
10059357
10059358
10059359
10059360
10059361
10059362
10059363
10059365
10059366
10059367
10059368
10059369
10059370
10059371
10059372
10059373
10059374
10059375
10059376
10059377
10059378
10059379
10059380
10059381
10059382
10059383
10059384
10059386
10059387
10059388
10059389
10059390
10059391
10059392
10059393
10059395
10059396
10059397
10059398
10059399
10059400
10059401
10059402
10059403
10059404
10059405
10059406
10059407
10059408
10059409
10059411
10059412
10059413
10059414
10059415
10059416
10059417
10059418
10059419
10059420
10059421
10059422
10059423
10059424
10059425
10059426
10059427
10059428
10059429
10059430
10059431
10059432
10059433
10059434
10059435
10059436
10059438
10059439
10059440
10059441
10059442
10059443
10059444
10059445
10059446
10059447
10059448
10059449
10059450
10059451
10059452
10059453
10059454
10059455
10059456
10059457
10059458
10059459
10059460
10059461
10059462
10059463
10059464
10059465
10059466
10059467
10059468
10059469
10059470
10059471
10059472
10059473
10059474
10059475
10059477
10059478
10059479
10059480
10059481
10059482
10059483
10059484
10059485
10059486
10059487
10059488
10059489
10059490
10059491
10059492
10059493
10059496
10059498
10059499
10059500
10059501
10059502
10059503
10059504
10059505
10059506
10059509
10059511
10059512
10059514
10059515
10059516
10059517
10059518
10059519
10059520
10059521
10059522
10059523
10059524
10059525
10059526
10059527
10059528
10059529
10059530
10059531
10059532
10059533
10059534
10059535
10059536
10059537
10059538
10059539
10059540
10059541
10059542
10059543
10059545
10059546
10059547
10059548
10059549
10059550
10059551
10059552
10059553
10059554
10059555
10059556
10059557
10059558
10059559
10059560
10059561
10059562
10059563
10059564
10059565
10059566
10059567
10059569
10059570
10059571
10059572
10059573
10059574
10059575
10059576
10059577
10059578
10059579
10059580
10059581
10059582
10059583
10059584
10059585
10059586
10059587
10059588
10059589
10059590
10059591
10059592
10059593
10059594
10059595
10059596
10059597
10059599
10059600
10059601
10059602
10059604
10059605
10059606
10059607
10059609
10059610
10059611
10059612
10059613
10059614
10059615
10059616
10059617
10059618
10059619
10059620
10059621
10059623
10059624
10059625
10059626
10059627
10059628
10059629
10059630
10059631
10059632
10059633
10059634
10059636
10059637
10059638
10059639
10059640
10059641
10059642
10059643
10059644
10059645
10059646
10059647
10059648
10059649
10059650
10059651
10059652
10059653
10059655
10059656
10059658
10059659
10059660
10059661
10059662
10059663
10059664
10059665
10059666
10059667
10059668
10059669
10059670
10059671
10059672
10059673
10059674
10059675
10059676
10059678
10059679
10059680
10059681
10059682
10059683
10059684
10059685
10059686
10059687
10059688
10059689
10059690
10059691
10059692
10059693
10059694
10059695
10059696
10059698
10059700
10059702
10059703
10059704
10059705
10059706
10059707
10059708
10059709
10059710
10059711
10059712
10059713
10059714
10059715
10059716
10059717
10059718
10059719
10059720
10059721
10059722
10059723
10059724
10059725
10059726
10059727
10059728
10059729
10059730
10059731
10059732
10059733
10059734
10059735
10059736
10059737
10059738
10059739
10059740
10059741
10059742
10059743
10059744
10059745
10059746
10059747
10059748
10059749
10059750
10059751
10059752
10059753
10059754
10059755
10059756
10059757
10059758
10059759
10059760
10059761
10059762
10059763
10059764
10059765
10059766
10059767
10059768
10059770
10059772
10059773
10059774
10059775
10059777
10059778
10059779
10059780
10059781
10059782
10059783
10059784
10059785
10059786
10059787
10059788
10059789
10059790
10059791
10059792
10059793
10059795
10059796
10059797
10059798
10059799
10059800
10059801
10059802
10059804
10059805
10059806
10059807
10059808
10059810
10059811
10059813
10059814
10059815
10059816
10059817
10059818
10059819
10059820
10059821
10059823
10059824
10059825
10059826
10059827
10059828
10059829
10059830
10059831
10059832
10059833
10059834
10059835
10059836
10059837
10059838
10059839
10059840
10059841
10059842
10059843
10059844
10059845
10059846
10059847
10059848
10059849
10059850
10059851
10059852
10059854
10059855
10059856
10059857
10059858
10059859
10059860
10059861
10059862
10059864
10059865
10059866
10059867
10059868
10059869
10059870
10059871
10059872
10059873
10059874
10059875
10059876
10059877
10059878
10059879
10059880
10059881
10059882
10059883
10059884
10059885
10059886
10059887
10059888
10059889
10059890
10059891
10059892
10059893
10059894
10059895
10059896
10059897
10059898
10059899
10059900
10059901
10059902
10059903
10059904
10059905
10059906
10059908
10059909
10059910
10059911
10059913
10059915
10059916
10059917
10059918
10059919
10059920
10059921
10059922
10059923
10059924
10059925
10059926
10059927
10059929
10059930
10059931
10059932
10059933
10059935
10059936
10059937
10059938
10059939
10059940
10059941
10059942
10059943
10059944
10059945
10059946
10059947
10059948
10059949
10059950
10059951
10059952
10059953
10059955
10059956
10059957
10059958
10059959
10059960
10059961
10059962
10059963
10059964
10059965
10059966
10059967
10059968
10059969
10059970
10059971
10059972
10059973
10059974
10059975
10059976
10059978
10059979
10059980
10059982
10059984
10059986
10059987
10059988
10059989
10059992
10059993
10059994
10059995
10059996
10059997
10059998
10059999
10060000
10060001
10060002
10060003
10060004
10060005
10060006
10060007
10060008
10060009
10060010
10060011
10060012
10060013
10060014
10060016
10060017
10060018
10060019
10060020
10060021
10060022
10060023
10060024
10060025
10060027
10060028
10060029
10060030
10060031
10060032
10060033
10060034
10060035
10060037
10060038
10060039
10060040
10060041
10060042
10060044
10060045
10060046
10060047
10060048
10060050
10060051
10060052
10060053
10060054
10060055
10060056
10060057
10060058
10060059
10060060
10060061
10060062
10060063
10060064
10060065
10060066
10060067
10060068
10060069
10060071
10060072
10060073
10060074
10060075
10060076
10060077
10060078
10060079
10060080
10060081
10060084
10060085
10060086
10060087
10060088
10060089
10060090
10060091
10060092
10060093
10060095
10060096
10060097
10060098
10060100
10060101
10060102
10060103
10060104
10060105
10060106
10060107
10060108
10060109
10060110
10060111
10060112
10060113
10060114
10060115
10060116
10060117
10060118
10060119
10060120
10060121
10060122
10060124
10060125
10060126
10060127
10060128
10060129
10060130
10060131
10060132
10060133
10060134
10060135
10060136
10060137
10060138
10060139
10060141
10060142
10060143
10060144
10060145
10060148
10060149
10060150
10060151
10060152
10060153
10060154
10060155
10060156
10060157
10060158
10060159
10060160
10060161
10060162
10060163
10060164
10060165
10060166
10060167
10060168
10060169
10060170
10060171
10060172
10060173
10060174
10060175
10060176
10060177
10060178
10060179
10060180
10060181
10060182
10060183
10060184
10060185
10060186
10060187
10060188
10060189
10060190
10060191
10060192
10060193
10060194
10060195
10060196
10060197
10060198
10060199
10060200
10060201
10060202
10060203
10060204
10060205
10060206
10060207
10060208
10060209
10060212
10060213
10060214
10060215
10060216
10060217
10060218
10060219
10060220
10060221
10060222
10060223
10060224
10060225
10060226
10060227
10060228
10060229
10060230
10060231
10060232
10060233
10060234
10060235
10060236
10060237
10060238
10060239
10060240
10060242
10060243
10060244
10060246
10060247
10060248
10060249
10060250
10060251
10060252
10060253
10060255
10060256
10060257
10060258
10060259
10060260
10060261
10060262
10060263
10060264
10060265
10060266
10060267
10060268
10060269
10060270
10060271
10060272
10060273
10060274
10060275
10060276
10060277
10060278
10060279
10060280
10060281
10060282
10060283
10060284
10060285
10060286
10060287
10060288
10060289
10060290
10060291
10060292
10060293
10060294
10060295
10060296
10060297
10060298
10060299
10060300
10060301
10060302
10060303
10060304
10060305
10060306
10060307
10060308
10060309
10060310
10060311
10060312
10060313
10060314
10060315
10060316
10060317
10060318
10060319
10060320
10060321
10060322
10060323
10060324
10060325
10060326
10060327
10060328
10060329
10060330
10060331
10060332
10060333
10060334
10060335
10060336
10060337
10060338
10060339
10060340
10060341
10060342
10060343
10060345
10060346
10060347
10060348
10060349
10060350
10060351
10060352
10060353
10060354
10060355
10060356
10060357
10060358
10060359
10060360
10060361
10060362
10060363
10060364
10060365
10060366
10060368
10060369
10060370
10060371
10060372
10060373
10060374
10060375
10060376
10060377
10060378
10060379
10060380
10060381
10060382
10060383
10060384
10060385
10060386
10060388
10060389
10060390
10060391
10060392
10060393
10060394
10060396
10060397
10060398
10060399
10060400
10060401
10060402
10060403
10060404
10060405
10060406
10060407
10060408
10060409
10060410
10060411
10060412
10060413
10060414
10060415
10060416
10060417
10060418
10060419
10060420
10060421
10060422
10060423
10060424
10060425
10060426
10060427
10060428
10060429
10060431
10060432
10060433
10060434
10060435
10060436
10060437
10060438
10060439
10060440
10060441
10060442
10060443
10060444
10060446
10060447
10060448
10060449
10060450
10060451
10060452
10060453
10060454
10060455
10060456
10060457
10060458
10060459
10060461
10060462
10060463
10060464
10060465
10060466
10060467
10060468
10060469
10060470
10060471
10060472
10060473
10060474
10060475
10060476
10060477
10060478
10060479
10060480
10060481
10060482
10060483
10060484
10060485
10060486
10060487
10060488
10060489
10060490
10060491
10060492
10060493
10060494
10060495
10060496
10060497
10060498
10060499
10060500
10060501
10060502
10060503
10060504
10060505
10060506
10060507
10060508
10060509
10060510
10060511
10060512
10060513
10060514
10060515
10060516
10060517
10060518
10060519
10060521
10060522
10060523
10060524
10060525
10060526
10060527
10060528
10060529
10060530
10060531
10060532
10060533
10060534
10060535
10060536
10060537
10060538
10060539
10060540
10060541
10060542
10060543
10060544
10060545
10060547
10060548
10060549
10060550
10060551
10060552
10060553
10060554
10060555
10060556
10060557
10060558
10060559
10060560
10060561
10060562
10060563
10060564
10060566
10060567
10060570
10060571
10060572
10060573
10060575
10060576
10060577
10060578
10060579
10060581
10060582
10060583
10060585
10060586
10060587
10060588
10060589
10060590
10060591
10060592
10060593
10060594
10060595
10060596
10060597
10060598
10060599
10060600
10060601
10060602
10060603
10060604
10060605
10060606
10060607
10060608
10060610
10060611
10060612
10060613
10060614
10060615
10060616
10060617
10060618
10060619
10060620
10060621
10060622
10060623
10060624
10060625
10060626
10060628
10060630
10060631
10060632
10060633
10060634
10060635
10060636
10060637
10060639
10060640
10060641
10060642
10060643
10060644
10060645
10060646
10060647
10060648
10060650
10060651
10060652
10060653
10060654
10060655
10060656
10060657
10060660
10060661
10060662
10060665
10060666
10060667
10060668
10060669
10060670
10060671
10060672
10060674
10060675
10060676
10060677
10060679
10060680
10060681
10060682
10060684
10060685
10060686
10060688
10060689
10060690
10060692
10060693
10060694
10060695
10060696
10060697
10060698
10060699
10060700
10060701
10060702
10060703
10060704
10060705
10060706
10060707
10060708
10060709
10060710
10060711
10060712
10060714
10060715
10060716
10060717
10060718
10060719
10060720
10060721
10060722
10060723
10060724
10060725
10060726
10060727
10060728
10060729
10060730
10060731
10060732
10060733
10060734
10060735
10060736
10060737
10060738
10060739
10060740
10060741
10060742
10060743
10060744
10060745
10060746
10060748
10060749
10060750
10060752
10060753
10060755
10060756
10060757
10060758
10060759
10060760
10060761
10060762
10060763
10060764
10060765
10060766
10060767
10060768
10060769
10060771
10060772
10060773
10060774
10060776
10060777
10060778
10060779
10060780
10060781
10060782
10060783
10060784
10060785
10060786
10060787
10060788
10060789
10060791
10060793
10060794
10060795
10060797
10060799
10060800
10060801
10060802
10060803
10060804
10060805
10060806
10060807
10060809
10060810
10060814
10060815
10060816
10060817
10060819
10060820
10060821
10060822
10060823
10060824
10060825
10060826
10060827
10060828
10060829
10060830
10060831
10060832
10060833
10060834
10060835
10060836
10060837
10060839
10060840
10060841
10060842
10060843
10060844
10060845
10060846
10060847
10060848
10060851
10060854
10060856
10060857
10060858
10060859
10060860
10060862
10060863
10060865
10060866
10060867
10060868
10060869
10060870
10060871
10060872
10060873
10060874
10060875
10060876
10060879
10060880
10060881
10060882
10060883
10060884
10060885
10060886
10060887
10060888
10060889
10060890
10060892
10060893
10060894
10060895
10060896
10060897
10060898
10060899
10060900
10060901
10060902
10060903
10060904
10060906
10060907
10060908
10060909
10060910
10060911
10060912
10060913
10060914
10060915
10060916
10060917
10060918
10060919
10060920
10060921
10060922
10060923
10060924
10060925
10060926
10060927
10060928
10060930
10060931
10060932
10060933
10060934
10060935
10060936
10060937
10060938
10060939
10060940
10060941
10060942
10060943
10060944
10060945
10060946
10060947
10060948
10060949
10060951
10060952
10060954
10060957
10060958
10060959
10060960
10060961
10060962
10060963
10060964
10060965
10060966
10060967
10060968
10060969
10060970
10060971
10060972
10060974
10060976
10060978
10060980
10060981
10060982
10060983
10060984
10060985
10060987
10060988
10060989
10060990
10060991
10060992
10060993
10060994
10060995
10060996
10060997
10060998
10060999
10061001
10061002
10061003
10061004
10061005
10061006
10061007
10061008
10061009
10061010
10061012
10061014
10061015
10061016
10061017
10061018
10061019
10061020
10061021
10061023
10061024
10061026
10061027
10061028
10061029
10061030
10061031
10061032
10061033
10061034
10061035
10061036
10061037
10061038
10061039
10061040
10061041
10061042
10061043
10061044
10061045
10061047
10061048
10061049
10061050
10061051
10061052
10061053
10061054
10061055
10061056
10061057
10061059
10061060
10061062
10061063
10061064
10061065
10061067
10061068
10061069
10061070
10061071
10061072
10061073
10061074
10061075
10061076
10061077
10061079
10061080
10061082
10061083
10061084
10061086
10061087
10061088
10061089
10061090
10061091
10061092
10061093
10061094
10061096
10061097
10061098
10061099
10061100
10061101
10061102
10061103
10061104
10061105
10061106
10061107
10061108
10061109
10061110
10061111
10061112
10061113
10061114
10061115
10061116
10061117
10061118
10061119
10061120
10061121
10061122
10061123
10061124
10061125
10061126
10061127
10061128
10061129
10061130
10061131
10061132
10061133
10061134
10061135
10061136
10061137
10061138
10061139
10061140
10061141
10061142
10061143
10061144
10061145
10061146
10061147
10061148
10061149
10061150
10061151
10061152
10061153
10061156
10061157
10061158
10061159
10061160
10061161
10061162
10061163
10061164
10061165
10061166
10061167
10061168
10061169
10061170
10061171
10061172
10061173
10061174
10061175
10061176
10061177
10061178
10061179
10061181
10061182
10061183
10061184
10061185
10061186
10061187
10061188
10061189
10061190
10061191
10061192
10061193
10061194
10061196
10061197
10061198
10061199
10061200
10061201
10061202
10061203
10061204
10061205
10061206
10061207
10061208
10061209
10061210
10061211
10061212
10061213
10061214
10061216
10061217
10061218
10061219
10061220
10061221
10061222
10061223
10061224
10061225
10061226
10061227
10061228
10061229
10061230
10061231
10061232
10061233
10061234
10061235
10061236
10061237
10061238
10061239
10061240
10061242
10061243
10061244
10061245
10061246
10061247
10061248
10061249
10061250
10061252
10061253
10061254
10061255
10061256
10061257
10061258
10061259
10061260
10061261
10061262
10061263
10061264
10061265
10061266
10061267
10061268
10061269
10061270
10061271
10061272
10061273
10061274
10061275
10061276
10061277
10061278
10061279
10061280
10061281
10061282
10061283
10061284
10061285
10061286
10061287
10061288
10061290
10061292
10061294
10061297
10061298
10061299
10061300
10061301
10061302
10061303
10061304
10061305
10061306
10061307
10061308
10061309
10061310
10061311
10061312
10061314
10061315
10061316
10061317
10061318
10061319
10061320
10061322
10061323
10061324
10061325
10061326
10061327
10061328
10061329
10061330
10061331
10061332
10061333
10061334
10061335
10061336
10061337
10061338
10061339
10061340
10061341
10061342
10061343
10061344
10061346
10061349
10061350
10061351
10061352
10061353
10061354
10061355
10061356
10061357
10061358
10061359
10061361
10061362
10061363
10061364
10061365
10061366
10061367
10061368
10061369
10061370
10061374
10061375
10061376
10061378
10061379
10061380
10061381
10061382
10061383
10061385
10061386
10061387
10061390
10061391
10061392
10061393
10061394
10061395
10061397
10061398
10061399
10061400
10061401
10061402
10061403
10061405
10061406
10061407
10061409
10061410
10061411
10061412
10061413
10061414
10061416
10061417
10061418
10061419
10061420
10061421
10061422
10061423
10061424
10061425
10061426
10061427
10061428
10061429
10061430
10061431
10061433
10061434
10061435
10061436
10061437
10061438
10061439
10061440
10061441
10061442
10061443
10061444
10061445
10061446
10061448
10061449
10061450
10061451
10061452
10061453
10061454
10061455
10061456
10061457
10061458
10061459
10061460
10061461
10061462
10061463
10061464
10061465
10061466
10061467
10061468
10061469
10061470
10061471
10061473
10061474
10061475
10061477
10061478
10061479
10061480
10061481
10061482
10061483
10061484
10061485
10061486
10061488
10061490
10061491
10061492
10061493
10061494
10061495
10061496
10061497
10061498
10061499
10061500
10061501
10061504
10061505
10061506
10061508
10061509
10061510
10061511
10061512
10061513
10061514
10061515
10061516
10061517
10061518
10061519
10061520
10061521
10061522
10061523
10061524
10061527
10061528
10061529
10061530
10061531
10061532
10061533
10061534
10061535
10061536
10061537
10061538
10061540
10061541
10061542
10061543
10061544
10061545
10061546
10061547
10061548
10061549
10061550
10061551
10061552
10061553
10061554
10061555
10061556
10061557
10061558
10061559
10061560
10061561
10061562
10061563
10061564
10061565
10061566
10061568
10061569
10061570
10061571
10061572
10061573
10061574
10061575
10061576
10061578
10061579
10061580
10061581
10061582
10061583
10061584
10061586
10061587
10061589
10061590
10061591
10061592
10061593
10061596
10061598
10061599
10061600
10061602
10061603
10061604
10061605
10061606
10061607
10061608
10061609
10061610
10061611
10061612
10061613
10061614
10061616
10061617
10061618
10061619
10061620
10061621
10061622
10061623
10061624
10061625
10061626
10061627
10061628
10061629
10061630
10061631
10061632
10061634
10061635
10061636
10061637
10061638
10061639
10061640
10061641
10061642
10061643
10061644
10061645
10061646
10061647
10061648
10061649
10061650
10061651
10061652
10061653
10061654
10061655
10061656
10061657
10061658
10061659
10061660
10061661
10061662
10061663
10061664
10061665
10061666
10061667
10061668
10061669
10061670
10061671
10061672
10061673
10061674
10061675
10061676
10061678
10061679
10061680
10061681
10061682
10061683
10061684
10061685
10061686
10061687
10061688
10061689
10061690
10061691
10061692
10061693
10061694
10061695
10061696
10061697
10061698
10061699
10061700
10061701
10061702
10061703
10061704
10061705
10061706
10061707
10061708
10061709
10061711
10061712
10061714
10061715
10061716
10061717
10061718
10061719
10061720
10061721
10061722
10061723
10061724
10061725
10061726
10061727
10061728
10061731
10061732
10061733
10061735
10061736
10061737
10061738
10061739
10061740
10061741
10061742
10061743
10061744
10061746
10061748
10061749
10061750
10061751
10061752
10061753
10061755
10061757
10061758
10061759
10061760
10061761
10061763
10061764
10061766
10061767
10061768
10061769
10061770
10061772
10061773
10061774
10061775
10061777
10061778
10061779
10061780
10061781
10061782
10061783
10061784
10061786
10061787
10061788
10061789
10061791
10061792
10061793
10061794
10061795
10061796
10061797
10061800
10061801
10061802
10061804
10061805
10061806
10061807
10061808
10061809
10061810
10061811
10061813
10061815
10061816
10061817
10061818
10061819
10061820
10061821
10061822
10061823
10061824
10061825
10061826
10061827
10061828
10061829
10061830
10061831
10061832
10061833
10061834
10061835
10061836
10061837
10061838
10061839
10061840
10061841
10061842
10061843
10061844
10061845
10061846
10061847
10061848
10061850
10061851
10061852
10061853
10061854
10061855
10061856
10061857
10061858
10061860
10061861
10061862
10061863
10061864
10061865
10061866
10061867
10061871
10061872
10061873
10061874
10061875
10061876
10061877
10061878
10061879
10061880
10061881
10061882
10061885
10061886
10061888
10061889
10061890
10061891
10061892
10061893
10061894
10061895
10061896
10061897
10061898
10061899
10061900
10061902
10061903
10061904
10061905
10061906
10061907
10061909
10061910
10061911
10061912
10061913
10061914
10061915
10061916
10061917
10061918
10061920
10061921
10061922
10061923
10061924
10061925
10061926
10061927
10061928
10061929
10061930
10061931
10061932
10061933
10061934
10061935
10061936
10061937
10061938
10061939
10061942
10061943
10061944
10061945
10061946
10061947
10061948
10061949
10061950
10061951
10061952
10061953
10061954
10061955
10061956
10061957
10061958
10061959
10061960
10061961
10061962
10061963
10061964
10061965
10061966
10061967
10061968
10061969
10061970
10061971
10061972
10061973
10061974
10061976
10061977
10061978
10061979
10061980
10061981
10061982
10061983
10061985
10061986
10061987
10061988
10061989
10061990
10061991
10061992
10061993
10061994
10061996
10061997
10061998
10061999
10062000
10062001
10062002
10062003
10062004
10062005
10062006
10062007
10062008
10062009
10062010
10062011
10062012
10062013
10062014
10062015
10062016
10062018
10062019
10062020
10062021
10062022
10062023
10062024
10062025
10062026
10062027
10062028
10062029
10062030
10062031
10062032
10062033
10062034
10062035
10062036
10062037
10062038
10062039
10062040
10062041
10062042
10062043
10062044
10062045
10062046
10062047
10062048
10062049
10062050
10062051
10062052
10062053
10062055
10062056
10062057
10062058
10062059
10062060
10062061
10062062
10062063
10062065
10062066
10062067
10062068
10062069
10062070
10062071
10062072
10062074
10062075
10062076
10062077
10062078
10062082
10062083
10062084
10062085
10062086
10062087
10062088
10062089
10062090
10062091
10062092
10062093
10062094
10062095
10062096
10062097
10062098
10062099
10062100
10062101
10062102
10062103
10062104
10062105
10062106
10062110
10062111
10062112
10062113
10062114
10062115
10062116
10062117
10062118
10062119
10062120
10062121
10062122
10062123
10062124
10062125
10062126
10062127
10062128
10062129
10062132
10062134
10062135
10062136
10062137
10062138
10062139
10062140
10062141
10062142
10062143
10062144
10062145
10062146
10062147
10062149
10062150
10062151
10062152
10062153
10062154
10062155
10062156
10062158
10062159
10062160
10062161
10062162
10062163
10062164
10062165
10062166
10062168
10062169
10062170
10062172
10062173
10062174
10062175
10062176
10062177
10062178
10062179
10062180
10062181
10062182
10062183
10062184
10062185
10062186
10062187
10062188
10062189
10062190
10062191
10062192
10062193
10062194
10062195
10062196
10062197
10062198
10062199
10062200
10062201
10062202
10062203
10062204
10062205
10062206
10062207
10062208
10062209
10062211
10062212
10062213
10062214
10062215
10062216
10062217
10062218
10062219
10062220
10062221
10062222
10062223
10062224
10062227
10062228
10062229
10062230
10062231
10062232
10062233
10062234
10062235
10062236
10062237
10062238
10062239
10062240
10062241
10062242
10062243
10062246
10062247
10062250
10062251
10062252
10062253
10062254
10062255
10062256
10062257
10062258
10062259
10062260
10062261
10062263
10062264
10062265
10062266
10062267
10062268
10062269
10062270
10062271
10062272
10062273
10062274
10062275
10062276
10062277
10062278
10062280
10062281
10062282
10062283
10062285
10062286
10062287
10062288
10062289
10062290
10062291
10062292
10062293
10062294
10062295
10062296
10062297
10062298
10062299
10062301
10062303
10062304
10062305
10062306
10062307
10062308
10062309
10062310
10062311
10062312
10062313
10062314
10062315
10062316
10062317
10062318
10062319
10062320
10062321
10062322
10062323
10062324
10062325
10062326
10062328
10062329
10062330
10062331
10062332
10062333
10062334
10062335
10062336
10062337
10062339
10062340
10062341
10062342
10062343
10062344
10062346
10062347
10062348
10062349
10062350
10062351
10062352
10062354
10062355
10062356
10062357
10062358
10062359
10062360
10062361
10062362
10062363
10062364
10062365
10062366
10062367
10062368
10062369
10062371
10062372
10062373
10062374
10062375
10062376
10062377
10062378
10062380
10062381
10062382
10062383
10062384
10062385
10062386
10062387
10062388
10062389
10062390
10062391
10062392
10062393
10062395
10062396
10062397
10062398
10062399
10062400
10062401
10062403
10062404
10062405
10062406
10062407
10062408
10062409
10062410
10062411
10062412
10062413
10062414
10062415
10062416
10062417
10062419
10062420
10062421
10062422
10062423
10062424
10062425
10062426
10062427
10062429
10062430
10062431
10062432
10062433
10062434
10062435
10062436
10062437
10062438
10062439
10062440
10062441
10062442
10062443
10062444
10062445
10062446
10062447
10062448
10062449
10062450
10062451
10062452
10062453
10062454
10062455
10062456
10062457
10062459
10062460
10062461
10062463
10062464
10062465
10062466
10062467
10062468
10062469
10062470
10062471
10062472
10062473
10062474
10062475
10062476
10062477
10062478
10062479
10062482
10062483
10062486
10062487
10062488
10062489
10062490
10062491
10062492
10062493
10062494
10062495
10062496
10062497
10062499
10062500
10062501
10062502
10062503
10062504
10062505
10062506
10062507
10062509
10062511
10062512
10062513
10062514
10062515
10062516
10062517
10062519
10062520
10062521
10062522
10062523
10062524
10062525
10062526
10062527
10062528
10062529
10062530
10062531
10062532
10062533
10062534
10062535
10062536
10062538
10062539
10062540
10062541
10062542
10062543
10062544
10062545
10062546
10062547
10062548
10062549
10062550
10062551
10062552
10062553
10062554
10062555
10062556
10062557
10062559
10062560
10062561
10062562
10062563
10062564
10062565
10062566
10062567
10062568
10062569
10062570
10062571
10062572
10062573
10062574
10062575
10062576
10062577
10062578
10062579
10062580
10062581
10062582
10062583
10062584
10062585
10062587
10062589
10062590
10062591
10062592
10062593
10062594
10062595
10062596
10062597
10062598
10062599
10062600
10062601
10062602
10062603
10062604
10062605
10062606
10062608
10062609
10062610
10062611
10062612
10062613
10062614
10062615
10062616
10062617
10062618
10062619
10062620
10062621
10062622
10062623
10062624
10062625
10062626
10062627
10062628
10062629
10062630
10062631
10062632
10062633
10062635
10062636
10062637
10062639
10062640
10062641
10062642
10062644
10062645
10062647
10062648
10062649
10062650
10062651
10062652
10062653
10062654
10062655
10062656
10062657
10062658
10062659
10062660
10062661
10062662
10062663
10062664
10062665
10062666
10062668
10062669
10062670
10062671
10062672
10062673
10062674
10062675
10062676
10062677
10062678
10062679
10062680
10062681
10062682
10062683
10062684
10062686
10062687
10062688
10062689
10062691
10062692
10062693
10062694
10062695
10062696
10062697
10062698
10062699
10062700
10062701
10062702
10062703
10062705
10062706
10062707
10062710
10062711
10062712
10062714
10062715
10062716
10062717
10062718
10062719
10062720
10062721
10062722
10062723
10062724
10062725
10062726
10062727
10062729
10062730
10062731
10062732
10062733
10062734
10062735
10062736
10062737
10062738
10062739
10062740
10062741
10062742
10062743
10062744
10062745
10062746
10062747
10062748
10062749
10062750
10062751
10062752
10062753
10062754
10062755
10062756
10062757
10062758
10062759
10062760
10062761
10062762
10062764
10062765
10062766
10062767
10062768
10062769
10062770
10062771
10062772
10062773
10062774
10062775
10062776
10062778
10062779
10062780
10062781
10062783
10062784
10062785
10062786
10062787
10062788
10062789
10062790
10062791
10062792
10062793
10062794
10062795
10062796
10062797
10062800
10062801
10062802
10062803
10062804
10062805
10062806
10062807
10062808
10062809
10062810
10062811
10062812
10062813
10062814
10062815
10062816
10062817
10062818
10062819
10062820
10062821
10062822
10062823
10062825
10062826
10062827
10062828
10062829
10062830
10062831
10062832
10062833
10062834
10062835
10062836
10062837
10062838
10062840
10062841
10062842
10062843
10062844
10062845
10062846
10062847
10062848
10062849
10062850
10062851
10062852
10062853
10062854
10062855
10062856
10062857
10062858
10062859
10062860
10062861
10062862
10062863
10062864
10062865
10062866
10062867
10062868
10062869
10062870
10062872
10062873
10062876
10062877
10062878
10062879
10062880
10062881
10062882
10062884
10062885
10062886
10062888
10062889
10062893
10062894
10062895
10062897
10062899
10062900
10062901
10062902
10062903
10062904
10062906
10062907
10062908
10062909
10062910
10062911
10062912
10062914
10062915
10062918
10062919
10062920
10062922
10062923
10062925
10062926
10062927
10062929
10062932
10062933
10062935
10062937
10062938
10062939
10062940
10062941
10062942
10062944
10062945
10062946
10062947
10062948
10062949
10062951
10062952
10062953
10062954
10062955
10062956
10062957
10062958
10062959
10062960
10062961
10062962
10062963
10062964
10062965
10062966
10062967
10062969
10062971
10062972
10062973
10062974
10062975
10062976
10062977
10062978
10062979
10062980
10062981
10062982
10062983
10062985
10062986
10062987
10062988
10062989
10062990
10062991
10062992
10062993
10062994
10062995
10062996
10062997
10062998
10062999
10063000
10063001
10063002
10063003
10063004
10063005
10063006
10063007
10063008
10063010
10063011
10063012
10063013
10063014
10063015
10063016
10063017
10063018
10063019
10063020
10063021
10063022
10063023
10063025
10063026
10063027
10063028
10063029
10063030
10063031
10063032
10063033
10063034
10063035
10063036
10063037
10063038
10063039
10063040
10063041
10063042
10063044
10063045
10063046
10063047
10063048
10063049
10063050
10063051
10063052
10063053
10063054
10063055
10063056
10063057
10063058
10063059
10063060
10063061
10063062
10063063
10063064
10063066
10063068
10063069
10063070
10063072
10063073
10063074
10063075
10063076
10063077
10063078
10063079
10063080
10063081
10063082
10063083
10063084
10063085
10063086
10063087
10063088
10063089
10063090
10063091
10063092
10063093
10063094
10063095
10063096
10063097
10063098
10063099
10063100
10063101
10063102
10063103
10063104
10063105
10063106
10063107
10063108
10063109
10063110
10063112
10063113
10063114
10063115
10063116
10063117
10063118
10063119
10063120
10063121
10063122
10063123
10063124
10063125
10063126
10063130
10063131
10063132
10063133
10063134
10063135
10063136
10063137
10063138
10063139
10063140
10063141
10063142
10063143
10063144
10063145
10063146
10063147
10063148
10063150
10063151
10063152
10063153
10063155
10063156
10063157
10063158
10063159
10063160
10063161
10063162
10063163
10063164
10063166
10063167
10063168
10063169
10063170
10063171
10063172
10063173
10063174
10063175
10063176
10063177
10063178
10063179
10063180
10063181
10063182
10063183
10063184
10063185
10063186
10063187
10063188
10063189
10063190
10063191
10063192
10063195
10063196
10063197
10063198
10063199
10063200
10063201
10063202
10063203
10063204
10063206
10063208
10063209
10063210
10063211
10063212
10063213
10063214
10063215
10063216
10063217
10063218
10063219
10063220
10063221
10063222
10063223
10063225
10063226
10063227
10063228
10063229
10063230
10063231
10063232
10063233
10063234
10063235
10063236
10063237
10063238
10063239
10063240
10063241
10063243
10063244
10063245
10063246
10063247
10063248
10063250
10063251
10063252
10063254
10063255
10063256
10063257
10063258
10063259
10063260
10063261
10063262
10063263
10063264
10063266
10063268
10063270
10063271
10063272
10063273
10063274
10063275
10063276
10063277
10063278
10063279
10063280
10063281
10063282
10063283
10063284
10063285
10063286
10063287
10063288
10063289
10063290
10063291
10063292
10063293
10063294
10063295
10063296
10063297
10063298
10063299
10063300
10063301
10063302
10063303
10063304
10063305
10063306
10063307
10063308
10063309
10063310
10063311
10063312
10063313
10063314
10063315
10063316
10063317
10063318
10063319
10063320
10063321
10063322
10063323
10063324
10063325
10063326
10063327
10063329
10063330
10063332
10063333
10063334
10063335
10063336
10063337
10063338
10063339
10063340
10063341
10063342
10063343
10063344
10063345
10063346
10063347
10063348
10063349
10063350
10063351
10063352
10063353
10063354
10063355
10063356
10063357
10063358
10063359
10063360
10063361
10063362
10063363
10063364
10063365
10063366
10063367
10063368
10063369
10063370
10063371
10063372
10063373
10063374
10063375
10063376
10063377
10063378
10063379
10063380
10063381
10063382
10063383
10063384
10063385
10063386
10063387
10063388
10063389
10063390
10063391
10063392
10063393
10063394
10063395
10063396
10063397
10063398
10063399
10063400
10063401
10063402
10063403
10063404
10063405
10063406
10063407
10063408
10063409
10063410
10063411
10063412
10063413
10063414
10063415
10063418
10063419
10063420
10063421
10063422
10063425
10063426
10063427
10063428
10063429
10063430
10063431
10063432
10063433
10063434
10063435
10063436
10063437
10063439
10063440
10063441
10063442
10063444
10063445
10063446
10063447
10063448
10063449
10063450
10063452
10063453
10063454
10063455
10063456
10063457
10063458
10063459
10063460
10063461
10063462
10063463
10063464
10063465
10063466
10063467
10063468
10063469
10063470
10063471
10063472
10063473
10063474
10063476
10063477
10063478
10063479
10063480
10063481
10063482
10063483
10063484
10063486
10063487
10063488
10063489
10063490
10063491
10063492
10063494
10063495
10063496
10063497
10063498
10063499
10063500
10063501
10063502
10063503
10063504
10063505
10063506
10063507
10063508
10063509
10063510
10063511
10063512
10063514
10063516
10063517
10063518
10063519
10063520
10063521
10063522
10063523
10063524
10063525
10063526
10063527
10063528
10063529
10063530
10063531
10063532
10063533
10063534
10063535
10063536
10063537
10063538
10063539
10063540
10063541
10063542
10063543
10063544
10063545
10063547
10063548
10063550
10063551
10063552
10063553
10063554
10063555
10063556
10063557
10063558
10063559
10063560
10063561
10063562
10063563
10063564
10063565
10063566
10063567
10063568
10063569
10063571
10063573
10063574
10063575
10063577
10063578
10063580
10063581
10063582
10063583
10063584
10063585
10063586
10063587
10063588
10063589
10063590
10063591
10063592
10063593
10063594
10063595
10063596
10063597
10063598
10063599
10063601
10063603
10063604
10063605
10063606
10063607
10063608
10063609
10063610
10063611
10063612
10063613
10063614
10063615
10063616
10063617
10063618
10063619
10063621
10063622
10063623
10063624
10063625
10063626
10063627
10063628
10063629
10063630
10063631
10063632
10063633
10063634
10063635
10063636
10063638
10063641
10063642
10063643
10063644
10063645
10063646
10063647
10063648
10063649
10063650
10063651
10063652
10063653
10063654
10063655
10063656
10063657
10063658
10063659
10063661
10063662
10063663
10063665
10063666
10063667
10063668
10063669
10063670
10063671
10063672
10063673
10063674
10063675
10063676
10063678
10063679
10063680
10063681
10063683
10063684
10063685
10063686
10063687
10063688
10063689
10063690
10063691
10063692
10063693
10063694
10063695
10063696
10063697
10063699
10063700
10063701
10063702
10063703
10063704
10063705
10063707
10063708
10063709
10063710
10063711
10063712
10063713
10063714
10063715
10063716
10063717
10063718
10063719
10063721
10063722
10063723
10063724
10063725
10063726
10063727
10063728
10063729
10063730
10063731
10063732
10063733
10063734
10063735
10063736
10063737
10063739
10063740
10063741
10063743
10063744
10063745
10063746
10063747
10063748
10063749
10063752
10063753
10063754
10063755
10063756
10063757
10063758
10063760
10063761
10063762
10063763
10063765
10063766
10063767
10063768
10063770
10063771
10063773
10063774
10063775
10063776
10063777
10063778
10063779
10063780
10063781
10063782
10063783
10063784
10063785
10063786
10063787
10063788
10063789
10063790
10063791
10063792
10063793
10063794
10063795
10063796
10063797
10063798
10063799
10063800
10063801
10063802
10063803
10063804
10063805
10063808
10063809
10063810
10063811
10063812
10063813
10063814
10063815
10063816
10063817
10063818
10063819
10063820
10063823
10063825
10063826
10063827
10063828
10063829
10063830
10063831
10063832
10063833
10063834
10063835
10063836
10063837
10063838
10063839
10063840
10063841
10063842
10063843
10063844
10063845
10063846
10063847
10063848
10063849
10063850
10063851
10063852
10063854
10063855
10063856
10063858
10063859
10063860
10063861
10063862
10063863
10063864
10063865
10063866
10063867
10063868
10063869
10063870
10063872
10063875
10063877
10063878
10063879
10063881
10063882
10063883
10063884
10063885
10063886
10063887
10063888
10063889
10063893
10063894
10063895
10063896
10063897
10063899
10063901
10063902
10063903
10063904
10063906
10063909
10063910
10063911
10063912
10063913
10063914
10063915
10063916
10063917
10063918
10063919
10063920
10063921
10063922
10063923
10063924
10063925
10063926
10063928
10063929
10063930
10063931
10063933
10063934
10063935
10063936
10063937
10063938
10063939
10063940
10063941
10063942
10063944
10063946
10063947
10063948
10063949
10063951
10063952
10063953
10063954
10063955
10063956
10063957
10063958
10063959
10063960
10063961
10063962
10063963
10063964
10063965
10063966
10063967
10063968
10063969
10063970
10063972
10063973
10063974
10063975
10063976
10063977
10063978
10063979
10063980
10063981
10063982
10063983
10063984
10063985
10063986
10063987
10063988
10063989
10063990
10063991
10063993
10063994
10063995
10063997
10063998
10063999
10064000
10064001
10064002
10064003
10064004
10064005
10064006
10064007
10064008
10064009
10064010
10064011
10064012
10064013
10064015
10064016
10064018
10064019
10064020
10064022
10064023
10064024
10064025
10064026
10064027
10064028
10064029
10064030
10064031
10064032
10064033
10064034
10064035
10064036
10064037
10064038
10064039
10064040
10064041
10064042
10064043
10064044
10064046
10064047
10064048
10064049
10064050
10064051
10064052
10064053
10064054
10064055
10064056
10064057
10064059
10064060
10064061
10064063
10064065
10064066
10064067
10064068
10064069
10064070
10064071
10064072
10064073
10064074
10064075
10064076
10064077
10064078
10064079
10064080
10064081
10064084
10064085
10064086
10064087
10064088
10064089
10064090
10064091
10064092
10064093
10064094
10064095
10064096
10064097
10064098
10064099
10064100
10064102
10064103
10064104
10064105
10064106
10064108
10064109
10064110
10064111
10064113
10064114
10064116
10064117
10064118
10064119
10064120
10064121
10064122
10064123
10064124
10064125
10064127
10064128
10064129
10064131
10064132
10064133
10064135
10064136
10064137
10064138
10064139
10064140
10064141
10064142
10064143
10064144
10064146
10064148
10064149
10064150
10064152
10064154
10064155
10064156
10064157
10064158
10064159
10064160
10064161
10064162
10064163
10064164
10064165
10064167
10064168
10064169
10064170
10064171
10064172
10064173
10064174
10064175
10064176
10064179
10064180
10064181
10064182
10064184
10064185
10064186
10064187
10064189
10064191
10064192
10064193
10064194
10064195
10064196
10064197
10064198
10064199
10064200
10064201
10064202
10064203
10064204
10064206
10064207
10064208
10064209
10064210
10064211
10064212
10064213
10064215
10064216
10064218
10064221
10064222
10064223
10064224
10064226
10064228
10064229
10064230
10064231
10064232
10064235
10064236
10064237
10064238
10064239
10064241
10064242
10064244
10064245
10064246
10064247
10064248
10064251
10064252
10064253
10064254
10064255
10064256
10064257
10064258
10064261
10064262
10064263
10064264
10064265
10064266
10064267
10064268
10064269
10064270
10064271
10064272
10064273
10064274
10064275
10064276
10064277
10064278
10064279
10064280
10064281
10064282
10064284
10064288
10064289
10064290
10064291
10064292
10064293
10064294
10064295
10064296
10064297
10064298
10064299
10064300
10064301
10064302
10064303
10064304
10064305
10064307
10064308
10064309
10064310
10064311
10064312
10064313
10064314
10064315
10064316
10064317
10064318
10064320
10064321
10064322
10064323
10064324
10064326
10064327
10064328
10064329
10064330
10064331
10064332
10064333
10064334
10064335
10064336
10064337
10064339
10064340
10064341
10064343
10064344
10064345
10064346
10064348
10064349
10064350
10064351
10064352
10064353
10064354
10064355
10064356
10064357
10064358
10064359
10064360
10064361
10064362
10064363
10064364
10064365
10064366
10064367
10064368
10064369
10064370
10064371
10064372
10064373
10064374
10064375
10064376
10064377
10064378
10064379
10064380
10064381
10064382
10064383
10064384
10064385
10064386
10064387
10064388
10064389
10064390
10064392
10064394
10064395
10064396
10064397
10064398
10064399
10064400
10064402
10064403
10064404
10064405
10064406
10064407
10064408
10064409
10064410
10064411
10064412
10064413
10064414
10064415
10064416
10064417
10064418
10064419
10064420
10064421
10064422
10064423
10064424
10064425
10064427
10064429
10064430
10064431
10064432
10064433
10064434
10064435
10064436
10064437
10064438
10064439
10064440
10064441
10064445
10064447
10064450
10064451
10064452
10064453
10064454
10064455
10064456
10064457
10064458
10064459
10064460
10064461
10064462
10064463
10064464
10064465
10064468
10064470
10064471
10064472
10064474
10064475
10064476
10064477
10064479
10064480
10064481
10064482
10064484
10064486
10064487
10064493
10064494
10064496
10064497
10064498
10064499
10064500
10064501
10064502
10064503
10064505
10064511
10064512
10064513
10064514
10064515
10064516
10064517
10064518
10064519
10064520
10064521
10064526
10064533
10064534
10064535
10064536
10064537
10064538
10064540
10064542
10064543
10064544
10064545
10064546
10064548
10064549
10064550
10064551
10064552
10064553
10064554
10064555
10064556
10064557
10064558
10064559
10064560
10064561
10064562
10064563
10064566
10064570
10064572
10064573
10064574
10064579
10064580
10064581
10064582
10064583
10064584
10064585
10064586
10064587
10064588
10064589
10064590
10064597
10064601
10064602
10064604
10064605
10064606
10064607
10064608
10064609
10064610
10064611
10064612
10064613
10064614
10064615
10064616
10064619
10064620
10064624
10064625
10064626
10064627
10064628
10064629
10064630
10064631
10064632
10064633
10064634
10064635
10064636
10064637
10064638
10064641
10064644
10064645
10064646
10064647
10064648
10064649
10064650
10064651
10064652
10064653
10064654
10064655
10064656
10064657
10064658
10064660
10064661
10064664
10064665
10064666
10064667
10064668
10064669
10064670
10064671
10064672
10064674
10064675
10064676
10064677
10064678
10064679
10064680
10064681
10064682
10064683
10064684
10064685
10064686
10064687
10064692
10064694
10064695
10064697
10064701
10064704
10064705
10064706
10064707
10064708
10064710
10064711
10064712
10064713
10064714
10064715
10064716
10064717
10064718
10064719
10064720
10064721
10064724
10064727
10064728
10064729
10064730
10064731
10064732
10064733
10064734
10064735
10064736
10064737
10064738
10064739
10064740
10064742
10064743
10064744
10064746
10064747
10064756
10064757
10064758
10064759
10064760
10064761
10064762
10064764
10064765
10064766
10064767
10064768
10064769
10064770
10064778
10064779
10064780
10064781
10064782
10064783
10064784
10064785
10064786
10064787
10064788
10064789
10064790
10064791
10064792
10064793
10064794
10064795
10064796
10064797
10064798
10064799
10064800
10064801
10064805
10064806
10064807
10064808
10064809
10064810
10064811
10064812
10064813
10064814
10064815
10064816
10064817
10064818
10064819
10064822
10064823
10064824
10064825
10064827
10064828
10064829
10064830
10064832
10064833
10064835
10064836
10064837
10064838
10064840
10064841
10064843
10064844
10064845
10064846
10064847
10064848
10064849
10064850
10064851
10064852
10064853
10064854
10064857
10064858
10064859
10064860
10064861
10064862
10064863
10064864
10064865
10064866
10064867
10064869
10064870
10064871
10064873
10064874
10064876
10064877
10064878
10064879
10064881
10064882
10064883
10064884
10064885
10064886
10064887
10064888
10064889
10064890
10064893
10064895
10064896
10064897
10064898
10064899
10064900
10064901
10064902
10064903
10064904
10064905
10064906
10064907
10064908
10064909
10064910
10064911
10064912
10064913
10064914
10064915
10064916
10064917
10064918
10064919
10064920
10064921
10064922
10064923
10064924
10064925
10064926
10064927
10064928
10064929
10064930
10064931
10064932
10064933
10064934
10064935
10064936
10064937
10064938
10064939
10064940
10064942
10064944
10064946
10064947
10064948
10064950
10064951
10064952
10064953
10064954
10064955
10064956
10064957
10064958
10064961
10064962
10064963
10064964
10064965
10064966
10064967
10064968
10064969
10064970
10064971
10064972
10064973
10064974
10064975
10064976
10064977
10064978
10064979
10064980
10064981
10064982
10064984
10064985
10064986
10064987
10064988
10064989
10064990
10064991
10064992
10064993
10064994
10064995
10064996
10064997
10064998
10064999
10065000
10065001
10065002
10065003
10065004
10065005
10065007
10065008
10065009
10065010
10065011
10065013
10065014
10065015
10065016
10065017
10065018
10065019
10065020
10065021
10065022
10065023
10065024
10065025
10065028
10065029
10065030
10065032
10065033
10065034
10065035
10065036
10065037
10065038
10065040
10065041
10065042
10065043
10065044
10065045
10065046
10065047
10065048
10065049
10065053
10065054
10065055
10065057
10065058
10065059
10065060
10065061
10065062
10065063
10065064
10065065
10065066
10065067
10065068
10065069
10065070
10065072
10065074
10065075
10065076
10065078
10065079
10065080
10065082
10065083
10065084
10065085
10065086
10065087
10065088
10065089
10065090
10065091
10065092
10065093
10065094
10065096
10065099
10065101
10065102
10065103
10065104
10065105
10065106
10065107
10065108
10065109
10065110
10065111
10065112
10065113
10065114
10065115
10065116
10065126
10065127
10065128
10065129
10065130
10065131
10065132
10065133
10065134
10065135
10065136
10065137
10065138
10065139
10065140
10065141
10065142
10065143
10065144
10065150
10065151
10065153
10065154
10065155
10065156
10065157
10065158
10065159
10065160
10065161
10065162
10065163
10065164
10065165
10065166
10065167
10065168
10065169
10065174
10065175
10065176
10065180
10065182
10065187
10065188
10065189
10065190
10065191
10065192
10065193
10065194
10065195
10065196
10065197
10065198
10065199
10065200
10065205
10065206
10065207
10065209
10065210
10065211
10065213
10065214
10065215
10065216
10065217
10065218
10065219
10065220
10065221
10065222
10065223
10065225
10065226
10065228
10065229
10065230
10065231
10065234
10065236
10065238
10065239
10065240
10065241
10065242
10065243
10065244
10065245
10065246
10065247
10065248
10065249
10065250
10065252
10065253
10065254
10065255
10065256
10065257
10065258
10065259
10065260
10065261
10065262
10065263
10065266
10065268
10065270
10065271
10065272
10065273
10065274
10065275
10065276
10065277
10065278
10065279
10065280
10065281
10065282
10065283
10065284
10065285
10065288
10065289
10065291
10065292
10065293
10065295
10065296
10065297
10065298
10065299
10065300
10065302
10065303
10065304
10065305
10065306
10065307
10065308
10065309
10065311
10065313
10065314
10065315
10065316
10065317
10065319
10065320
10065321
10065322
10065323
10065324
10065325
10065326
10065327
10065328
10065329
10065330
10065331
10065332
10065335
10065337
10065338
10065342
10065346
10065350
10065351
10065352
10065353
10065354
10065355
10065357
10065358
10065361
10065362
10065366
10065367
10065368
10065369
10065370
10065371
10065372
10065373
10065374
10065375
10065376
10065377
10065378
10065379
10065384
10065385
10065386
10065389
10065390
10065392
10065393
10065394
10065396
10065397
10065398
10065399
10065400
10065401
10065402
10065403
10065404
10065405
10065406
10065410
10065415
10065417
10065420
10065421
10065422
10065423
10065424
10065425
10065426
10065427
10065428
10065429
10065430
10065431
10065432
10065433
10065434
10065435
10065436
10065437
10065438
10065441
10065444
10065445
10065447
10065451
10065452
10065453
10065454
10065456
10065457
10065458
10065460
10065461
10065462
10065463
10065464
10065465
10065466
10065467
10065469
10065471
10065475
10065477
10065478
10065479
10065481
10065482
10065483
10065484
10065485
10065486
10065487
10065488
10065489
10065491
10065493
10065494
10065495
10065496
10065499
10065500
10065501
10065502
10065503
10065504
10065505
10065506
10065507
10065508
10065509
10065512
10065513
10065514
10065519
10065520
10065521
10065522
10065523
10065524
10065525
10065526
10065527
10065528
10065529
10065530
10065531
10065535
10065540
10065541
10065542
10065543
10065544
10065545
10065546
10065547
10065548
10065549
10065550
10065554
10065555
10065556
10065557
10065558
10065559
10065560
10065561
10065562
10065563
10065564
10065565
10065566
10065567
10065569
10065570
10065571
10065572
10065574
10065575
10065576
10065577
10065578
10065579
10065580
10065581
10065582
10065583
10070030
10070031
10070035
10070037
10070038
10070040
10070041
10070042
10070043
10070044
10070045
10070046
10070047
10070146
10070149
10070150
10070156
10070157
10070158
10070159
10070160
10070161
10070162
10070163
10070195
10070258
10070259
10070260
10070261
10070262
10070263
10070264
10070265
10070266
10070267
10070268
10070314
10070368
10070369
10070370
10070372
10070373
10070374
10070375
10070376
10070377
10070379
10070380
10070381
10070382
10070383
10070457
10070507
10070508
10070513
10070514
10070516
10070518
10070521
10070522
10070523
10070524
10070525
10070527
10070637
10070639
10070642
10070645
10070646
10070647
10070648
10070649
10070650
10070651
10070652
10070653
10070654
10070655
10070656
10070713
10070776
10070778
10070782
10070783
10070784
10070785
10070786
10070787
10070788
10070789
10070790
10070791
10070792
10070793
10070794
10070795
10070796
10070797
10070798
10070807
10070948
10070949
10070950
10070951
10070952
10070953
10070954
10070955
10070956
10070957
10070958
10070959
10070961
10070962
10070963
10070964
10070966
10070967
10070968
10070969
10071001
10071068
10071070
10071071
10071072
10071073
10071074
10071075
10071076
10071077
10071078
10071080
10071081
10071082
10071084
10071085
10071086
10071087
10071088
10071201
10071202
10071208
10071209
10071210
10071211
10071212
10071213
10071214
10071215
10071216
10071217
10071218
10071219
10071220
10071221
10071222
10071224
10071225
10071226
10071342
10071343
10071344
10071345
10071346
10071347
10071348
10071349
10071350
10071351
10071352
10071353
10071354
10071355
10071356
10071357
10071358
10071359
10071360
10071361
10071362
10071363
10071364
10071365
10071468
10071472
10071474
10071475
10071477
10071478
10071479
10071480
10071481
10071482
10071483
10071485
10071486
10071487
10071488
10071489
10071490
10071491
10071584
10071628
10071631
10071635
10071636
10071637
10071638
10071639
10071640
10071642
10071643
10071644
10071645
10071646
10071647
10071648
10071689
10071691
10071692
10071693
10071735
10071739
10071740
10071749
10071750
10071751
10071752
10071753
10071759
10071760
10071761
10071763
10071764
10071921
10071927
10071929
10071930
10071931
10071932
10071933
10071934
10071935
10071936
10071937
10071938
10071939
10071940
10071941
10071942
10071943
10071944
10071945
10072063
10072065
10072066
10072067
10072068
10072070
10072071
10072072
10072073
10072074
10072075
10072076
10072077
10072078
10072079
10072204
10072205
10072207
10072209
10072210
10072211
10072214
10072216
10072217
10072218
10072219
10072221
10072222
10072295
10072296
10072361
10072365
10072367
10072368
10072369
10072370
10072371
10072372
10072373
10072374
10072375
10072376
10072377
10072378
10072399
10072523
10072524
10072527
10072529
10072531
10072532
10072533
10072534
10072535
10072536
10072631
10072633
10072634
10072637
10072638
10072642
10072644
10072645
10072646
10072647
10072648
10072649
10072650
10072651
10072652
10072653
10072654
10072655
10072762
10072778
10072781
10072782
10072783
10072784
10072785
10072786
10072787
10072788
10072789
10072790
10072791
10072792
10072793
10072794
10072795
10072796
10072797
10072798
10072952
10072954
10072955
10072956
10072958
10072959
10072960
10072961
10072962
10072963
10072964
10072965
10072966
10072967
10072968
10072969
10072970
10072971
10072991
10072995
10073080
10073085
10073086
10073087
10073088
10073089
10073091
10073092
10073093
10073094
10073095
10073096
10073097
10073098
10073100
10073101
10073102
10073236
10073243
10073244
10073247
10073248
10073249
10073250
10073251
10073252
10073253
10073254
10073255
10073256
10073257
10073258
10073401
10073402
10073404
10073408
10073409
10073410
10073411
10073412
10073413
10073414
10073415
10073416
10073417
10073418
10073419
10073420
10073421
10073422
10073423
10073424
10073425
10073426
10073427
10073528
10073530
10073532
10073533
10073536
10073537
10073538
10073540
10073541
10073542
10073543
10073544
10073545
10073546
10073547
10073548
10073549
10073550
10073551
10073552
10073553
10073665
10073667
10073668
10073669
10073670
10073671
10073674
10073677
10073679
10073680
10073681
10073682
10073683
10073684
10073685
10073686
10073687
10073689
10073690
10073709
10073802
10073815
10073816
10073817
10073818
10073819
10073820
10073821
10073822
10073824
10073825
10073826
10073927
10073931
10073932
10073933
10073935
10073936
10073937
10073938
10073939
10074048
10074050
10074051
10074052
10074053
10074054
10074055
10074056
10074057
10074058
10074059
10074190
10074192
10074193
10074194
10074195
10074197
10074198
10074199
10074200
10074201
10074202
10074203
10074204
10074309
10074312
10074313
10074314
10074317
10074318
10074319
10074321
10074322
10074323
10074324
10074325
10074328
10074426
10074427
10074428
10074429
10074430
10074431
10074432
10074433
10074434
10074435
10074538
10074539
10074554
10074558
10074559
10074560
10074561
10074562
10074563
10074564
10074565
10074566
10074567
10074568
10074569
10074570
10074571
10074638
10074681
10074688
10074689
10074690
10074691
10074692
10074693
10074694
10074695
10074696
10074697
10074698
10074699
10074740
10074741
10074825
10074826
10074827
10074832
10074833
10074834
10074835
10074836
10074837
10074838
10074839
10074840
10074841
10074842
10074939
10074940
10074942
10074943
10074945
10074948
10074949
10074950
10074951
10074952
10074953
10074954
10074955
10074956
10074957
10074958
10074959
10075063
10075067
10075070
10075071
10075072
10075073
10075074
10075075
10075076
10075193
10075195
10075196
10075197
10075198
10075203
10075204
10075205
10075206
10075207
10075208
10075209
10075210
10075211
10075212
10075213
10075214
10075216
10075237
10075324
10075326
10075327
10075329
10075330
10075331
10075332
10075333
10075334
10075335
10075336
10075337
10075338
10075339
10075340
10075341
10075342
10075362
10075363
10075441
10075442
10075443
10075444
10075445
10075446
10075447
10075448
10075449
10075450
10075451
10075452
10075453
10075454
10075455
10075456
10075457
10075459
10075460
10075577
10075578
10075579
10075580
10075581
10075582
10075583
10075584
10075585
10075586
10075587
10075588
10075589
10075590
10075591
10075592
10075593
10075594
10075595
10075596
10075598
10075712
10075714
10075718
10075720
10075721
10075722
10075723
10075724
10075725
10075726
10075728
10075729
10075730
10075731
10075732
10075733
10075734
10075821
10075823
10075826
10075827
10075828
10075829
10075830
10075831
10075832
10075833
10075834
10075835
10075836
10075837
10075838
10075839
10075841
10075842
10075843
10075967
10075971
10075975
10075976
10075978
10075979
10075980
10075981
10075982
10075983
10075984
10075985
10075986
10075987
10075989
10075990
10075991
10075992
10075993
10076118
10076120
10076123
10076126
10076127
10076128
10076130
10076131
10076132
10076133
10076134
10076135
10076136
10076137
10076139
10076140
10076141
10076203
10076254
10076268
10076269
10076271
10076272
10076273
10076274
10076276
10076277
10076278
10076279
10076280
10076281
10076283
10076284
10076376
10076402
10076403
10076404
10076405
10076407
10076408
10076409
10076412
10076413
10076414
10076415
10076416
10076417
10076418
10076419
10076420
10076421
10076422
10076423
10076424
10076544
10076545
10076552
10076553
10076555
10076556
10076557
10076558
10076559
10076560
10076561
10076562
10076563
10076565
10076566
10076567
10076568
10076630
10076631
10076632
10076633
10076703
10076704
10076706
10076707
10076708
10076709
10076710
10076711
10076712
10076713
10076714
10076715
10076716
10076721
10076722
10076724
10076725
10076726
10076727
10076728
10076729
10076730
10076790
10076863
10076868
10076870
10076871
10076872
10076873
10076874
10076875
10076876
10076877
10076879
10076880
10076881
10076882
10076883
10076968
10076969
10076970
10076971
10076975
10076976
10076977
10076978
10076979
10076980
10076982
10076983
10076984
10077075
10077076
10077077
10077080
10077081
10077082
10077083
10077084
10077085
10077086
10077087
10077089
10077090
10077091
10077094
10077230
10077232
10077233
10077234
10077235
10077236
10077237
10077238
10077239
10077240
10077241
10077349
10077353
10077354
10077355
10077357
10077358
10077359
10077360
10077361
10077362
10077363
10077364
10077365
10077475
10077500
10077504
10077505
10077506
10077507
10077508
10077509
10077510
10077511
10077512
10077513
10077514
10077515
10077516
10077611
10077612
10077613
10077614
10077615
10077617
10077618
10077619
10077620
10077621
10077622
10077623
10077744
10077745
10077746
10077747
10077749
10077750
10077751
10077752
10077753
10077754
10077755
10077756
10077757
10077758
10077759
10077762
10077763
10077764
10077876
10077883
10077884
10077886
10077887
10077888
10077889
10077890
10077891
10077892
10077893
10077894
10077915
10078018
10078019
10078020
10078021
10078022
10078023
10078024
10078025
10078027
10078028
10078029
10078030
10078031
10078032
10078033
10078034
10078035
10078036
10078037
10078038
10078039
10078160
10078164
10078165
10078166
10078167
10078168
10078170
10078171
10078172
10078173
10078174
10078175
10078176
10078177
10078178
10078179
10078180
10078181
10078287
10078306
10078307
10078308
10078316
10078317
10078320
10078321
10078327
10078329
10078330
10078331
10078336
10078337
10078338
10078339
10078340
10078341
10078342
10078343
10078344
10078345
10078346
10078347
10078378
10078450
10078451
10078501
10078503
10078504
10078505
10078506
10078508
10078509
10078510
10078511
10078512
10078513
10078514
10078515
10078516
10078517
10078518
10078519
10078520
10078521
10078540
10078542
10078607
10078608
10078627
10078629
10078630
10078631
10078633
10078634
10078635
10078636
10078637
10078638
10078639
10078640
10078641
10078642
10078674
10078675
10078676
10078677
10078678
10078753
10078754
10078785
10078786
10078787
10078788
10078789
10078791
10078793
10078794
10078795
10078796
10078797
10078798
10078799
10078936
10078937
10078938
10078939
10078941
10078942
10078944
10078945
10078946
10078948
10078949
10078951
10078952
10078953
10078954
10078955
10078956
10078957
10078958
10078959
10078960
10078961
10078962
10079079
10079082
10079083
10079102
10079104
10079105
10079106
10079107
10079108
10079109
10079110
10079111
10079112
10079113
10079114
10079115
10079116
10079117
10079118
10079119
10079121
10079123
10079124
10079125
10079126
10079238
10079242
10079245
10079246
10079247
10079248
10079249
10079250
10079251
10079252
10079253
10079254
10079255
10079256
10079257
10079258
10079259
10079260
10079261
10079262
10079263
10079264
10079265
10079268
10079420
10079421
10079423
10079424
10079425
10079427
10079428
10079429
10079430
10079431
10079432
10079435
10079436
10079438
10079439
10079440
10079441
10079442
10079443
10079580
10079581
10079582
10079586
10079587
10079588
10079589
10079590
10079593
10079594
10079595
10079596
10079597
10079598
10079599
10079600
10079601
10079602
10079603
10079722
10079723
10079724
10079726
10079727
10079728
10079729
10079730
10079732
10079733
10079734
10079756
10079776
10079845
10079846
10079916
10079917
10079918
10079920
10079921
10079922
10079926
10079927
10079928
10079929
10079930
10079931
10079932
10079933
10079934
10079935
10080028
10080043
10080044
10080045
10080046
10080047
10080048
10080049
10080050
10080052
10080053
10080054
10080055
10080056
10080058
10080060
10080061
10080062
10080196
10080197
10080198
10080199
10080200
10080202
10080203
10080204
10080205
10080206
10080207
10080208
10080209
10080210
10080211
10080212
10080213
10080214
10080215
10080219
10080350
10080354
10080355
10080356
10080357
10080358
10080360
10080361
10080362
10080363
10080364
10080366
10080367
10080368
10080369
10080382
10080389
10080390
10080391
10080393
10080395
10080513
10080514
10080515
10080516
10080517
10080518
10080519
10080520
10080521
10080522
10080660
10080661
10080662
10080663
10080665
10080666
10080667
10080668
10080669
10080670
10080672
10080673
10080674
10080675
10080676
10080796
10080798
10080828
10080829
10080830
10080831
10080832
10080833
10080835
10080836
10080837
10080838
10080839
10080840
10080841
10080842
10080843
10080844
10080845
10080846
10080847
10080848
10080849
10080880
10080883
10080886
10080910
10080913
10080933
10080934
10080935
10080939
10080956
10080957
10080958
10080959
10080961
10080962
10080963
10080964
10080965
10080966
10080967
10080968
10080969
10080970
10080971
10080972
10080973
10080974
10080975
10081016
10081019
10081021
10081048
10081101
10081102
10081103
10081104
10081105
10081107
10081108
10081109
10081110
10081111
10081112
10081113
10081114
10081115
10081116
10081223
10081227
10081228
10081229
10081230
10081231
10081232
10081233
10081234
10081235
10081236
10081237
10081238
10081239
10081314
10081317
10081318
10081328
10081330
10081331
10081332
10081333
10081335
10081336
10081337
10081338
10081339
10081340
10081341
10081342
10081343
10081344
10081381
10081447
10081448
10081450
10081451
10081452
10081454
10081456
10081457
10081458
10081459
10081494
10081551
10081554
10081555
10081558
10081572
10081573
10081574
10081603
10081605
10081606
10081607
10081608
10081609
10081610
10081611
10081612
10081613
10081614
10081615
10081616
10081617
10081618
10081619
10081620
10081621
10081622
10081623
10081624
10081625
10081648
10081649
10081725
10081727
10081728
10081729
10081731
10081732
10081733
10081734
10081735
10081736
10081737
10081738
10081740
10081741
10081742
10081743
10081744
10081745
10081746
10081747
10081748
10081749
10081880
10081884
10081886
10081887
10081888
10081889
10081890
10081891
10081892
10081893
10081894
10081895
10082003
10082004
10082008
10082010
10082011
10082012
10082013
10082014
10082015
10082016
10082017
10082018
10082019
10082020
10082021
10082022
10082105
10082106
10082107
10082108
10082109
10082110
10082111
10082112
10082113
10082114
10082115
10082116
10082117
10082118
10082119
10082120
10082121
10082122
10082256
10082257
10082258
10082261
10082263
10082264
10082266
10082267
10082268
10082269
10082270
10082271
10082272
10082273
10082274
10082275
10082276
10082277
10082278
10082279
10082280
10082281
10082413
10082416
10082417
10082420
10082423
10082428
10082429
10082430
10082431
10082432
10082433
10082434
10082435
10082436
10082437
10082438
10082439
10082440
10082441
10082442
10082443
10082444
10082446
10082447
10082448
10082449
10082466
10082518
10082557
10082560
10082563
10082564
10082566
10082567
10082568
10082569
10082570
10082571
10082572
10082573
10082575
10082701
10082702
10082703
10082705
10082706
10082707
10082708
10082709
10082710
10082711
10082712
10082713
10082714
10082715
10082787
10082841
10082842
10082844
10082845
10082846
10082847
10082848
10082849
10082850
10082851
10082853
10082854
10082855
10082856
10082857
10082858
10082859
10082984
10082988
10082989
10082990
10082991
10082992
10082993
10082994
10082995
10082996
10082997
10082998
10082999
10083124
10083125
10083128
10083129
10083130
10083132
10083133
10083134
10083135
10083136
10083137
10083138
10083139
10083140
10083141
10083196
10083219
10083221
10083280
10083283
10083284
10083285
10083286
10083287
10083288
10083289
10083290
10083291
10083292
10083293
10083294
10083295
10083296
10083297
10083298
10083299
10083300
10083302
10083303
10083304
10083309
10083385
10083388
10083389
10083390
10083391
10083392
10083393
10083394
10083395
10083396
10083397
10083398
10083399
10083400
10083530
10083531
10083532
10083533
10083534
10083535
10083536
10083537
10083538
10083539
10083540
10083541
10083542
10083543
10083544
10083665
10083666
10083668
10083669
10083670
10083671
10083672
10083674
10083675
10083676
10083677
10083678
10083679
10083824
10083830
10083831
10083832
10083833
10083834
10083835
10083836
10083837
10083838
10083839
10083980
10083981
10083982
10083983
10083984
10083985
10083986
10083987
10083988
10083989
10083990
10083991
10083992
10083993
10083994
10083995
10083996
10083997
10083998
10083999
10084126
10084127
10084153
10084154
10084156
10084161
10084162
10084167
10084168
10084169
10084170
10084171
10084172
10084173
10084174
10084175
10084176
10084177
10084178
10084179
10084180
10084181
10084182
10084183
10084184
10084185
10084195
10084258
10084279
10084280
10084283
10084285
10084288
10084289
10084291
10084292
10084293
10084297
10084298
10084299
10084445
10084447
10084448
10084449
10084450
10084451
10084452
10084453
10084454
10084455
10084456
10084457
10084458
10084459
10084460
10084462
10084463
10084464
10084465
10084466
10084468
10084469
10084470
10084471
10084472
10084610
10084613
10084616
10084617
10084618
10084620
10084621
10084622
10084623
10084624
10084625
10084626
10084627
10084628
10084629
10084630
10084631
10084632
10084633
10084652
10084653
10084750
10084752
10084757
10084758
10084759
10084760
10084762
10084763
10084764
10084765
10084766
10084767
10084768
10084769
10084770
10084771
10084772
10084773
10084774
10084775
10084776
10084777
10084778
10084779
10084782
10084947
10084953
10084954
10084955
10084957
10084958
10084959
10084960
10084961
10084962
10084963
10084964
10084965
10084966
10084967
10084968
10084969
10084970
10084971
10084972
10084973
10084974
10085025
10085053
10085054
10085060
10085062
10085064
10085065
10085066
10085067
10085069
10085072
10085073
10085075
10085076
10085077
10085078
10085079
10085080
10085081
10085204
10085205
10085206
10085208
10085209
10085211
10085212
10085213
10085214
10085215
10085216
10085217
10085218
10085219
10085220
10085221
10085222
10085224
10085324
10085326
10085328
10085329
10085330
10085331
10085332
10085333
10085335
10085336
10085337
10085338
10085339
10085443
10085444
10085445
10085448
10085449
10085450
10085452
10085454
10085455
10085456
10085457
10085458
10085459
10085460
10085461
10085462
10085464
10085465
10085467
10085468
10085469
10085590
10085591
10085592
10085593
10085594
10085595
10085596
10085597
10085598
10085599
10085604
10085605
10085606
10085607
10085608
10085609
10085610
10085613
10085614
10085615
10085616
10085617
10085618
10085710
10085711
10085713
10085714
10085715
10085716
10085717
10085718
10085719
10085720
10085722
10085736
10085808
10085809
10085820
10085824
10085825
10085827
10085828
10085829
10085830
10085831
10085833
10085834
10085944
10085950
10085951
10085957
10085958
10085960
10085961
10085962
10085963
10085965
10085966
10085967
10085968
10085969
10085970
10085971
10086083
10086085
10086088
10086089
10086090
10086091
10086092
10086107
10086110
10086111
10086119
10086124
10086125
10086126
10086127
10086128
10086134
10086152
10086156
10086163
10086167
10086180
10086181
10086182
10086183
10086189
10086196
10086197
10086198
10086199
10086213
10086220
10086221
10086222
10086223
10086226
10086227
10086228
10086238
10086242
10086260
10086262
10086268
10086269
10086270
10086271
10086283
10086315
10086320
10086325
10086326
10086329
10086330
10086332
10086333
10086334
10086354
10086361
10086362
10086367
10086368
10086369
10086370
10086412
10086414
10086462
10086482
10086483
10086484
10086485
10086486
10086487
10086488
10086489
10086490
10086496
10086497
10086498
10086507
10086517
10086597
10086599
10086600
10086603
10086605
10086606
10086609
10086610
10086611
10086613
10086614
10086615
10086616
10086617
10086618
10086619
10086620
10086621
10086622
10086623
10086624
10086625
10086664
10086675
10086676
10086677
10086678
10086679
10086750
10086751
10086752
10086753
10086754
10086755
10086757
10086758
10086759
10086760
10086761
10086762
10086763
10086764
10086915
10086916
10086917
10086918
10086919
10086920
10086921
10086922
10086923
10086924
10086925
10086926
10086927
10086928
10086945
10086950
10087045
10087046
10087047
10087048
10087049
10087050
10087051
10087052
10087053
10087055
10087056
10087057
10087058
10087067
10087167
10087181
10087182
10087183
10087184
10087185
10087186
10087190
10087191
10087193
10087284
10087285
10087286
10087287
10087288
10087289
10087290
10087291
10087292
10087293
10087296
10087297
10087298
10087299
10087364
10087400
10087401
10087402
10087403
10087404
10087405
10087406
10087407
10087408
10087409
10087488
10087489
10087490
10087491
10087492
10087493
10087494
10087495
10087496
10087497
10087498
10087601
10087602
10087603
10087604
10087605
10087606
10087607
10087608
10087609
10087610
10087611
10087612
10087613
10087614
10087615
10087685
10087686
10087687
10087689
10087690
10087691
10087692
10087693
10087694
10087695
10087696
10087776
10087777
10087778
10087779
10087780
10087781
10087782
10087783
10087784
10087785
10087786
10087787
10087788
10087789
10087790
10087791
10087792
10087863
10087876
10087877
10087878
10087879
10087881
10087882
10087883
10087884
10087885
10087886
10087887
10087888
10087889
10087890
10087891
10087892
10087893
10087894
10087895
10087896
10087897
10087986
10087987
10087988
10087989
10087990
10087991
10087992
10087993
10087994
10087995
10087996
10087997
10087998
10087999
10088000
10088001
10088002
10088003
10088004
10088005
10088006
10088110
10088111
10088112
10088113
10088114
10088117
10088118
10088119
10088120
10088121
10088122
10088123
10088124
10088126
10088127
10088128
10088129
10088130
10088131
10088132
10088133
10088224
10088225
10088226
10088227
10088228
10088229
10088230
10088231
10088232
10088233
10088234
10088235
10088236
10088237
10088238
10088239
10088240
10088241
10088242
10088243
10088244
10088245
10088246
10088247
10088248
10088249
10088251
10088349
10088350
10088351
10088352
10088353
10088354
10088355
10088356
10088357
10088358
10088359
10088360
10088361
10088362
10088363
10088364
10088365
10088366
10088367
10088368
10088369
10088370
10088371
10088372
10088374
10088375
10088455
10088456
10088457
10088458
10088459
10088460
10088461
10088462
10088463
10088464
10088465
10088466
10088467
10088468
10088469
10088470
10088471
10088472
10088473
10088474
10088475
10088519
10088553
10088554
10088555
10088556
10088557
10088558
10088559
10088560
10088562
10088563
10088564
10088565
10088566
10088567
10088568
10088569
10088655
10088656
10088657
10088658
10088659
10088660
10088661
10088662
10088663
10088664
10088665
10088666
10088667
10088668
10088670
10088671
10088697
10088781
10088782
10088783
10088784
10088785
10088786
10088787
10088788
10088790
10088791
10088792
10088793
10088794
10088795
10088796
10088797
10088798
10088799
10088860
10088861
10088862
10088863
10088864
10088865
10088866
10088868
10088869
10088870
10088871
10088872
10088873
10088874
10088875
10088876
10088877
10088962
10088963
10088964
10088965
10088966
10088967
10088968
10088969
10088970
10088971
10088972
10088973
10088974
10088975
10088976
10088977
10088978
10088979
10088980
10088981
10088982
10088983
10088984
10089029
10089070
10089071
10089072
10089073
10089074
10089075
10089077
10089078
10089079
10089080
10089081
10089082
10089083
10089176
10089177
10089178
10089179
10089180
10089181
10089182
10089183
10089184
10089185
10089186
10089187
10089188
10089189
10089255
10089256
10089257
10089258
10089259
10089260
10089261
10089262
10089263
10089264
10089328
10089381
10089382
10089383
10089384
10089385
10089386
10089387
10089388
10089389
10089390
10089391
10089392
10089393
10089394
10089460
10089461
10089462
10089463
10089464
10089465
10089466
10089467
10089468
10089469
10089470
10089471
10089472
10089473
10089474
10089546
10089548
10089549
10089581
10089582
10089583
10089584
10089585
10089586
10089587
10089588
10089589
10089590
10089591
10089592
10089593
10089594
10089595
10089596
10089597
10089598
10089728
10089729
10089730
10089731
10089732
10089734
10089735
10089736
10089737
10089738
10089739
10089740
10089741
10089742
10089743
10089744
10089745
10089746
10089747
10089748
10089749
10089763
10089764
10089765
10089837
10089838
10089839
10089840
10089841
10089842
10089843
10089844
10089845
10089846
10089847
10089859
10089902
10089947
10089948
10089949
10089950
10089951
10089952
10089953
10089954
10089955
10089957
10089958
10089959
10089960
10089961
10089962
10089963
10089964
10089965
10089966
10090000
10090001
10090002
10090005
10090006
10090007
10090009
10090010
10090011
10090014
10090017
10090021
10090028
10090030
10090031
10090032
10090033
10090034
10090035
10090036
10090037
10090038
10090039
10090040
10090041
10090042
10090043
10090044
10090045
10090046
10090047
10090048
10090049
10090050
10090063
10090064
10090121
10090122
10090126
10090127
10090128
10090129
10090131
10090132
10090133
10090134
10090135
10090136
10090137
10090138
10090139
10090143
10090152
10090163
10090168
10090169
10090173
10090176
10090177
10090178
10090187
10090188
10090189
10090190
10090197
10090201
10090203
10090204
10090205
10090209
10090210
10090234
10090244
10090247
10090249
10090250
10090256
10090257
10090258
10090259
10090260
10090261
10090262
10090264
10090265
10090266
10090267
10090268
10090269
10090270
10090271
10090273
10090274
10090275
10090276
10090277
10090278
10090279
10090301
10090303
10090304
10090305
10090312
10090313
10090315
10090316
10090318
10090319
10090320
10090321
10090324
10090330
10090333
10090334
10090354
10090355
10090360
10090379
10090380
10090382
10090383
10090384
10090385
10090386
10090387
10090388
10090389
10090390
10090391
10090392
10090393
10090394
10090395
10090396
10090397
10090398
10090399
10090414
10090415
10090418
10090419
10090427
10090450
10090451
10090452
10090453
10090454
10090455
10090456
10090457
10090458
10090459
10090460
10090461
10090462
10090463
10090464
10090509
10090526
10090527
10090528
10090529
10090530
10090531
10090532
10090533
10090534
10090535
10090536
10090537
10090538
10090539
10090540
10090541
10090542
10090562
10090563
10090564
10090570
10090574
10090584
10090609
10090610
10090611
10090612
10090613
10090614
10090615
10090616
10090617
10090618
10090619
10090620
10090689
10090690
10090691
10090692
10090693
10090694
10090695
10090696
10090697
10090698
10090699
10090700
10090701
10090702
10090703
10090704
10090705
10090731
10090745
10090746
10090747
10090748
10090782
10090783
10090784
10090785
10090786
10090787
10090788
10090789
10090790
10090791
10090792
10090793
10090794
10090795
10090796
10090797
10090798
10090799
10090829
10090877
10090878
10090879
10090880
10090881
10090882
10090883
10090884
10090885
10090886
10090887
10090888
10090889
10090890
10090891
10090892
10090893
10090894
10090948
10090967
10090968
10090969
10090970
10090971
10090972
10090973
10090974
10090975
10090976
10090977
10090978
10090979
10090980
10090981
10090998
10090999
10091000
10091035
10091036
10091037
10091042
10091072
10091073
10091074
10091075
10091076
10091077
10091078
10091079
10091080
10091081
10091082
10091083
10091084
10091085
10091086
10091087
10091088
10091089
10091090
10091095
10091141
10091168
10091169
10091170
10091171
10091172
10091173
10091174
10091175
10091176
10091177
10091178
10091179
10091180
10091181
10091185
10091226
10091250
10091251
10091252
10091253
10091254
10091255
10091256
10091257
10091258
10091259
10091260
10091261
10091294
10091297
10091298
10091308
10091317
10091345
10091346
10091347
10091348
10091349
10091351
10091352
10091353
10091355
10091357
10091358
10091391
10091399
10091403
10091440
10091441
10091442
10091443
10091444
10091445
10091446
10091447
10091448
10091449
10091450
10091451
10091452
10091524
10091525
10091526
10091527
10091528
10091529
10091530
10091531
10091532
10091533
10091534
10091535
10091536
10091537
10091577
10091578
10091579
10091580
10091581
10091582
10091583
10091584
10091585
10091586
10091587
10091588
10091632
10091638
10091639
10091640
10091641
10091642
10091643
10091644
10091645
10091646
10091647
10091648
10091649
10091715
10091716
10091717
10091718
10091719
10091720
10091721
10091722
10091723
10091724
10091725
10091726
10091727
10091728
10091729
10091757
10091833
10091834
10091835
10091836
10091837
10091838
10091839
10091840
10091841
10091842
10091843
10091844
10091845
10091846
10091847
10091894
10091895
10091914
10091915
10091916
10091917
10091918
10091919
10091920
10091921
10091922
10091923
10091924
10091925
10091926
10091927
10091988
10092000
10092001
10092002
10092003
10092004
10092005
10092006
10092008
10092009
10092010
10092011
10092012
10092085
10092087
10092088
10092089
10092090
10092091
10092092
10092093
10092094
10092095
10092096
10092172
10092173
10092174
10092175
10092176
10092177
10092178
10092179
10092180
10092181
10092182
10092183
10092184
10092185
10092186
10092187
10092188
10092248
10092259
10092260
10092278
10092279
10092280
10092281
10092282
10092283
10092284
10092285
10092286
10092287
10092288
10092289
10092290
10092291
10092292
10092293
10092294
10092295
10092296
10092329
10092352
10092353
10092354
10092355
10092356
10092357
10092358
10092359
10092360
10092361
10092362
10092363
10092366
10092367
10092386
10092409
10092438
10092449
10092452
10092453
10092454
10092455
10092456
10092457
10092458
10092459
10092460
10092461
10092462
10092463
10092464
10092465
10092466
10092467
10092468
10092469
10092503
10092541
10092555
10092556
10092557
10092558
10092559
10092560
10092561
10092562
10092563
10092564
10092565
10092566
10092567
10092568
10092569
10092570
10092582
10092588
10092600
10092606
10092609
10092630
10092631
10092632
10092633
10092634
10092635
10092636
10092637
10092638
10092639
10092640
10092641
10092642
10092643
10092644
10092645
10092646
10092713
10092714
10092715
10092716
10092717
10092718
10092719
10092720
10092721
10092722
10092770
10092804
10092829
10092844
10092845
10092846
10092847
10092848
10092849
10092850
10092851
10092852
10092853
10092895
10092932
10092933
10092934
10092936
10092937
10092938
10092939
10092941
10092942
10092952
10093035
10093036
10093037
10093038
10093039
10093040
10093041
10093042
10093043
10093044
10093045
10093046
10093047
10093048
10093049
10093050
10093064
10093090
10093093
10093130
10093135
10093136
10093137
10093138
10093139
10093140
10093141
10093142
10093143
10093144
10093145
10093146
10093147
10093148
10093149
10093150
10093151
10093171
10093172
10093173
10093191
10093192
10093193
10093194
10093195
10093196
10093197
10093220
10093222
10093223
10093225
10093226
10093227
10093228
10093229
10093230
10093231
10093232
10093233
10093234
10093235
10093236
10093237
10093310
10093311
10093312
10093313
10093314
10093315
10093316
10093317
10093318
10093319
10093320
10093321
10093322
10093323
10093324
10093325
10093326
10093327
10093367
10093368
10093369
10093381
10093394
10093395
10093396
10093397
10093398
10093399
10093404
10093406
10093407
10093408
10093467
10093468
10093470
10093471
10093482
10093483
10093484
10093485
10093486
10093487
10093488
10093489
10093490
10093491
10093492
10093493
10093494
10093495
10093496
10093497
10093498
10093499
10093576
10093577
10093578
10093586
10093587
10093588
10093589
10093590
10093591
10093592
10093593
10093594
10093595
10093596
10093597
10093598
10093599
10093600
10093640
10093677
10093700
10093701
10093702
10093703
10093704
10093705
10093707
10093708
10093709
10093710
10093711
10093736
10093769
10093771
10093811
10093812
10093813
10093814
10093815
10093816
10093817
10093818
10093819
10093820
10093821
10093822
10093823
10093824
10093825
10093878
10093899
10093900
10093901
10093902
10093903
10093904
10093905
10093906
10093907
10093908
10093909
10093910
10093911
10093912
10093913
10093914
10093915
10093916
10093917
10093918
10093919
10093989
10093990
10093992
10093993
10093994
10093995
10093996
10093997
10093999
10094010
10094011
10094012
10094013
10094014
10094015
10094016
10094017
10094018
10094019
10094020
10094021
10094022
10094023
10094024
10094025
10094026
10094027
10094028
10094029
10094076
10094100
10094101
10094102
10094103
10094104
10094105
10094106
10094107
10094108
10094109
10094110
10094111
10094112
10094113
10094114
10094115
10094116
10094117
10094118
10094129
10094224
10094225
10094226
10094227
10094228
10094230
10094231
10094232
10094233
10094234
10094235
10094236
10094237
10094238
10094239
10094240
10094255
10094285
10094286
10094287
10094288
10094291
10094294
10094295
10094311
10094312
10094313
10094314
10094315
10094316
10094317
10094318
10094319
10094320
10094321
10094322
10094323
10094324
10094325
10094326
10094339
10094340
10094341
10094342
10094343
10094396
10094400
10094427
10094428
10094429
10094430
10094431
10094432
10094433
10094434
10094435
10094436
10094437
10094438
10094439
10094440
10094441
10094442
10094452
10094485
10094523
10094524
10094525
10094526
10094527
10094528
10094529
10094530
10094531
10094532
10094533
10094580
10094581
10094582
10094583
10094650
10094651
10094652
10094653
10094654
10094655
10094656
10094658
10094659
10094660
10094661
10094662
10094663
10094664
10094665
10094666
10094667
10094668
10094669
10094670
10094671
10094677
10094678
10094679
10094680
10094681
10094682
10094683
10094684
10094732
10094733
10094734
10094735
10094736
10094737
10094738
10094739
10094740
10094741
10094742
10094743
10094744
10094745
10094746
10094747
10094748
10094749
10094750
10094751
10094752
10094820
10094821
10094822
10094823
10094824
10094826
10094827
10094828
10094845
10094846
10094849
10094850
10094851
10094852
10094853
10094854
10094855
10094856
10094857
10094858
10094859
10094860
10094861
10094862
10094863
10094864
10094865
10094866
10094867
10094907
10094933
10094934
10094935
10094936
10094937
10094938
10094939
10094940
10094941
10094942
10094943
10094944
10094945
10094946
10094947
10094948
10094949
10094950
10094963
10094964
10094965
10094966
10094973
10095014
10095062
10095063
10095064
10095065
10095066
10095067
10095068
10095069
10095070
10095071
10095072
10095073
10095074
10095075
10095076
10095077
10095078
10095079
10095080
10095162
10095163
10095164
10095165
10095166
10095167
10095168
10095169
10095170
10095171
10095172
10095173
10095174
10095175
10095176
10095177
10095178
10095179
10095183
10095184
10095185
10095186
10095187
10095212
10095213
10095219
10095265
10095266
10095267
10095268
10095269
10095270
10095271
10095272
10095273
10095274
10095275
10095276
10095277
10095278
10095279
10095280
10095281
10095282
10095283
10095284
10095358
10095359
10095360
10095361
10095362
10095363
10095364
10095365
10095366
10095367
10095368
10095369
10095370
10095371
10095372
10095373
10095374
10095375
10095376
10095377
10095399
10095400
10095401
10095434
10095435
10095436
10095437
10095438
10095439
10095440
10095441
10095442
10095443
10095444
10095445
10095503
10095504
10095505
10095506
10095507
10095508
10095566
10095567
10095568
10095569
10095570
10095571
10095572
10095573
10095574
10095575
10095576
10095577
10095580
10095581
10095582
10095583
10095584
10095585
10095586
10095587
10095588
10095589
10095590
10095591
10095592
10095593
10095594
10095631
10095681
10095682
10095683
10095700
10095701
10095702
10095703
10095704
10095705
10095706
10095707
10095708
10095709
10095710
10095711
10095712
10095714
10095715
10095716
10095717
10095718
10095786
10095788
10095789
10095790
10095791
10095793
10095794
10095795
10095796
10095797
10095798
10095799
10095800
10095801
10095802
10095803
10095804
10095805
10095890
10095891
10095892
10095893
10095894
10095895
10095896
10095897
10095898
10095899
10095900
10095901
10095902
10095903
10095904
10095905
10095906
10095907
10095908
10095909
10095910
10095911
10095983
10095984
10095985
10095986
10095987
10095988
10096004
10096005
10096006
10096007
10096008
10096012
10096013
10096014
10096077
10096078
10096079
10096080
10096081
10096082
10096083
10096084
10096085
10096086
10096087
10096088
10096089
10096091
10096092
10096093
10096181
10096182
10096183
10096184
10096185
10096186
10096187
10096189
10096190
10096191
10096192
10096193
10096194
10096233
10096234
10096235
10096237
10096264
10096265
10096266
10096267
10096268
10096269
10096270
10096271
10096272
10096273
10096274
10096275
10096276
10096350
10096351
10096352
10096353
10096354
10096355
10096356
10096357
10096358
10096359
10096360
10096361
10096362
10096363
10096364
10096365
10096386
10096405
10096406
10096407
10096408
10096409
10096410
10096411
10096412
10096413
10096414
10096415
10096416
10096417
10096428
10096500
10096501
10096502
10096503
10096504
10096505
10096506
10096507
10096508
10096509
10096510
10096511
10096512
10096513
10096514
10096530
10096531
10096532
10096593
10096601
10096603
10096604
10096605
10096606
10096607
10096608
10096609
10096610
10096611
10096667
10096672
10096673
10096674
10096675
10096676
10096677
10096678
10096679
10096704
10096705
10096706
10096707
10096708
10096709
10096710
10096711
10096712
10096713
10096761
10096762
10096763
10096764
10096765
10096766
10096767
10096768
10096769
10096770
10096771
10096772
10096773
10096774
10096775
10096811
10096824
10096871
10096872
10096873
10096874
10096875
10096876
10096877
10096878
10096879
10096880
10096881
10096882
10096884
10096885
10096886
10096887
10096888
10096916
10096944
10096945
10096946
10096947
10096948
10096949
10096950
10096951
10096952
10096953
10096954
10096955
10096956
10096957
10097050
10097051
10097052
10097053
10097054
10097056
10097057
10097058
10097059
10097060
10097061
10097062
10097063
10097064
10097065
10097151
10097152
10097153
10097154
10097155
10097156
10097157
10097158
10097159
10097160
10097161
10097162
10097163
10097164
10097165
10097166
10097167
10097191
10097192
10097193
10097194
10097195
10097196
10097197
10097198
10097249
10097250
10097251
10097252
10097253
10097254
10097255
10097256
10097257
10097258
10097259
10097260
10097261
10097262
10097263
10097264
10097265
10097266
10097267
10097268
10097269
10097270
10097341
10097342
10097343
10097344
10097345
10097346
10097347
10097348
10097349
10097350
10097351
10097352
10097353
10097354
10097355
10097356
10097357
10097358
10097359
10097360
10097361
10097362
10097363
10097364
10097365
10097377
10097378
10097379
10097454
10097455
10097456
10097457
10097458
10097459
10097460
10097461
10097462
10097463
10097464
10097465
10097466
10097467
10097468
10097469
10097470
10097471
10097472
10097473
10097474
10097554
10097555
10097556
10097557
10097558
10097559
10097560
10097561
10097562
10097564
10097565
10097566
10097567
10097568
10097569
10097570
10097571
10097658
10097659
10097660
10097661
10097662
10097663
10097664
10097665
10097666
10097667
10097668
10097669
10097670
10097671
10097741
10097742
10097743
10097744
10097745
10097746
10097747
10097748
10097749
10097750
10097751
10097768
10097769
10097775
10097776
10097777
10097778
10097779
10097780
10097781
10097800
10097801
10097859
10097870
10097871
10097872
10097889
10097896
10097901
10097902
10097903
10097904
10097905
10097906
10097907
10097908
10097909
10097910
10097994
10098000
10098001
10098002
10098003
10098004
10098005
10098006
10098007
10098008
10098009
10098010
10098011
10098012
10098084
10098085
10098086
10098087
10098088
10098089
10098090
10098091
10098092
10098093
10098094
10098095
10098096
10098097
10098156
10098157
10098194
10098195
10098196
10098197
10098198
10098199
10098200
10098201
10098202
10098203
10098263
10098264
10098265
10098266
10098267
10098268
10098269
10098270
10098271
10098272
10098273
10098274
10098275
10098276
10098339
10098340
10098341
10098342
10098343
10098344
10098345
10098346
10098347
10098348
10098349
10098350
10098391
10098392
10098393
10098394
10098395
10098396
10098397
10098398
10098399
10098486
10098487
10098488
10098489
10098491
10098501
10098502
10098503
10098504
10098505
10098506
10098507
10098508
10098509
10098560
10098580
10098581
10098582
10098583
10098584
10098585
10098586
10098587
10098588
10098589
10098590
10098591
10098592
10098593
10098669
10098670
10098671
10098672
10098673
10098674
10098675
10098676
10098677
10098678
10098679
10098680
10098681
10098682
10098683
10098684
10098685
10098686
10098789
10098790
10098791
10098792
10098793
10098794
10098795
10098796
10098797
10098798
10098799
10098800
10098801
10098802
10098803
10098804
10098855
10098856
10098906
10098907
10098908
10098909
10098910
10098911
10098912
10098913
10098914
10098915
10098916
10098917
10098918
10098919
10098920
10098921
10098922
10098981
10098982
10099000
10099001
10099002
10099003
10099004
10099005
10099006
10099007
10099008
10099010
10099011
10099012
10099013
10099014
10099015
10099016
10099017
10099018
10099019
10099020
10099021
10099022
10099023
10099024
10099025
10099026
10099027
10099028
10099029
10099064
10099092
10099093
10099094
10099095
10099096
10099097
10099098
10099099
10099100
10099101
10099102
10099103
10099104
10099105
10099106
10099107
10099108
10099109
10099110
10099111
10099112
10099113
10099180
10099181
10099182
10099183
10099184
10099185
10099186
10099187
10099188
10099189
10099190
10099191
10099192
10099193
10099194
10099195
10099196
10099197
10099198
10099199
10099200
10099201
10099202
10099274
10099285
10099286
10099290
10099291
10099292
10099293
10099294
10099295
10099296
10099297
10099298
10099299
10099300
10099301
10099302
10099303
10099304
10099305
10099306
10099307
10099308
10099375
10099376
10099377
10099378
10099379
10099380
10099382
10099383
10099384
10099385
10099386
10099387
10099388
10099389
10099390
10099391
10099392
10099393
10099394
10099395
10099396
10099397
10099473
10099474
10099475
10099476
10099477
10099478
10099479
10099480
10099481
10099482
10099483
10099484
10099485
10099486
10099487
10099488
10099489
10099490
10099491
10099525
10099593
10099594
10099596
10099597
10099598
10099599
10099600
10099601
10099602
10099603
10099604
10099605
10099606
10099607
10099608
10099609
10099610
10099611
10099612
10099613
10099614
10099615
10099616
10099617
10099618
10099619
10099620
10099621
10099622
10099710
10099711
10099712
10099713
10099714
10099715
10099716
10099717
10099718
10099719
10099720
10099721
10099722
10099723
10099725
10099726
10099727
10100080
10100081
10100082
10100210
10100211
10100212
10100213
10100214
10100215
10100217
10100218
10100219
10100300
10100301
10100302
10100303
10100304
10100305
10100306
10100307
10100308
10100309
10100310
10100311
10100312
10100314
10100376
10100377
10100378
10100379
10100380
10100381
10100382
10100383
10100384
10100385
10100386
10100387
10100388
10100483
10100484
10100485
10100486
10100487
10100488
10100489
10100490
10100491
10100492
10100493
10100494
10100495
10100569
10100583
10100584
10100585
10100586
10100587
10100588
10100589
10100590
10100591
10100592
10100593
10100594
10100595
10100596
10100597
10100671
10100672
10100673
10100674
10100675
10100676
10100678
10100679
10100680
10100681
10100682
10100683
10100684
10100685
10100688
10100800
10100801
10100802
10100803
10100804
10100805
10100806
10100807
10100808
10100809
10100810
10100811
10100812
10100813
10100814
10100815
10100816
10100817
10100818
10100889
10100900
10100901
10100902
10100903
10100904
10100905
10100906
10100907
10100908
10100909
10100910
10100911
10100912
10100913
10100914
10100915
10100916
10100917
10100929
10100930
10100954
10100955
10100956
10100957
10100959
10100960
10100961
10100962
10100963
10100964
10100965
10100966
10100967
10100968
10100969
10101056
10101069
10101081
10101106
10101107
10101108
10101109
10101110
10101111
10101112
10101113
10101114
10101115
10101116
10101117
10101118
10101119
10101120
10101121
10101151
10101160
10101161
10101162
10101163
10101164
10101209
10101210
10101211
10101212
10101213
10101214
10101215
10101216
10101217
10101218
10101219
10101220
10101221
10101222
10101223
10101224
10101259
10101295
10101296
10101297
10101298
10101299
10101307
10101308
10101309
10101310
10101311
10101312
10101313
10101314
10101315
10101316
10101317
10101386
10101387
10101388
10101408
10101409
10101410
10101411
10101412
10101413
10101414
10101415
10101416
10101417
10101418
10101419
10101420
10101445
10101446
10101447
10101448
10101480
10101498
10101499
10101504
10101505
10101506
10101507
10101508
10101509
10101511
10101512
10101513
10101514
10101515
10101555
10101582
10101583
10101587
10101588
10101589
10101590
10101591
10101592
10101593
10101594
10101595
10101596
10101597
10101598
10101599
10101604
10101605
10101606
10101607
10101608
10101609
10101610
10101674
10101675
10101676
10101677
10101682
10101683
10101685
10101686
10101687
10101688
10101697
10101698
10101699
10101763
10101764
10101765
10101766
10101767
10101768
10101769
10101791
10101792
10101793
10101794
10101795
10101796
10101797
10101798
10101799
10101846
10101847
10101848
10101849
10101850
10101851
10101852
10101861
10101862
10101863
10101864
10101865
10101866
10101894
10101895
10101896
10101897
10101898
10101899
10101900
10101901
10101902
10101903
10101904
10101935
10101936
10101982
10101983
10101984
10101987
10101989
10101990
10101991
10102000
10102001
10102002
10102003
10102004
10102005
10102007
10102008
10102014
10102015
10102016
10102017
10102018
10102084
10102085
10102086
10102087
10102088
10102089
10102090
10102091
10102092
10102093
10102094
10102095
10102096
10102097
10102098
10102099
10102196
10102197
10102198
10102199
10102200
10102201
10102202
10102203
10102204
10102205
10102206
10102207
10102208
10102209
10102210
10102211
10102212
10102213
10102214
10102215
10102216
10102286
10102287
10102288
10102289
10102290
10102291
10102292
10102293
10102294
10102295
10102296
10102297
10102298
10102299
10102300
10102323
10102324
10102325
10102326
10102327
10102328
10102329
10102330
10102331
10102332
10102333
10102334
10102335
10102336
10102337
10102338
10102339
10102384
10102385
10102387
10102388
10102390
10102436
10102437
10102438
10102439
10102440
10102441
10102442
10102443
10102444
10102445
10102446
10102447
10102521
10102522
10102523
10102524
10102525
10102526
10102527
10102528
10102529
10102530
10102531
10102532
10102533
10102534
10102583
10102584
10102585
10102586
10102598
10102599
10102625
10102626
10102627
10102628
10102629
10102630
10102631
10102632
10102633
10102634
10102635
10102636
10102731
10102732
10102733
10102734
10102735
10102736
10102737
10102738
10102739
10102740
10102741
10102742
10102743
