24546
24547
24553
24555
24557
24558
24559
24560
24562
24564
24565
24566
24567
24569
24570
24572
24573
24574
24577
24582
24583
24584
24585
24586
24588
24589
24592
24593
24594
24596
24597
24598
24599
24600
24601
24602
24604
24605
24606
24607
24614
24616
24617
24618
24620
24621
24622
24623
24625
24626
24627
24629
24630
24631
24632
24636
24637
24638
24640
24641
24642
24645
24646
24647
24648
24649
24650
24651
24653
24654
24657
24658
24659
24660
24661
24663
24664
24666
24667
24669
24672
24675
24677
24679
24680
24681
24682
24683
24684
24685
24686
24688
24689
24690
24691
24692
24694
24695
24696
24697
24698
24703
24704
24707
24708
24709
24712
24713
24714
24715
24716
24718
24719
24723
24724
24725
24726
24727
24728
24729
24733
24734
24735
24736
24737
24738
24739
24741
24745
24746
24747
24748
24749
24750
24754
24755
24756
24757
24758
24759
24760
24762
24763
24764
24768
24770
24771
24773
24774
24775
24776
24779
24780
24781
24782
24783
24785
24787
24789
24790
24791
24792
24793
24794
24797
24800
24801
24802
24803
24804
24805
24806
24807
24809
24810
24813
24814
24818
24819
24820
24821
24822
24823
24824
24825
24827
24830
24831
24832
24834
24835
24836
24837
24838
24839
24840
24841
24844
24845
24846
24849
24850
24851
24852
24853
24854
24855
24857
24859
24861
24862
24863
24864
24865
24867
24868
24870
24873
24874
24875
24876
24877
24878
24881
24885
24886
24887
24891
24892
24896
24897
24898
24899
24900
24901
24902
24907
24908
24909
24910
24911
24912
24913
24916
24917
24918
24922
24924
24925
24926
24927
24928
24929
24930
24932
24933
24934
24935
24936
24939
24940
24941
24943
24944
24945
24946
24947
24948
24949
24950
24951
24952
24953
24955
24958
24959
24960
24961
24963
24965
24966
24967
24968
24969
24970
24973
24974
24975
24978
24982
24983
24987
24988
24989
24990
24991
24992
24993
24994
24995
24997
24998
24999
25003
25005
25006
25007
25008
25009
25010
25012
25013
25015
25018
25019
25023
25024
25025
25030
25032
25034
25035
25036
25037
25038
25040
25042
25046
25047
25048
25049
25050
25051
25053
25054
25055
25056
25057
25061
25062
25063
25064
25065
25066
25067
25068
25069
25070
25071
25072
25073
25074
25075
25076
25077
25080
25081
25083
25084
25085
25086
25087
25088
25089
25092
25093
25094
25095
25096
25097
25098
25099
25100
25102
25103
25105
25107
25109
25110
25111
25114
25115
25116
25117
25121
25123
25124
25125
25126
25127
25129
25130
25131
25133
25134
25135
25136
25137
25139
25140
25141
25142
25146
25147
25148
25150
25154
25157
25159
25160
25161
25162
25164
25165
25167
25168
25170
25174
25175
25177
25182
25183
25184
25185
25187
25188
25189
25190
25191
25192
25193
25195
25197
25198
25199
25200
25201
25202
25204
25205
25206
25209
25210
25211
25212
25213
25215
25220
25222
25223
25226
25227
25228
25229
25230
25231
25232
25233
25234
25235
25240
25241
25242
25243
25244
25245
25246
25248
25253
25255
25256
25260
25261
25264
25267
25268
25269
25271
25272
25273
25274
25275
25278
25279
25280
25281
25282
25283
25285
25286
25287
25288
25290
25292
25293
25294
25297
25298
25299
25301
25304
25306
25307
25308
25309
25311
25315
25316
25318
25320
25321
25322
25323
25325
25326
25327
25328
25329
25330
25331
25334
25335
25336
25337
25339
25340
25341
25342
25343
25344
25345
25348
25350
25352
25353
25354
25356
25357
25358
25359
25360
25361
25362
25363
25364
25365
25368
25369
25371
25373
25374
25375
25378
25380
25381
25383
25384
25385
25387
25391
25394
25395
25397
25400
25402
25404
25405
25406
25408
25411
25412
25413
25414
25415
25416
25417
25419
25420
25423
25424
25427
25428
25431
25434
25435
25436
25437
25440
25441
25443
25446
25447
25449
25451
25452
25453
25455
25456
25459
25461
25463
25465
25466
25467
25468
25469
25470
25471
25472
25473
25475
25476
25478
25479
25481
25482
25484
25485
25486
25488
25491
25492
25493
25494
25495
25497
25498
25499
25500
25501
25505
25506
25507
25508
25509
25510
25511
25512
25513
25514
25515
25516
25517
25519
25521
25522
25525
25527
25531
25533
25534
25535
25537
25538
25539
25541
25544
25545
25546
25547
25549
25553
25554
25555
25556
25557
25558
25559
25560
25561
25562
25566
25567
25568
25571
25572
25573
25574
25575
25578
25579
25581
25584
25585
25586
25588
25589
25591
25594
25595
25597
25598
25600
25601
25604
25605
25606
25608
25611
25613
25614
25615
25617
25619
25620
25622
25624
25625
25626
25627
25628
25630
25631
25633
25635
25636
25637
25638
25639
25641
25644
25648
25649
25650
25652
25655
25656
25657
25658
25660
25661
25663
25664
25665
25667
25668
25669
25671
25672
25674
25675
25676
25677
25680
25681
25683
25686
25687
25688
25690
25691
25692
25693
25694
25695
25696
25698
25699
25700
25701
25702
25703
25705
25706
25707
25709
25710
25711
25712
25713
25716
25718
25720
25721
25722
25723
25724
25726
25728
25729
25730
25731
25733
25734
25735
25736
25737
25738
25740
25741
25742
25743
25744
25745
25747
25748
25751
25752
25753
25757
25758
25759
25760
25761
25762
25764
25769
25770
25771
25772
25774
25775
25776
25777
25778
25779
25784
25786
25788
25791
25795
25796
25798
25799
25803
25805
25806
25807
25808
25809
25810
25811
25813
25814
25815
25816
25820
25821
25822
25823
25826
25828
25832
25833
25834
25837
25838
25839
25840
25841
25843
25846
25847
25848
25849
25850
25854
25857
25858
25859
25860
25861
25865
25866
25867
25868
25869
25870
25872
25873
25875
25876
25877
25881
25882
25883
25884
25887
25888
25889
25890
25891
25892
25893
25895
25898
25899
25901
25902
25903
25904
25905
25906
25907
25909
25911
25912
25913
25914
25916
25917
25918
25920
25921
25922
25923
25925
25927
25928
25929
25931
25936
25938
25943
25944
25945
25949
25951
25952
25953
25954
25956
25957
25958
25960
25963
25964
25966
25967
25968
25969
25970
25971
25972
25973
25974
25976
25977
25978
25983
25985
25988
25989
25990
25991
25992
25993
25994
25995
25997
25998
25999
26000
26003
26004
26005
26006
26007
26009
26010
26014
26015
26016
26017
26018
26020
26021
26022
26024
26026
26027
26028
26030
26035
26036
26041
26043
26044
26046
26050
26051
26055
26058
26060
26062
26063
26064
26067
26070
26071
26072
26073
26074
26075
26076
26078
26081
26082
26083
26085
26091
26092
26093
26094
26095
26096
26098
26099
26101
26102
26105
26106
26107
26108
26111
26112
26113
26116
26117
26118
26122
26123
26125
26127
26129
26130
26131
26132
26133
26135
26136
26137
26139
26140
26141
26142
26144
26146
26147
26148
26149
26150
26153
26154
26159
26160
26161
26164
26166
26169
26170
26171
26174
26175
26176
26177
26180
26182
26183
26184
26185
26187
26188
26190
26191
26192
26193
26195
26196
26197
26198
26199
26201
26202
26203
26206
26207
26210
26211
26212
26213
26214
26216
26217
26218
26219
26220
26221
26224
26225
26226
26227
26228
26229
26231
26232
26233
26234
26236
26237
26238
26240
26242
26243
26244
26245
26246
26247
26248
26249
26250
26253
26255
26256
26257
26260
26262
26263
26266
26268
26269
26270
26273
26275
26276
26277
26278
26279
26280
26283
26284
26285
26286
26287
26291
26292
26294
26296
26297
26298
26301
26304
26305
26306
26307
26308
26316
26317
26318
26319
26320
26321
26322
26328
26329
26330
26331
26333
26334
26335
26338
26339
26340
26341
26342
26344
26346
26348
26349
26350
26351
26352
26353
26354
26356
26357
26358
26360
26361
26362
26364
26365
26366
26368
26369
26370
26371
26372
26373
26374
26375
26376
26378
26379
26380
26381
26382
26383
26385
26386
26387
26389
26390
26391
26393
26395
26396
26397
26399
26400
26401
26402
26403
26405
26407
26411
26412
26413
26414
26415
26417
26418
26419
26420
26421
26422
26423
26424
26426
26427
26432
26433
26435
26436
26438
26439
26441
26445
26448
26449
26451
26452
26453
26454
26456
26460
26461
26463
26464
26466
26467
26468
26469
26471
26476
26477
26478
26480
26481
26482
26484
26485
26486
26487
26489
26491
26493
26494
26495
26496
26497
26499
26500
26501
26504
26505
26506
26507
26508
26509
26510
26511
26512
26513
26515
26516
26519
26521
26522
26523
26525
26526
26527
26528
26529
26532
26533
26534
26535
26536
26540
26541
26542
26543
26544
26545
26546
26547
26548
26549
26550
26553
26554
26555
26556
26557
26559
26560
26561
26564
26565
26566
26567
26568
26569
26570
26572
26573
26576
26579
26580
26581
26582
26583
26584
26585
26586
26587
26588
26591
26592
26593
26594
26597
26598
26599
26600
26601
26602
26605
26606
26607
26609
26610
26611
26612
26614
26615
26616
26617
26619
26620
26622
26623
26624
26625
26627
26629
26630
26631
26632
26633
26634
26638
26639
26641
26643
26644
26645
26646
26647
26648
26650
26652
26653
26655
26656
26658
26659
26661
26662
26663
26664
26665
26666
26667
26669
26671
26672
26673
26675
26677
26678
26679
26682
26683
26684
26685
26686
26687
26688
26689
26690
26691
26692
26693
26694
26696
26697
26699
26700
26703
26704
26705
26706
26708
26710
26713
26715
26716
26717
26719
26720
26721
26722
26723
26724
26725
26726
26727
26728
26730
26731
26732
26733
26737
26738
26739
26740
26741
26742
26743
26744
26745
26746
26750
26751
26752
26753
26754
26755
26757
26758
26760
26763
26764
26765
26766
26767
26768
26769
26770
26771
26772
26773
26776
26777
26778
26779
26782
26783
26785
26788
26789
26790
26791
26797
26798
26802
26803
26805
26806
26807
26808
26809
26811
26812
26813
26814
26815
26817
26818
26819
26820
26821
26823
26824
26826
26827
26828
26829
26830
26831
26832
26833
26834
26836
26838
26841
26843
26844
26845
26846
26848
26849
26850
26852
26853
26855
26857
26859
26860
26862
26863
26864
26865
26866
26867
26868
26869
26871
26872
26873
26874
26875
26876
26877
26878
26879
26880
26882
26884
26885
26887
26889
26890
26891
26892
26893
26894
26896
26898
26899
26900
26901
26905
26907
26908
26910
26911
26912
26913
26914
26915
26921
26922
26923
26924
26925
26926
26929
26930
26931
26932
26934
26935
26936
26937
26939
26940
26941
26942
26943
26944
26945
26948
26949
26950
26953
26954
26955
26957
26958
26959
26963
26967
26968
26969
26970
26972
26974
26975
26976
26978
26980
26981
26984
26988
26989
26990
26991
26992
26993
26994
26995
26996
26997
26998
27000
27001
27002
27004
27007
27008
27009
27011
27013
27015
27016
27017
27018
27021
27022
27023
27024
27025
27026
27028
27029
27030
27034
27035
27036
27037
27039
27041
27042
27048
27049
27050
27051
27052
27053
27054
27055
27056
27058
27059
27061
27062
27063
27064
27065
27067
27068
27069
27072
27073
27075
27076
27077
27079
27080
27081
27082
27084
27087
27088
27089
27090
27091
27092
27093
27094
27095
27097
27100
27102
27104
27106
27107
27108
27109
27110
27111
27112
27113
27114
27115
27116
27117
27118
27119
27121
27123
27124
27125
27127
27128
27129
27131
27133
27134
27135
27138
27139
27140
27141
27142
27144
27145
27146
27148
27149
27150
27151
27152
27153
27154
27155
27156
27159
27162
27163
27166
27167
27168
27169
27173
27174
27175
27176
27178
27179
27182
27183
27184
27185
27187
27188
27189
27190
27191
27192
27194
27195
27196
27199
27201
27202
27204
27205
27206
27207
27208
27209
27210
27211
27212
27214
27215
27216
27218
27221
27225
27227
27228
27229
27230
27231
27232
27233
27234
27235
27236
27237
27238
27240
27243
27244
27245
27247
27249
27250
27251
27252
27255
27256
27257
27258
27259
27260
27261
27262
27263
27264
27265
27267
27268
27269
27272
27273
27275
27276
27277
27279
27283
27285
27286
27287
27290
27292
27295
27296
27297
27301
27302
27303
27313
27314
27316
27317
27318
27319
27320
27321
27322
27326
27330
27331
27332
27333
27334
27339
27340
27343
27346
27347
27349
27351
27353
27354
27356
27358
27359
27360
27362
27365
27366
27367
27368
27369
27371
27372
27373
27374
27376
27377
27379
27380
27382
27383
27385
27388
27389
27391
27396
27397
27398
27399
27400
27401
27402
27403
27405
27407
27409
27410
27411
27412
27413
27415
27416
27417
27418
27420
27422
27423
27424
27425
27426
27427
27428
27429
27430
27436
27437
27438
27439
27440
27441
27442
27445
27447
27450
27451
27452
27454
27455
27456
27464
27465
27466
27468
27469
27470
27471
27472
27473
27474
27475
27476
27478
27479
27483
27484
27485
27486
27492
27493
27494
27495
27497
27498
27499
27500
27501
27502
27504
27509
27510
27513
27515
27518
27519
27521
27526
27527
27528
27529
27530
27532
27533
27534
27535
27536
27537
27539
27541
27542
27543
27544
27545
27547
27548
27550
27551
27553
27554
27555
27556
27557
27558
27559
27560
27561
27562
27563
27564
27566
27567
27569
27570
27573
27574
27575
27576
27577
27578
27579
27581
27583
27585
27586
27588
27589
27591
27592
27593
27595
27596
27597
27599
27601
27602
27603
27605
27609
27610
27611
27612
27613
27614
27616
27617
27618
27619
27620
27621
27625
27628
27632
27633
27635
27636
27638
27639
27640
27641
27642
27643
27645
27646
27647
27648
27652
27653
27656
27657
27658
27659
27660
27661
27662
27664
27665
27666
27671
27672
27673
27674
27675
27676
27677
27678
27679
27680
27681
27682
27683
27686
27688
27690
27692
27693
27694
27695
27696
27697
27698
27699
27700
27702
27703
27708
27709
27710
27711
27712
27713
27714
27716
27717
27719
27722
27723
27724
27725
27726
27728
27729
27730
27731
27732
27733
27734
27735
27736
27737
27744
27745
27746
27747
27748
27749
27750
27751
27752
27755
27758
27759
27760
27761
27762
27763
27764
27765
27768
27769
27770
27771
27772
27773
27774
27775
27776
27777
27778
27779
27780
27782
27783
27784
27785
27786
27787
27788
27790
27792
27793
27795
27797
27799
27800
27801
27802
27803
27804
27805
27806
27807
27808
27809
27810
27813
27816
27819
27821
27822
27823
27824
27825
27826
27827
27828
27829
27831
27832
27834
27835
27837
27839
27840
27842
27843
27844
27845
27846
27847
27848
27849
27850
27851
27852
27856
27857
27858
27860
27861
27862
27863
27864
27865
27866
27868
27869
27870
27875
27877
27878
27879
27880
27881
27882
27885
27886
27887
27888
27890
27892
27893
27895
27896
27897
27898
27899
27900
27901
27902
27905
27907
27909
27913
27914
27915
27918
27920
27926
27927
27929
27930
27932
27933
27934
27935
27936
27939
27940
27941
27942
27943
27944
27946
27947
27948
27949
27950
27951
27952
27953
27954
27955
27956
27957
27958
27959
27960
27961
27963
27965
27967
27968
27970
27971
27972
27973
27974
27975
27976
27979
27980
27981
27983
27984
27985
27986
27988
27989
27990
27991
27992
27993
27994
27995
27997
27998
27999
28000
28002
28003
28004
28005
28006
28009
28010
28011
28013
28016
28017
28018
28019
28024
28025
28026
28027
28028
28029
28030
28031
28033
28035
28036
28037
28038
28040
28042
28044
28046
28049
28051
28052
28053
28054
28055
28057
28060
28061
28063
28064
28065
28066
28067
28068
28069
28070
28073
28074
28075
28076
28077
28079
28081
28085
28087
28089
28093
28094
28095
28096
28097
28098
28099
28100
28101
28103
28104
28105
28106
28107
28109
28111
28112
28113
28115
28117
28118
28119
28120
28121
28122
28123
28124
28125
28126
28127
28129
28130
28133
28135
28136
28137
28139
28140
28142
28143
28144
28148
28149
28152
28153
28156
28157
28158
28159
28160
28161
28162
28163
28164
28166
28167
28168
28170
28171
28172
28173
28174
28175
28177
28178
28179
28180
28181
28182
28183
28185
28186
28187
28189
28190
28191
28198
28201
28202
28203
28204
28205
28206
28207
28208
28209
28210
28211
28214
28215
28216
28217
28218
28219
28220
28223
28224
28225
28229
28230
28231
28232
28233
28234
28236
28237
28238
28239
28240
28241
28242
28243
28245
28246
28248
28249
28251
28253
28254
28255
28257
28258
28259
28260
28261
28262
28264
28265
28266
28267
28268
28270
28272
28273
28274
28275
28276
28277
28278
28281
28282
28283
28284
28287
28291
28292
28293
28296
28297
28299
28300
28301
28303
28304
28305
28306
28307
28308
28309
28310
28311
28313
28315
28316
28319
28320
28321
28322
28324
28326
28328
28329
28330
28331
28332
28338
28339
28340
28341
28342
28343
28344
28345
28349
28350
28351
28352
28353
28354
28356
28357
28358
28361
28363
28365
28366
28367
28368
28370
28371
28374
28375
28376
28377
28378
28379
28380
28381
28382
28383
28385
28386
28389
28392
28394
28395
28396
28398
28399
28400
28401
28402
28406
28407
28410
28411
28412
28413
28414
28419
28420
28421
28422
28424
28429
28431
28432
28433
28434
28436
28439
28440
28441
28443
28445
28446
28447
28448
28449
28451
28452
28453
28458
28459
28460
28461
28462
28463
28466
28467
28470
28472
28473
28474
28477
28480
28485
28487
28489
28490
28491
28492
28493
28494
28497
28498
28501
28504
28505
28506
28507
28509
28510
28511
28515
28516
28517
28518
28519
28520
28521
28525
28530
28531
28532
28533
28535
28536
28538
28539
28540
28541
28542
28543
28545
28546
28547
28548
28549
28550
28553
28558
28559
28562
28564
28565
28566
28567
28569
28571
28577
28578
28579
28581
28582
28583
28584
28585
28587
28588
28589
28590
28591
28592
28593
28597
28598
28600
28601
28603
28604
28605
28606
28607
28608
28609
28613
28615
28616
28617
28623
28625
28626
28627
28628
28632
28634
28635
28636
28640
28641
28642
28643
28644
28645
28646
28649
28650
28655
28656
28659
28662
28664
28665
28666
28667
28669
28670
28671
28674
28676
28678
28679
28681
28682
28684
28685
28686
28687
28688
28691
28692
28693
28695
28699
28700
28701
28702
28705
28708
28711
28712
28713
28715
28718
28720
28721
28722
28724
28726
28728
28729
28730
28731
28732
28733
28737
28741
28743
28744
28745
28747
28748
28749
28750
28751
28752
28753
28757
28759
28762
28764
28765
28766
28768
28769
28770
28772
28773
28774
28775
28776
28777
28778
28779
28780
28781
28782
28783
28785
28786
28787
28788
28789
28790
28791
28792
28798
28799
28800
28801
28802
28803
28806
28807
28808
28809
28810
28812
28813
28816
28819
28820
28821
28823
28824
28828
28829
28830
28831
28832
28833
28843
28844
28845
28846
28847
28848
28849
28850
28851
28854
28856
28858
28859
28861
28862
28863
28865
28866
28867
28868
28869
28870
28871
28872
28873
28874
28880
28881
28882
28883
28884
28886
28887
28888
28889
28890
28897
28898
28899
28901
28902
28903
28909
28910
28911
28913
28914
28916
28917
28919
28922
28923
28925
28926
28927
28928
28929
28930
28931
28933
28934
28935
28936
28938
28939
28940
28941
28942
28943
28944
28946
28947
28954
28955
28956
28957
28958
28960
28961
28962
28965
28971
28973
28974
28975
28976
28977
28978
28981
28982
28984
28985
28986
28987
28988
28989
28990
28991
28992
28994
28996
28998
28999
29002
29003
29004
29005
29006
29007
29008
29009
29010
29011
29012
29013
29017
29019
29020
29021
29022
29023
29024
29025
29027
29028
29029
29030
29031
29033
29034
29035
29036
29037
29038
29039
29040
29043
29044
29047
29048
29049
29050
29051
29053
29055
29057
29058
29059
29060
29061
29063
29064
29068
29069
29070
29071
29076
29080
29081
29083
29084
29085
29086
29087
29088
29089
29093
29094
29095
29096
29097
29098
29099
29103
29104
29105
29106
29107
29108
29110
29111
29112
29115
29117
29119
29121
29122
29123
29124
29125
29126
29131
29135
29138
29139
29140
29141
29142
29143
29144
29145
29151
29152
29153
29154
29155
29156
29157
29158
29159
29160
29165
29166
29167
29168
29169
29170
29171
29172
29174
29175
29176
29177
29178
29184
29185
29186
29189
29190
29194
29195
29196
29197
29198
29202
29203
29204
29205
29206
29207
29211
29212
29213
29215
29221
29223
29224
29225
29226
29227
29228
29229
29230
29231
29232
29233
29239
29240
29243
29244
29245
29246
29247
29248
29249
29250
29252
29253
29254
29255
29256
29259
29260
29262
29264
29265
29266
29267
29270
29271
29274
29278
29281
29283
29284
29285
29286
29287
29289
29290
29291
29292
29293
29297
29299
29302
29306
29307
29308
29309
29310
29311
29314
29316
29318
29322
29323
29324
29325
29326
29327
29328
29329
29331
29332
29333
29334
29337
29341
29342
29343
29344
29345
29346
29347
29348
29349
29352
29357
29359
29360
29361
29362
29363
29366
29367
29370
29372
29373
29374
29377
29378
29381
29382
29383
29384
29388
29389
29390
29391
29392
29393
29394
29395
29396
29397
29398
29399
29401
29403
29404
29406
29407
29408
29410
29412
29413
29414
29415
29416
29417
29418
29419
29420
29421
29422
29423
29425
29427
29428
29431
29432
29433
29435
29437
29438
29439
29440
29441
29442
29443
29446
29447
29448
29449
29450
29451
29452
29454
29455
29456
29458
29460
29461
29462
29463
29467
29468
29469
29470
29471
29472
29473
29474
29475
29485
29486
29487
29488
29489
29490
29492
29493
29495
29496
29498
29501
29504
29505
29506
29507
29508
29511
29512
29513
29514
29515
29516
29517
29519
29524
29525
29526
29529
29530
29531
29534
29538
29539
29540
29541
29542
29543
29550
29551
29552
29555
29556
29557
29562
29563
29564
29565
29566
29567
29568
29570
29572
29573
29577
29578
29579
29580
29581
29582
29589
29590
29591
29592
29593
29594
29596
29598
29599
29600
29602
29604
29605
29606
29607
29609
29610
29612
29615
29616
29618
29619
29620
29621
29623
29624
29625
29626
29627
29630
29631
29634
29635
29638
29639
29640
29641
29642
29643
29644
29645
29646
29650
29652
29653
29654
29655
29657
29658
29659
29663
29664
29665
29673
29674
29675
29676
29678
29679
29680
29681
29683
29685
29686
29688
29689
29690
29691
29693
29694
29695
29696
29699
29700
29703
29706
29707
29711
29712
29713
29716
29717
29719
29724
29726
29727
29730
29731
29732
29733
29734
29736
29737
29741
29742
29743
29746
29747
29748
29749
29752
29754
29758
29763
29764
29765
29766
29767
29769
29770
29773
29774
29777
29778
29781
29782
29783
29785
29787
29788
29789
29792
29793
29798
29800
29801
29802
29803
29804
29806
29810
29814
29815
29816
29821
29823
29825
29826
29827
29828
29830
29831
29832
29833
29835
29836
29837
29838
29839
29840
29841
29842
29845
29846
29848
29850
29851
29852
29853
29854
29855
29856
29858
29860
29866
29868
29870
29871
29872
29873
29875
29878
29879
29881
29882
29885
29886
29887
29888
29890
29891
29893
29894
29895
29896
29897
29898
29899
29900
29903
29905
29906
29907
29908
29909
29910
29911
29915
29916
29918
29919
29920
29921
29922
29923
29924
29925
29930
29933
29936
29937
29938
29939
29940
29941
29950
29952
29953
29954
29955
29956
29957
29963
29964
29966
29967
29968
29969
29976
29977
29978
29979
29980
29981
29987
29988
29989
29990
29991
29992
29993
29994
29995
29996
29997
29998
29999
30000
30001
30002
30003
30004
30009
30010
30014
30015
30017
30024
30032
30033
30035
30036
30038
30041
30042
30049
30052
30053
30054
30055
30057
30058
30060
30062
30063
30064
30065
30067
30068
30069
30080
30081
30082
30084
30086
30087
30088
30096
30097
30101
30102
30104
30105
30107
30108
30110
30112
30114
30115
30116
30117
30123
30131
30133
30134
30135
30136
30137
30138
30139
30141
30145
30148
30159
30161
30163
30166
30167
30168
30169
30173
30174
30175
30183
30184
30188
30190
30192
30195
30196
30197
30198
30199
30200
30201
30204
30205
30206
30207
30208
30209
30210
30212
30222
30223
30224
30225
30226
30227
30228
30229
30239
30248
30250
30252
30254
30255
30256
30258
30261
30263
30264
30278
30279
30281
30282
30283
30284
30289
30290
30291
30292
30293
30294
30297
30302
30304
30306
30307
30308
30309
30310
30311
30312
30313
30314
30315
30318
30320
30328
30330
30331
30332
30334
30335
30336
30337
30338
30339
30341
30342
30343
30344
30345
30346
30348
30351
30357
30358
30359
30361
30362
30363
30364
30365
30366
30367
30371
30375
30379
30382
30383
30385
30386
30387
30393
30394
30399
30401
30402
30405
30406
30407
30409
30410
30411
30412
30413
30414
30416
30417
30418
30419
30420
30421
30422
30423
30426
30432
30434
30435
30436
30437
30440
30443
30455
30456
30458
30459
30460
30461
30462
30463
30464
30470
30473
30475
30477
30479
30480
30481
30482
30483
30484
30485
30486
30487
30488
30489
30490
30500
30502
30503
30504
30506
30507
30508
30512
30513
30514
30516
30518
30520
30523
30526
30527
30528
30529
30531
30532
30533
30539
30540
30541
30542
30549
30550
30558
30559
30561
30562
30563
30564
30565
30566
30568
30569
30570
30571
30572
30573
30585
30588
30589
30590
30591
30593
30596
30601
30611
30612
30613
30614
30615
30616
30617
30620
30622
30623
30624
30637
30638
30639
30641
30642
30643
30644
30645
30646
30647
30648
30649
30655
30666
30667
30668
30669
30670
30671
30675
30676
30682
30683
30688
30691
30692
30694
30696
30697
30698
30699
30700
30706
30711
30714
30716
30718
30719
30720
30722
30723
30724
30725
30740
30743
30744
30745
30746
30748
30749
30750
30751
30752
30753
30755
30758
30761
30764
30767
30768
30769
30770
30771
30772
30773
30774
30775
30778
30792
30797
30799
30801
30802
30803
30804
30818
30823
30824
30825
30826
30827
30828
30829
30831
30832
30833
30834
30835
30836
30841
30845
30849
30850
30851
30853
30854
30855
30856
30859
30860
30864
30865
30866
30867
30868
30869
30873
30879
30880
30882
30883
30884
30885
30886
30887
30888
30889
30890
30891
30906
30909
30910
30911
30912
30913
30914
30915
30916
30918
30922
30925
30928
30935
30937
30938
30939
30941
30942
30943
30944
30946
30947
30948
30949
30951
30958
30966
30967
30968
30969
30971
30972
30973
30974
30975
30978
30980
30982
30987
30990
30992
30995
30998
30999
31001
31014
31015
31016
31017
31018
31020
31021
31022
31023
31024
31030
31031
31033
31039
31050
31051
31052
31053
31055
31056
31057
31058
31059
31061
31063
31064
31071
31072
31073
31074
31075
31076
31079
31082
31084
31085
31088
31095
31097
31098
31099
31100
31101
31110
31111
31122
31127
31128
31129
31130
31131
31132
31133
31134
31137
31143
31144
31153
31154
31155
31156
31157
31158
31159
31160
31161
31163
31166
31178
31179
31180
31181
31182
31183
31184
31185
31187
31195
31196
31200
31202
31203
31204
31206
31207
31208
31209
31210
31212
31213
31214
31215
31216
31219
31221
31222
31223
31224
31225
31226
31227
31234
31235
31236
31237
31238
31239
31240
31241
31242
31243
31244
31245
31246
31248
31259
31260
31261
31262
31263
31265
31266
31267
31270
31271
31274
31275
31276
31277
31282
31283
31284
31286
31295
31296
31297
31301
31302
31307
31310
31311
31312
31313
31323
31324
31325
31326
31327
31329
31330
31347
31349
31353
31354
31355
31356
31357
31358
31360
31376
31379
31380
31381
31386
31403
31404
31405
31406
31407
31408
31409
31410
31411
31412
31413
31423
31425
31427
31428
31429
31430
31431
31432
31433
31434
31435
31436
31439
31442
31444
31445
31447
31451
31452
31455
31464
31466
31467
31469
31473
31474
31476
31477
31478
31479
31480
31482
31483
31484
31494
31497
31500
31502
31504
31505
31508
31509
31510
31512
31522
31523
31524
31525
31526
31527
31528
31529
31530
31531
31533
31534
31535
31536
31537
31546
31547
31548
31549
31550
31552
31553
31554
31555
31556
31558
31560
31562
31564
31565
31566
31567
31571
31573
31574
31575
31577
31578
31580
31581
31582
31583
31584
31587
31588
31589
31591
31592
31593
31594
31595
31596
31597
31598
31599
31600
31601
31602
31603
31606
31611
31612
31618
31619
31620
31622
31623
31634
31638
31640
31641
31642
31643
31644
31645
31646
31647
31648
31649
31651
31652
31657
31658
31659
31660
31661
31672
31673
31674
31675
31676
31677
31679
31680
31681
31683
31685
31686
31687
31690
31704
31705
31706
31707
31708
31709
31710
31711
31713
31718
31729
31732
31733
31734
31735
31736
31737
31739
31741
31742
31743
31744
31758
31759
31760
31761
31762
31763
31764
31765
31766
31785
31786
31787
31789
31791
31792
31793
31794
31795
31796
31798
31799
31800
31801
31802
31813
31819
31822
31823
31824
31826
31830
31831
31835
31846
31847
31848
31850
31876
31881
31882
31888
31889
31930
31980
32000
32001
32002
32004
32006
32007
32009
32010
32017
32018
32019
32022
32024
32025
32026
32027
32028
32029
32030
32035
32037
32044
32046
32049
32050
32051
32052
32053
32054
32055
32056
32057
32074
32076
32077
32078
32079
32080
32082
32083
32084
32089
32098
32100
32101
32102
32103
32104
32106
32107
32108
32109
32110
32112
32117
32121
32122
32123
32124
32125
32126
32128
32129
32130
32131
32132
32133
32134
32135
32142
32143
32146
32147
32149
32150
32152
32153
32154
32155
32164
32165
32166
32167
32168
32169
32170
32171
32174
32175
32176
32177
32179
32180
32181
32182
32183
32188
32192
32193
32203
32204
32205
32206
32207
32208
32211
32216
32222
32223
32224
32225
32226
32227
32228
32229
32230
32231
32232
32233
32240
32248
32250
32251
32252
32254
32258
32259
32260
32262
32263
32264
32265
32279
32280
32281
32282
32284
32285
32287
32288
32289
32290
32292
32293
32295
32296
32297
32298
32302
32303
32305
32306
32307
32308
32310
32312
32313
32314
32315
32316
32317
32318
32320
32327
32328
32329
32330
32331
32332
32333
32335
32336
32337
32339
32354
32359
32360
32361
32362
32364
32365
32367
32372
32374
32376
32378
32379
32380
32381
32382
32383
32384
32385
32386
32387
32388
32390
32392
32395
32396
32399
32400
32402
32403
32413
32414
32415
32416
32417
32419
32420
32421
32422
32438
32439
32440
32441
32442
32443
32455
32456
32457
32460
32462
32464
32465
32466
32467
32468
32469
32470
32472
32473
32474
32475
32483
32489
32490
32491
32492
32493
32494
32499
32508
32509
32512
32513
32514
32515
32516
32517
32518
32519
32520
32521
32522
32524
32534
32535
32536
32538
32539
32543
32544
32545
32546
32547
32551
32552
32553
32558
32562
32572
32573
32574
32576
32577
32581
32595
32596
32597
32598
32599
32600
32602
32604
32608
32612
32614
32615
32617
32618
32619
32620
32621
32622
32623
32624
32625
32627
32628
32629
32641
32644
32645
32646
32647
32648
32649
32650
32651
32652
32664
32665
32666
32667
32668
32669
32670
32671
32673
32674
32675
32676
32678
32680
32681
32682
32683
32694
32696
32697
32699
32700
32702
32704
32714
32715
32716
32717
32718
32720
32721
32722
32723
32731
32732
32733
32734
32735
32736
32737
32738
32739
32740
32742
32743
32744
32747
32759
32760
32761
32762
32763
32765
32766
32767
32779
32780
32781
32783
32784
32785
32786
32787
32797
32798
32799
32800
32801
32802
32803
32804
32805
32806
32807
32809
32810
32813
32815
32823
32824
32825
32826
32827
32829
32831
32832
32833
32846
32847
32848
32849
32850
32851
32852
32862
32869
32872
32874
32875
32891
32892
32893
32894
32907
32908
32909
32911
32912
32913
32914
32915
32924
32925
32929
32930
32933
32941
32942
32943
32944
32945
32948
32950
32951
32965
32967
32968
32969
32970
32971
32972
32990
32992
32993
32995
32996
33024
33026
33027
33032
33041
33044
33045
33046
33047
33049
33050
33054
33057
33058
33060
33071
33074
33075
33076
33077
33078
33079
33080
33085
33086
33095
33098
33100
33101
33102
33105
33114
33117
33119
33121
33122
33123
33124
33126
33127
33141
33143
33144
33145
33147
33148
33149
33150
33151
33152
33153
33155
33156
33161
33164
33165
33166
33167
33168
33169
33170
33171
33172
33177
33179
33181
33187
33192
33193
33194
33195
33197
33198
33199
33445
33446
33447
33449
33451
33452
33461
33462
33463
33464
33465
33466
33536
33540
33543
33545
33547
33548
33550
33551
33552
33554
33555
33556
33557
33560
33561
33562
33563
33564
33565
33572
33573
33574
33575
33576
33577
33578
33579
33580
33582
33591
33594
33595
33596
33597
33598
33599
33601
33602
33604
33605
33609
33610
33611
33613
33619
33620
33621
33622
33623
33624
33625
33631
33632
33633
33634
33637
33646
33648
33649
33650
33658
33659
33660
33661
33662
33663
33664
33666
33676
33684
33691
33692
33693
33694
33695
33696
33697
33699
33702
33703
33704
33705
33706
33707
33708
33709
33711
33714
33715
33719
33720
33721
33722
33723
33725
33726
33728
33729
33730
33731
33736
33737
33738
33741
33742
33743
33744
33745
33746
33748
33749
33751
33755
33757
33759
33760
33761
33762
33764
33765
33766
33770
33771
33775
33776
33777
33778
33779
33781
33782
33784
33785
33786
33787
33788
33789
33790
33791
33792
33793
33794
33802
33803
33805
33806
33807
33808
33810
33811
33812
33813
33814
33816
33824
33830
33832
33833
33834
33836
33837
33838
33840
33842
33843
33844
33853
33858
33859
33860
33861
33864
33865
33866
33867
33868
33878
33885
33889
33891
33892
33893
33894
33895
33896
33897
33898
33900
33901
33902
33906
33911
33913
33914
33916
33918
33919
33920
33921
33922
33923
34061
34063
34064
34065
34066
34067
34068
34069
34070
34072
34073
34074
34075
34077
34078
34079
34080
34084
34085
34086
34142
34143
34144
34145
34146
34147
34148
34149
34153
34154
34158
34159
34162
34171
34173
34174
34175
34176
34177
34180
34183
34184
34185
34190
34193
34201
34202
34203
34204
34205
34206
34207
34211
34212
34227
34233
34235
34239
34240
34242
34243
34252
34255
34262
34263
34267
34268
34269
34270
34271
34272
34273
34274
34275
34276
34280
34281
34282
34284
34285
34286
34287
34288
34290
34291
34292
34295
34303
34304
34305
34306
34307
34347
34348
34350
34353
34355
34359
34361
34363
34368
34369
34371
34374
34381
34382
34391
34395
34398
34401
34403
34404
34406
34407
34408
34409
34411
34412
34413
34414
34423
34430
34435
34436
34437
34438
34440
34441
34444
34445
34448
34449
34450
34458
34461
34462
34463
34464
34465
34471
34472
34473
34474
34475
34476
34477
34478
34479
34480
34488
34489
34490
34491
34492
34493
34495
34497
34499
34500
34511
34513
34515
34516
34517
34518
34519
34520
34522
34524
34525
34526
34529
34530
34531
34532
34533
34534
34535
34536
34537
34538
34539
34540
34551
34554
34555
34556
34557
34558
34559
34560
34562
34564
34565
34570
34571
34575
34576
34577
34578
34579
34581
34584
34585
34586
34588
34592
34594
34596
34597
34598
34599
34600
34601
34603
34604
34609
34610
34618
34621
34622
34623
34624
34625
34626
34627
34629
34630
34631
34632
34637
34639
34646
34647
34648
34649
34650
34651
34652
34653
34656
34671
34672
34678
34679
34685
34689
34693
34694
34695
34696
34710
34711
34712
34713
34715
34718
34720
34721
34734
34736
34737
34738
34739
34741
34742
34744
34746
34758
34760
34761
34762
34763
34764
34765
34766
34767
34768
34769
34773
34778
34780
34782
34783
34784
34785
34786
34787
34789
34791
34800
34801
34802
34803
34804
34805
34806
34807
34808
34809
34810
34823
34824
34825
34826
34828
34830
34831
34833
34835
34837
34838
34853
34854
34855
34856
34858
34859
34866
34872
34874
34875
34876
34877
34878
34879
34880
34881
34887
34900
34901
34902
34903
34904
34905
34906
34907
34919
34920
34921
34922
34924
34925
34926
34927
34933
34934
34938
34939
34941
34943
34944
34946
35009
35011
35012
35014
35016
35017
35019
35022
35023
35024
35025
35026
35030
35036
35042
35045
35047
35048
35049
35050
35051
35056
35057
35062
35065
35067
35073
35076
35077
35078
35081
35087
35088
35098
35100
35101
35102
35103
35104
35113
35114
35116
35121
35123
35127
35128
35129
35130
35131
35138
35139
35145
35147
35151
35152
35153
35154
35155
35156
35157
35158
35160
35168
35169
35175
35178
35180
35181
35182
35183
35184
35185
35187
35188
35190
35191
35192
35193
35194
35195
35196
35197
35198
35200
35209
35211
35213
35214
35215
35230
35233
35234
35235
35237
35238
35239
35240
35241
35243
35244
35246
35255
35256
35258
35259
35260
35261
35262
35263
35266
35267
35269
35270
35271
35272
35273
35274
35276
35277
35278
35279
35280
35288
35289
35291
35292
35293
35294
35295
35296
35300
35301
35302
35303
35304
35305
35308
35312
35313
35324
35325
35326
35327
35328
35329
35330
35331
35332
35335
35337
35338
35339
35340
35341
35344
35345
35346
35348
35349
35350
35355
35357
35358
35359
35360
35361
35367
35368
35376
35381
35388
35390
35391
35392
35393
35398
35399
35400
35401
35406
35407
35416
35418
35420
35421
35422
35423
35424
35425
35426
35427
35430
35434
35439
35443
35445
35446
35447
35452
35453
35454
35455
35456
35458
35459
35461
35463
35464
35468
35474
35475
35477
35480
35482
35485
35488
35489
35491
35492
35512
35513
35515
35516
35531
35534
35535
35536
35537
35538
35539
35540
35541
35542
35546
35547
35548
35551
35562
35564
35566
35567
35568
35569
35574
35575
35576
35577
35585
35591
35593
35594
35597
35598
35603
35604
35605
35606
35609
35610
35611
35612
35613
35614
35616
35618
35619
35620
35622
35623
35626
35627
35632
35633
35641
35642
35643
35644
35645
35647
35655
35656
35657
35658
35664
35665
35666
35667
35668
35669
35670
35671
35676
35678
35680
35686
35687
35688
35689
35690
35691
35692
35694
35695
35702
35707
35708
35711
35713
35715
35716
35726
35727
35728
35730
35731
35732
35733
35736
35745
35746
35747
35757
35758
35759
35760
35765
35770
35771
35772
35773
35774
35775
35776
35785
35786
35788
35792
35802
35803
35804
35805
35806
35808
35809
35817
35822
35823
35825
35826
35828
35830
35831
35832
35833
35834
35835
35842
35843
35844
35845
35846
35847
35850
35852
35855
35858
35860
35861
35862
35873
35877
35880
35881
35885
35890
35891
35892
35893
35894
35895
35902
35905
35906
35907
35908
35916
35924
35925
35926
35927
35928
35930
35932
35933
35934
35956
35957
35958
35959
35960
35961
35962
35963
35968
35970
35971
35975
35978
35979
35980
35982
35984
35985
35986
35987
35988
35989
35991
35993
35999
36000
36001
36004
36005
36007
36009
36014
36015
36016
36017
36023
36025
36026
36027
36028
36033
36035
36036
36039
36042
36043
36044
36045
36046
36047
36049
36058
36059
36067
36068
36069
36070
36071
36073
36074
36078
36079
36081
36083
36085
36086
36087
36093
36098
36099
36100
36101
36102
36108
36109
36112
36113
36114
36145
36146
36148
36150
36151
36152
36153
36154
36155
36156
36157
36158
36159
36177
36181
36182
36185
36190
36191
36202
36208
36209
36210
36211
36213
36214
36215
36216
36217
36218
36220
36221
36222
36227
36228
36234
36237
36238
36239
36240
36241
36242
36243
36244
36246
36248
36249
36250
36265
36266
36267
36268
36274
36275
36289
36295
36296
36298
36299
36300
36301
36302
36303
36304
36306
36307
36318
36320
36322
36323
36324
36325
36326
36327
36328
36329
36332
36333
36339
36340
36341
36343
36344
36348
36349
36350
36351
36353
36354
36355
36356
36357
36359
36365
36366
36367
36368
36369
36370
36371
36372
36374
36375
36376
36383
36386
36387
36388
36389
36390
36392
36393
36394
36395
36396
36397
36399
36400
36401
36407
36408
36410
36412
36413
36414
36415
36416
36417
36418
36419
36421
36422
36431
36436
36448
36449
36450
36451
36452
36456
36457
36458
36459
36460
36461
36462
36469
36473
36474
36475
36476
36477
36478
36479
36480
36481
36482
36483
36484
36485
36487
36488
36489
36492
36493
36494
36498
36500
36501
36503
36504
36505
36506
36507
36510
36512
36513
36522
36529
36531
36533
36534
36535
36537
36538
36540
36541
36542
36543
36544
36545
36546
36547
36548
36549
36550
36552
36553
36554
36555
36558
36569
36571
36575
36577
36584
36585
36586
36591
36593
36594
36596
36597
36598
36601
36602
36603
36604
36605
36606
36607
36609
36615
36621
36623
36624
36625
36626
36627
36628
36631
36632
36634
36636
36639
36642
36643
36650
36651
36652
36653
36657
36658
36659
36660
36661
36662
36663
36672
36676
36677
36678
36679
36680
36681
36684
36688
36691
36692
36693
36695
36711
36712
36713
36715
36716
36717
36718
36719
36720
36727
36732
36737
36738
36740
36741
36742
36750
36751
36754
36755
36757
36758
36759
36760
36761
36762
36763
36764
36765
36766
36767
36768
36769
36771
36786
36787
36791
36792
36793
36794
36795
36796
36797
36800
36801
36802
36807
36819
36820
36821
36823
36824
36825
36826
36831
36833
36838
36839
36840
36841
36846
36847
36848
36857
36860
36862
36863
36864
36865
36866
36879
36881
36882
36883
36884
36885
36886
36887
36888
36892
36893
36895
36896
36901
36903
36908
36910
36911
36912
36913
36914
36915
36916
36917
36920
36927
36931
36932
36934
36937
36938
36939
36940
36941
36946
36959
36961
36962
36963
36964
36975
36976
36977
36978
36980
36981
36982
36983
36984
36985
36987
36988
36989
36990
36991
36999
37000
37001
37014
37015
37016
37017
37018
37019
37021
37038
37039
37040
37041
37042
37044
37045
37046
37053
37054
37063
37066
37068
37069
37070
37071
37072
37073
37074
37083
37084
37085
37089
37090
37093
37094
37095
37096
37097
37098
37100
37104
37105
37106
37107
37121
37122
37151
37152
37155
37157
37158
37161
37162
37163
37164
37165
37166
37167
37168
37169
37171
37173
37179
37180
37181
37182
37184
37185
37186
37187
37203
37204
37205
37206
37232
37233
37234
37236
37237
37239
37248
37249
37250
37251
37252
37258
37259
37260
37263
37267
37274
37278
37280
37281
37282
37283
37284
37285
37286
37291
37294
37305
37306
37311
37312
37313
37316
37318
37319
37320
37321
37322
37323
37324
37325
37326
37328
37329
37330
37331
37338
37339
37340
37342
37343
37344
37345
37347
37349
37353
37354
37363
37368
37372
37373
37374
37375
37376
37377
37378
37379
37392
37393
37395
37396
37397
37399
37403
37405
37406
37407
37408
37409
37410
37415
37420
37421
37429
37431
37432
37433
37434
37435
37438
37439
37440
37444
37451
37453
37454
37456
37457
37458
37460
37462
37466
37467
37468
37472
37473
37482
37483
37484
37485
37486
37487
37488
37490
37491
37493
37498
37500
37504
37505
37506
37509
37511
37512
37515
37519
37520
37522
37523
37525
37526
37527
37528
37529
37530
37532
37533
37534
37535
37536
37537
37540
37542
37545
37546
37549
37550
37551
37553
37554
37555
37556
37560
37565
37567
37568
37570
37576
37577
37579
37580
37582
37583
37584
37585
37586
37589
37603
37604
37607
37610
37611
37612
37613
37614
37615
37616
37617
37619
37633
37637
37639
37640
37641
37642
37643
37644
37645
37654
37656
37658
37659
37660
37661
37662
37663
37664
37682
37683
37685
37687
37688
37689
37691
37693
37694
37696
37697
37700
37701
37714
37715
37716
37717
37718
37722
37724
37726
37729
37730
37735
37736
37738
37739
37745
37747
37748
37749
37750
37751
37753
37754
37755
37757
37760
37764
37766
37767
37768
37769
37770
37771
37775
37776
37777
37779
37780
37781
37783
37784
37785
37786
37790
37795
37801
37804
37805
37807
37808
37809
37810
37811
37812
37813
37817
37819
37820
37821
37823
37824
37825
37836
37838
37839
37840
37841
37842
37843
37844
37846
37847
37849
37850
37851
37853
37854
37869
37870
37871
37872
37873
37874
37875
37876
37878
37879
37880
37881
37883
37884
37886
37892
37893
37897
37898
37899
37900
37901
37904
37906
37908
37911
37912
37913
37914
37917
37918
37926
37928
37929
37930
37931
37932
37933
37934
37935
37936
37937
37938
37939
37941
37942
37943
37944
37946
37961
37966
37969
37970
37971
37972
37973
37975
37976
37978
37979
37986
37989
37993
37995
37996
37997
37999
38000
38001
38016
38023
38026
38028
38029
38030
38031
38036
38038
38040
38045
38048
38049
38050
38051
38052
38053
38054
38055
38056
38057
38058
38061
38064
38066
38068
38069
38070
38071
38073
38074
38075
38076
38077
38078
38079
38080
38081
38082
38083
38084
38087
38088
38091
38092
38095
38096
38097
38098
38099
38100
38101
38102
38108
38109
38110
38111
38113
38115
38124
38130
38131
38132
38133
38134
38135
38136
38137
38138
38139
38140
38145
38148
38154
38156
38157
38158
38159
38160
38161
38162
38163
38164
38165
38166
38167
38168
38169
38189
38190
38191
38192
38193
38194
38195
38196
38197
38198
38200
38201
38207
38208
38209
38220
38225
38226
38227
38230
38232
38233
38234
38235
38236
38242
38249
38250
38253
38255
38256
38257
38258
38288
38292
38293
38295
38296
38297
38298
38305
38308
38312
38315
38322
38328
38329
38330
38331
38333
38334
38337
38339
38343
38344
38346
38348
38350
38355
38356
38357
38358
38359
38360
38361
38362
38369
38373
38375
38376
38377
38378
38379
38382
38383
38386
38389
38390
38391
38392
38395
38396
38397
38398
38399
38400
38401
38402
38403
38404
38405
38406
38407
38408
38409
38410
38411
38412
38418
38420
38439
38440
38444
38445
38447
38448
38449
38450
38451
38454
38459
38460
38462
38463
38465
38474
38477
38478
38479
38480
38481
38482
38483
38484
38485
38496
38501
38504
38506
38508
38509
38511
38512
38513
38514
38515
38516
38517
38518
38519
38521
38523
38524
38525
38526
38528
38530
38532
38534
38535
38536
38537
38538
38546
38547
38550
38551
38552
38553
38554
38555
38556
38557
38558
38559
38560
38561
38562
38563
38564
38565
38568
38570
38572
38576
38581
38587
38589
38590
38591
38592
38602
38606
38607
38609
38610
38611
38612
38613
38614
38615
38616
38617
38618
38619
38622
38623
38624
38626
38627
38630
38631
38632
38637
38645
38646
38647
38648
38649
38650
38651
38653
38669
38672
38673
38678
38679
38680
38682
38688
38696
38699
38702
38705
38711
38717
38718
38719
38720
38721
38722
38723
38724
38725
38726
38727
38728
38730
38743
38746
38747
38748
38749
38754
38755
38756
38757
38768
38769
38770
38771
38772
38773
38774
38775
38777
38778
38779
38780
38782
38783
38784
38787
38788
38789
38802
38803
38804
38805
38806
38807
38811
38821
38823
38826
38829
38830
38831
38832
38833
38834
38835
38836
38840
38841
38842
38843
38855
38856
38857
38858
38859
38860
38861
38862
38863
38864
38865
38866
38872
38880
38883
38885
38886
38889
38890
38892
38893
38896
38897
38900
38901
38902
38907
38908
38909
38911
38912
38918
38919
38921
38922
38923
38924
38925
38927
38928
38929
38930
38944
38945
38950
38951
38952
38953
38954
38956
38957
38958
38959
38960
38971
38979
38981
38983
38984
38985
38986
38987
38988
38989
38990
38996
39004
39008
39009
39010
39012
39015
39021
39024
39038
39039
39040
39042
39043
39044
39049
39050
39054
39057
39061
39063
39065
39066
39067
39068
39069
39070
39071
39075
39077
39088
39097
39098
39099
39100
39104
39105
39106
39111
39120
39122
39123
39125
39126
39127
39128
39129
39130
39131
39133
39134
39135
39136
39137
39138
39140
39143
39147
39149
39152
39157
39159
39168
39169
39170
39171
39172
39173
39176
39177
39183
39193
39194
39200
39201
39202
39203
39204
39205
39206
39210
39213
39214
39215
39225
39226
39227
39228
39230
39231
39232
39233
39236
39237
39239
39240
39241
39242
39243
39244
39245
39247
39248
39249
39250
39253
39257
39258
39259
39260
39261
39262
39263
39265
39266
39267
39271
39272
39281
39288
39290
39291
39293
39294
39295
39296
39299
39303
39306
39308
39319
39320
39321
39322
39323
39325
39326
39329
39339
39340
39343
39345
39346
39347
39349
39350
39351
39353
39358
39371
39372
39373
39374
39375
39376
39377
39378
39379
39384
39387
39388
39389
39390
39391
39392
39393
39394
39397
39404
39405
39406
39407
39412
39422
39426
39429
39431
39432
39433
39434
39435
39436
39437
39438
39439
39440
39443
39462
39463
39464
39465
39466
39467
39469
39470
39471
39476
39479
39480
39482
39492
39494
39495
39496
39497
39498
39499
39500
39501
39502
39503
39504
39505
39506
39508
39511
39512
39514
39522
39523
39524
39525
39527
39528
39529
39530
39535
39540
39552
39553
39554
39555
39556
39557
39558
39559
39560
39564
39565
39569
39570
39571
39572
39573
39574
39581
39584
39593
39594
39595
39596
39598
39600
39602
39603
39604
39608
39609
39611
39612
39613
39614
39620
39624
39628
39629
39630
39634
39635
39636
39637
39638
39649
39654
39656
39659
39660
39662
39663
39664
39665
39667
39678
39680
39685
39686
39688
39689
39690
39691
39703
39704
39714
39720
39721
39722
39723
39724
39725
39726
39727
39731
39733
39737
39738
39740
39741
39743
39744
39745
39746
39752
39754
39756
39764
39771
39774
39776
39777
39778
39779
39780
39781
39782
39784
39792
39793
39794
39795
39796
39798
39801
39802
39803
39804
39805
39806
39807
39808
39810
39811
39812
39814
39828
39834
39835
39836
39837
39838
39839
39841
39851
39854
39855
39856
39857
39858
39859
39860
39861
39862
39863
39864
39865
39866
39867
39870
39872
39874
39889
39890
39891
39892
39894
39895
39896
39897
39898
39900
39901
39905
39906
39907
39908
39909
39915
39916
39917
39920
39921
39922
39936
39937
39938
39939
39941
39942
39943
39944
39945
39954
39957
39958
39959
39960
39961
39962
39963
39964
39965
39966
39967
39969
39976
39979
39980
39984
39985
39986
39987
39988
39989
39990
39991
39994
39995
39996
39997
39998
39999
40000
40001
40003
40007
40015
40017
40018
40019
40020
40021
40022
40024
40025
40030
40031
40033
40034
40039
40040
40042
40043
40044
40045
40046
40047
40048
40051
40052
40053
40056
40057
40058
40059
40061
40062
40063
40065
40066
40067
40068
40069
40070
40071
40072
40073
40074
40087
40094
40095
40096
40097
40098
40109
40118
40121
40122
40123
40124
40125
40126
40128
40131
40134
40135
40139
40142
40143
40151
40166
40171
40172
40173
40175
40184
40187
40191
40193
40194
40195
40196
40197
40208
40209
40210
40211
40212
40213
40214
40215
40218
40219
40234
40235
40236
40237
40238
40239
40240
40246
40248
40257
40263
40264
40265
40266
40267
40268
40269
40270
40273
40274
40275
40276
40279
40285
40290
40295
40296
40297
40300
40304
40306
40311
40316
40317
40322
40326
40327
40328
40331
40345
40346
40347
40348
40375
40389
40390
40395
40398
40399
40401
40411
40412
40413
40414
40415
40416
40417
40418
40421
40422
40425
40426
40427
40428
40429
40430
40431
40445
40446
40451
40452
40453
40454
40455
40456
40457
40458
40459
40460
40464
40466
40468
40469
40470
40478
40479
40481
40482
40484
40485
40487
40488
40501
40504
40505
40506
40510
40512
40513
40514
40515
40516
40520
40529
40530
40531
40532
40533
40534
40536
40538
40540
40542
40543
40547
40548
40549
40551
40552
40553
40554
40565
40566
40567
40568
40569
40570
40571
40572
40573
40574
40579
40580
40582
40583
40587
40588
40592
40593
40595
40597
40598
40599
40600
40601
40602
40603
40604
40606
40608
40623
40626
40627
40628
40629
40630
40632
40636
40639
40640
40645
40657
40658
40661
40662
40672
40673
40674
40675
40679
40684
40686
40687
40688
40690
40691
40692
40693
40714
40715
40716
40718
40720
40721
40722
40723
40725
40726
40729
40734
40735
40740
40741
40742
40743
40744
40745
40746
40747
40751
40752
40753
40758
40759
40760
40761
40763
40764
40765
40766
40767
40768
40769
40788
40789
40790
40794
40795
40796
40797
40798
40799
40800
40801
40802
40805
40806
40807
40814
40818
40819
40820
40821
40822
40823
40824
40825
40826
40827
40828
40829
40830
40846
40847
40848
40849
40850
40851
40853
40854
40855
40856
40857
40858
40865
40868
40869
40872
40873
40874
40875
40878
40879
40883
40884
40885
40886
40887
40895
40899
40904
40905
40906
40908
40909
40911
40917
40918
40919
40920
40921
40922
40923
40924
40925
40926
40927
40928
40929
40933
40935
40936
40940
40942
40944
40946
40947
40948
40949
40950
40951
40952
40953
40955
40956
40957
40958
40964
40969
40975
40976
40977
40978
40979
40981
40982
40984
40985
40987
40988
40989
40991
41004
41005
41006
41007
41008
41009
41010
41012
41013
41014
41015
41025
41027
41031
41032
41035
41036
41038
41040
41041
41042
41045
41051
41053
41055
41056
41057
41058
41059
41060
41062
41063
41064
41065
41066
41067
41068
41071
41073
41074
41076
41077
41078
41084
41090
41092
41093
41096
41098
41099
41101
41102
41103
41104
41116
41117
41121
41125
41126
41127
41136
41138
41139
41140
41141
41142
41145
41149
41152
41153
41155
41156
41157
41158
41159
41161
41162
41164
41166
41167
41170
41171
41172
41173
41181
41182
41183
41184
41186
41187
41188
41189
41190
41191
41192
41193
41198
41199
41200
41201
41202
41203
41204
41206
41207
41211
41213
41214
41222
41223
41224
41225
41226
41229
41230
41233
41234
41239
41240
41242
41244
41245
41246
41247
41248
41250
41252
41259
41268
41269
41270
41271
41272
41273
41274
41275
41276
41297
41298
41299
41300
41301
41302
41303
41304
41305
41306
41307
41311
41312
41313
41314
41315
41321
41324
41325
41326
41328
41329
41330
41331
41332
41333
41334
41340
41341
41342
41343
41346
41349
41350
41351
41352
41366
41368
41370
41371
41372
41373
41374
41377
41378
41384
41389
41393
41395
41397
41398
41400
41401
41402
41403
41405
41418
41424
41425
41426
41427
41428
41429
41430
41431
41432
41433
41435
41436
41437
41443
41447
41448
41449
41451
41452
41453
41457
41458
41459
41460
41461
41462
41463
41464
41465
41466
41467
41468
41470
41471
41475
41476
41486
41488
41494
41495
41496
41498
41499
41500
41501
41502
41505
41508
41509
41510
41511
41513
41518
41519
41522
41523
41524
41525
41527
41529
41533
41534
41540
41544
41545
41546
41548
41549
41550
41551
41552
41553
41554
41555
41558
41559
41560
41561
41585
41589
41590
41591
41592
41593
41596
41610
41611
41613
41614
41615
41616
41617
41618
41619
41620
41621
41622
41623
41625
41634
41641
41647
41648
41652
41653
41654
41655
41656
41657
41658
41660
41661
41662
41663
41664
41677
41679
41680
41681
41682
41683
41684
41685
41686
41687
41688
41695
41696
41709
41710
41772
41774
41775
41778
41779
41780
41781
41796
41799
41801
41802
41804
41805
41806
41807
41808
41809
41812
41815
41816
41819
41820
41827
41829
41830
41831
41832
41833
41834
41835
41848
41849
41852
41856
41857
41858
41859
41861
41862
41881
41882
41884
41885
41886
41887
41888
41901
41903
41910
41911
41912
41913
41914
41916
41917
41918
41919
41920
41921
41924
41926
41927
41928
41933
41934
41935
41940
41941
41944
41945
41946
41948
41949
41950
41951
41953
41954
41955
41956
41958
41959
41960
41964
41965
41966
41967
41968
41969
41973
41975
41976
41977
41978
41979
41981
41982
41983
41985
41986
41987
41988
41989
41990
41991
41993
41994
41997
41998
42004
42007
42008
42009
42011
42012
42013
42014
42015
42016
42017
42018
42021
42022
42034
42035
42036
42037
42038
42039
42040
42041
42044
42045
42046
42047
42049
42050
42052
42054
42061
42062
42063
42064
42065
42067
42069
42071
42079
42081
42082
42083
42084
42085
42086
42087
42088
42089
42092
42093
42094
42095
42098
42099
42101
42102
42103
42104
42106
42108
42111
42122
42124
42125
42126
42128
42129
42130
42131
42132
42133
42134
42135
42136
42139
42140
42141
42143
42144
42149
42150
42151
42152
42157
42158
42159
42161
42166
42169
42171
42172
42173
42174
42176
42177
42178
42179
42180
42184
42185
42190
42192
42194
42195
42202
42204
42205
42207
42208
42209
42211
42212
42213
42214
42215
42224
42226
42227
42232
42238
42240
42241
42242
42243
42244
42247
42248
42252
42253
42255
42256
42268
42269
42270
42271
42272
42273
42274
42281
42283
42287
42288
42289
42290
42291
42292
42304
42305
42306
42307
42308
42309
42312
42313
42322
42326
42327
42328
42329
42330
42331
42332
42333
42334
42335
42336
42338
42339
42340
42346
42349
42350
42351
42352
42353
42354
42355
42357
42358
42359
42360
42361
42362
42363
42364
42365
42366
42367
42369
42370
42371
42372
42373
42375
42376
42382
42383
42385
42387
42388
42389
42390
42391
42392
42393
42394
42398
42407
42409
42410
42411
42412
42416
42417
42418
42419
42420
42422
42423
42424
42425
42426
42428
42429
42430
42431
42433
42434
42435
42436
42439
42440
42441
42447
42451
42452
42453
42454
42455
42456
42458
42459
42460
42461
42467
42468
42469
42472
42473
42474
42475
42480
42481
42484
42486
42488
42489
42490
42492
42493
42494
42495
42496
42501
42502
42503
42507
42508
42509
42510
42511
42512
42513
42523
42524
42525
42526
42527
42528
42529
42530
42531
42535
42541
42542
42544
42545
42549
42550
42551
42552
42553
42554
42555
42556
42557
42558
42559
42560
42561
42562
42563
42565
42567
42582
42583
42584
42585
42586
42587
42588
42590
42592
42593
42595
42596
42597
42598
42599
42600
42601
42602
42603
42604
42608
42609
42612
42618
42620
42621
42622
42623
42624
42625
42626
42627
42628
42629
42636
42639
42640
42641
42644
42648
42651
42652
42654
42655
42660
42661
42662
42663
42664
42666
42668
42681
42682
42683
42684
42685
42686
42687
42688
42689
42702
42705
42706
42707
42708
42709
42710
42713
42726
42730
42731
42732
42733
42734
42735
42736
42737
42738
42739
42748
42752
42755
42758
42759
42761
42762
42763
42764
42766
42769
42770
42771
42773
42774
42775
42776
42777
42790
42794
42796
42798
42799
42802
42803
42804
42805
42806
42807
42810
42816
42820
42829
42830
42831
42832
42833
42834
42839
42840
42841
42842
42844
42845
42847
42855
42856
42857
42858
42859
42860
42861
42862
42863
42864
42866
42867
42868
42869
42871
42872
42874
42875
42876
42882
42883
42884
42885
42886
42887
42888
42897
42898
42899
42900
42901
42902
42903
42904
42905
42906
42907
42908
42909
42910
42911
42912
42913
42915
42916
42917
42920
42921
42924
42926
42928
42929
42930
42931
42932
42933
42934
42936
42937
42938
42939
42940
42950
42951
42953
42954
42955
42956
42957
42958
42959
42960
42975
42979
42981
42982
42983
42984
42985
42986
42987
42988
42994
42995
42997
42998
43000
43001
43002
43003
43004
43005
43006
43007
43008
43009
43010
43011
43012
43013
43014
43016
43017
43018
43019
43020
43022
43024
43025
43027
43028
43030
43037
43038
43042
43044
43045
43046
43047
43048
43049
43050
43051
43052
43053
43054
43056
43057
43058
43059
43061
43063
43065
43066
43068
43071
43072
43074
43075
43076
43079
43082
43083
43084
43085
43086
43087
43088
43096
43097
43098
43099
43100
43101
43102
43108
43114
43119
43121
43123
43124
43125
43127
43129
43134
43135
43136
43138
43141
43142
43145
43146
43147
43152
43155
43156
43157
43158
43159
43160
43161
43163
43164
43165
43166
43171
43172
43174
43177
43181
43182
43185
43186
43187
43190
43192
43193
43194
43195
43212
43214
43215
43216
43217
43218
43219
43220
43225
43226
43227
43228
43235
43238
43240
43241
43242
43243
43244
43245
43247
43249
43272
43273
43274
43275
43276
43278
43279
43280
43283
43284
43285
43286
43287
43306
43307
43308
43309
43310
43312
43313
43315
43318
43324
43325
43326
43327
43328
43329
43332
43333
43338
43339
43344
43348
43350
43352
43353
43354
43355
43369
43371
43372
43380
43381
43382
43383
43384
43385
43389
43400
43402
43403
43404
43405
43420
43429
43430
43431
43432
43433
43434
43437
43438
43439
43442
43449
43451
43452
43453
43454
43455
43463
43464
43476
43478
43479
43480
43481
43482
43483
43489
43491
43495
43496
43498
43499
43503
43504
43522
43524
43525
43526
43527
43529
43531
43532
43533
43534
43535
43536
43537
43538
43539
43540
43541
43542
43543
43544
43546
43547
43549
43551
43552
43553
43554
43555
43556
43558
43559
43573
43574
43575
43576
43577
43583
43589
43590
43591
43592
43593
43594
43595
43596
43597
43598
43599
43600
43601
43615
43618
43619
43620
43621
43622
43623
43624
43637
43638
43641
43643
43644
43645
43654
43657
43659
43660
43661
43662
43663
43665
43666
43667
43674
43678
43681
43682
43683
43684
43685
43686
43689
43697
43702
43703
43704
43705
43706
43707
43708
43709
43710
43712
43713
43715
43716
43718
43725
43727
43730
43731
43732
43733
43734
43735
43736
43737
43738
43739
43740
43741
43742
43743
43744
43754
43755
43758
43759
43760
43761
43762
43763
43765
43766
43767
43769
43776
43789
43790
43791
43792
43793
43794
43795
43796
43797
43799
43800
43801
43802
43803
43804
43805
43807
43813
43827
43829
43830
43831
43836
43837
43839
43849
43850
43851
43853
43856
43857
43858
43859
43876
43881
43882
43883
43887
43888
43889
43890
43892
43894
43902
43904
43905
43906
43908
43909
43913
43914
43917
43923
43932
43933
43934
43935
43936
43937
43938
43939
43940
43941
43942
43944
43945
43954
43955
43956
43957
43958
43959
43960
43961
43972
43973
43974
43975
43976
43977
43978
43979
43980
43982
43983
43984
43985
43988
43989
44003
44007
44010
44011
44027
44034
44035
44037
44039
44040
44041
44042
44045
44047
44048
44056
44057
44058
44059
44060
44061
44062
44063
44064
44065
44089
44090
44093
44094
44097
44098
44099
44100
44101
44109
44118
44119
44120
44121
44122
44123
44124
44125
44126
44242
44245
44246
44257
44261
44262
44263
44264
44265
44266
44268
44269
44270
44271
44272
44289
44296
44297
44298
44299
44300
44301
44308
44311
44312
44313
44314
44319
44321
44322
44323
44325
44326
44327
44328
44345
44346
44347
44348
44350
44351
44352
44353
44355
44362
44363
44369
44372
44373
44374
44375
44380
44390
44392
44393
44394
44395
44396
44397
44398
44399
44400
44402
44404
44410
44412
44414
44415
44416
44417
44419
44420
44421
44422
44427
44433
44437
44440
44441
44444
44445
44450
44451
44456
44459
44460
44463
44464
44465
44467
44470
44479
44484
44485
44486
44487
44488
44489
44490
44491
44493
44497
44498
44499
44500
44501
44502
44505
44506
44507
44508
44509
44511
44513
44514
44517
44518
44520
44521
44522
44525
44526
44530
44539
44541
44542
44543
44544
44546
44547
44548
44549
44550
44551
44552
44553
44555
44557
44558
44560
44565
44581
44582
44583
44584
44586
44587
44590
44591
44609
44610
44611
44612
44613
44615
44616
44617
44618
44619
44620
44621
44622
44631
44636
44637
44638
44640
44641
44642
44643
44644
44645
44646
44663
44664
44672
44681
44682
44684
44685
44687
44690
44691
44692
44693
44694
44700
44718
44721
44722
44723
44724
44728
44730
44732
44733
44735
44736
44737
44738
44752
44753
44754
44757
44758
44775
44776
44777
44778
44779
44780
44781
44782
44783
44784
44797
44800
44801
44802
44803
44804
44805
44806
44807
44808
44811
44813
44814
44815
44827
44829
44830
44831
44832
44833
44836
44837
44838
44839
44840
44841
44849
44850
44851
44852
44853
44854
44855
44856
44857
44860
44861
44862
44869
44872
44873
44874
44875
44876
44878
44879
44882
44883
44884
44885
44886
44888
44892
44903
44906
44907
44908
44909
44910
44918
44919
44921
44923
44924
44925
44926
44927
44928
44929
44931
44933
44935
44936
44938
44939
44940
44941
44942
44944
44952
44955
44956
44957
44958
44959
44960
44962
44963
44966
44972
44974
44975
44976
44977
44978
44979
44981
44982
44984
44985
44986
44988
44991
44992
44993
44994
44995
44997
44999
45000
45002
45003
45004
45005
45006
45007
45008
45010
45013
45016
45019
45020
45031
45032
45034
45035
45036
45041
45043
45044
45045
45059
45060
45061
45062
45063
45066
45067
45071
45072
45077
45078
45079
45083
45085
45087
45088
45089
45090
45091
45092
45093
45097
45106
45110
45111
45122
45123
45126
45130
45141
45145
45147
45148
45149
45150
45151
45152
45157
45158
45159
45160
45161
45162
45163
45165
45166
45178
45179
45180
45181
45182
45184
45185
45186
45187
45189
45190
45195
45196
45197
45202
45203
45204
45208
45209
45210
45230
45231
45232
45233
45234
45235
45238
45240
45241
45242
45246
45254
45257
45258
45259
45260
45261
45263
45264
45268
45269
45270
45273
45274
45275
45276
45278
45286
45289
45290
45291
45292
45293
45294
45295
45296
45298
45302
45303
45304
45307
45310
45312
45313
45314
45315
45319
45321
45322
45323
45324
45325
45328
45329
45330
45343
45344
45345
45346
45347
45348
45349
45350
45361
45362
45363
45372
45374
45376
45377
45378
45379
45380
45381
45382
45383
45384
45385
45399
45400
45405
45406
45407
45408
45409
45410
45411
45425
45427
45431
45439
45441
45442
45443
45444
45445
45446
45447
45448
45450
45462
45463
45464
45477
45483
45484
45486
45487
45488
45489
45490
45491
45492
45498
45503
45505
45510
45516
45519
45520
45521
45522
45523
45525
45526
45534
45546
45549
45550
45552
45553
45554
45555
45556
45557
45559
45562
45564
45565
45571
45573
45574
45575
45576
45579
45580
45582
45583
45585
45589
45590
45591
45593
45596
45597
45605
45606
45607
45608
45609
45610
45611
45612
45613
45614
45615
45624
45626
45627
45628
45629
45630
45631
45632
45633
45634
45635
45638
45639
45644
45645
45646
45647
45648
45649
45668
45669
45670
45671
45672
45673
45674
45675
45676
45677
45678
45679
45681
45686
45687
45688
45696
45698
45700
45701
45703
45704
45705
45706
45707
45708
45714
45716
45720
45737
45738
45739
45740
45742
45743
45744
45747
45748
45749
45750
45751
45752
45754
45755
45756
45757
45763
45764
45766
45770
45771
45772
45773
45774
45775
45776
45785
45796
45799
45802
45803
45804
45805
45806
45807
45808
45810
45812
45813
45816
45817
45819
45820
45822
45833
45835
45838
45839
45840
45841
45842
45843
45844
45845
45868
45870
45871
45872
45873
45874
45875
45876
45877
45878
45879
45880
45881
45883
45884
45887
45888
45894
45895
45896
45897
45898
45899
45900
45901
45902
45903
45904
45905
45906
45908
45909
45910
45911
45926
45927
45928
45929
45930
45931
45932
45933
45935
45938
45944
45945
45946
45947
45948
45949
45950
45951
45952
45953
45954
45956
45961
45963
45964
45965
45966
45967
45968
45975
45976
45977
45978
45979
45985
45987
45994
45995
45996
45997
45998
46001
46002
46003
46007
46009
46023
46024
46025
46026
46027
46028
46029
46030
46032
46033
46042
46043
46045
46046
46047
46048
46049
46051
46053
46059
46060
46061
46062
46063
46064
46065
46066
46072
46073
46075
46082
46085
46086
46092
46094
46095
46096
46097
46098
46099
46100
46101
46102
46103
46104
46105
46106
46107
46110
46111
46112
46113
46128
46129
46133
46135
46136
46137
46138
46139
46140
46141
46142
46145
46156
46164
46165
46166
46167
46168
46169
46170
46171
46172
46173
46174
46175
46176
46177
46183
46184
46185
46186
46187
46193
46194
46195
46197
46198
46199
46200
46201
46202
46203
46204
46205
46206
46207
46208
46209
46211
46212
46213
46214
46215
46221
46230
46231
46233
46234
46235
46236
46237
46238
46239
46240
46241
46242
46243
46245
46248
46268
46269
46270
46271
46272
46273
46274
46275
46276
46277
46288
46292
46294
46295
46296
46297
46298
46299
46300
46301
46302
46303
46304
46305
46306
46307
46311
46312
46313
46317
46318
46319
46320
46322
46323
46324
46325
46326
46327
46328
46329
46330
46334
46337
46342
46347
46353
46354
46355
46358
46359
46360
46361
46362
46363
46364
46365
46366
46367
46368
46369
46370
46394
46396
46397
46398
46400
46401
46402
46406
46410
46414
46415
46416
46417
46418
46421
46430
46431
46432
46433
46434
46441
46445
46452
46454
46455
46458
46459
46460
46463
46464
46465
46466
46467
46470
46472
46475
46479
46482
46483
46484
46485
46488
46491
46495
46497
46498
46499
46503
46504
46520
46521
46522
46527
46528
46529
46530
46531
46532
46533
46534
46535
46536
46537
46538
46540
46541
46543
46544
46549
46557
46558
46559
46560
46561
46562
46563
46564
46565
46566
46567
46568
46569
46570
46571
46572
46573
46575
46584
46589
46590
46591
46592
46593
46595
46602
46603
46604
46605
46606
46607
46608
46609
46617
46618
46619
46620
46621
46622
46623
46624
46625
46626
46627
46628
46629
46630
46631
46632
46636
46638
46644
46653
46654
46656
46657
46658
46659
46660
46661
46666
46680
46682
46683
46684
46685
46686
46687
46688
46689
46691
46692
46693
46696
46702
46703
46711
46712
46713
46714
46715
46716
46717
46718
46719
46720
46721
46722
46723
46724
46726
46727
46728
46729
46741
46748
46750
46751
46752
46753
46754
46757
46759
46763
46766
46777
46778
46779
46780
46781
46782
46783
46788
46794
46795
46802
46804
46805
46806
46807
46808
46810
46811
46812
46813
46814
46815
46816
46822
46823
46824
46825
46826
46828
46836
46838
46840
46841
46842
46843
46844
46845
46846
46847
46848
46849
46851
46855
46856
46866
46868
46870
46871
46874
46875
46877
46878
46879
46880
46884
46885
46886
46887
46888
46890
46891
46892
46899
46900
46902
46903
46904
46905
46906
46907
46908
46909
46910
46911
46913
46914
46915
46941
46942
46943
46944
46945
46948
46949
46950
46952
46953
46954
46966
46967
46969
46971
46972
46973
46974
46975
46976
46977
46978
46979
46980
46994
46998
46999
47000
47001
47002
47003
47011
47014
47018
47020
47022
47023
47025
47026
47027
47028
47029
47030
47031
47032
47033
47035
47052
47053
47054
47055
47056
47057
47061
47066
47071
47072
47073
47074
47075
47076
47077
47078
47079
47080
47081
47082
47083
47084
47085
47086
47087
47089
47094
47095
47096
47097
47100
47105
47109
47110
47111
47112
47113
47114
47115
47116
47117
47118
47119
47123
47132
47133
47134
47135
47136
47137
47139
47140
47141
47142
47144
47145
47146
47148
47155
47156
47157
47158
47159
47160
47161
47162
47163
47164
47165
47166
47167
47168
47169
47184
47185
47186
47187
47188
47189
47190
47193
47196
47197
47210
47214
47215
47216
47217
47218
47219
47221
47223
47224
47225
47226
47227
47228
47230
47231
47245
47246
47247
47248
47249
47250
47251
47255
47266
47267
47268
47270
47274
47275
47276
47277
47278
47279
47280
47281
47286
47304
47305
47306
47309
47310
47311
47326
47327
47328
47329
47330
47331
47332
47333
47334
47337
47338
47339
47342
47343
47344
47345
47346
47350
47351
47352
47353
47354
47355
47356
47357
47359
47361
47374
47376
47377
47378
47379
47380
47381
47383
47384
47385
47386
47389
47390
47391
47392
47395
47396
47400
47402
47403
47404
47405
47406
47407
47415
47417
47419
47420
47421
47422
47423
47424
47425
47426
47427
47429
47431
47433
47438
47439
47440
47442
47443
47444
47445
47446
47447
47448
47449
47450
47462
47464
47465
47466
47468
47469
47470
47472
47473
47483
47484
47488
47489
47490
47491
47492
47493
47494
47497
47498
47499
47500
47510
47512
47513
47515
47516
47517
47520
47521
47522
47537
47538
47539
47540
47541
47542
47543
47544
47545
47548
47549
47550
47554
47555
47556
47557
47558
47559
47560
47563
47565
47566
47568
47569
47570
47578
47579
47580
47581
47603
47604
47605
47606
47607
47608
47609
47613
47615
47616
47622
47624
47626
47627
47628
47629
47630
47631
47632
47633
47634
47639
47640
47642
47646
47647
47651
47652
47654
47655
47656
47657
47658
47659
47660
47662
47663
47664
47666
47670
47672
47673
47676
47677
47678
47679
47680
47681
47682
47683
47684
47685
47686
47687
47689
47702
47703
47704
47705
47706
47707
47708
47709
47710
47711
47712
47716
47718
47719
47720
47722
47730
47732
47734
47735
47736
47737
47739
47740
47741
47742
47743
47746
47747
47748
47749
47751
47752
47753
47756
47761
47767
47768
47769
47770
47771
47772
47773
47774
47775
47777
47778
47782
47786
47787
47788
47789
47790
47791
47792
47793
47794
47795
47796
47797
47798
47799
47800
47801
47803
47805
47806
47808
47814
47815
47816
47817
47818
47819
47820
47821
47822
47823
47824
47825
47827
47829
47830
47831
47833
47834
47835
47836
47837
47838
47839
47851
47853
47855
47856
47857
47858
47859
47861
47863
47866
47868
47870
47872
47873
47875
47878
47879
47880
47881
47883
47884
47890
47891
47892
47893
47894
47895
47896
47897
47898
47899
47916
47917
47919
47920
47921
47922
47923
47924
47925
47926
47927
47931
47932
47933
47938
47940
47941
47942
47943
47944
47945
47946
47947
47948
47949
47950
47954
47955
47956
47957
47958
47959
47960
47962
47967
47972
47973
47980
47985
47986
47987
47988
47989
47990
47991
47992
47993
48000
48001
48003
48015
48016
48017
48018
48019
48020
48021
48028
48029
48030
48039
48042
48045
48046
48047
48049
48050
48051
48052
48053
48054
48065
48066
48067
48068
48069
48070
48071
48072
48073
48074
48075
48093
48094
48095
48096
48097
48098
48099
48100
48101
48103
48104
48105
48106
48107
48108
48118
48119
48120
48121
48122
48123
48124
48127
48128
48129
48132
48145
48146
48147
48148
48149
48150
48151
48153
48155
48163
48167
48170
48172
48173
48174
48175
48177
48181
48190
48192
48193
48194
48195
48196
48197
48198
48199
48200
48201
48202
48203
48205
48212
48215
48217
48218
48219
48220
48221
48222
48223
48224
48225
48226
48227
48228
48246
48248
48249
48250
48251
48253
48258
48268
48274
48275
48276
48277
48278
48279
48280
48281
48301
48302
48303
48304
48305
48306
48320
48321
48322
48333
48334
48335
48337
48339
48340
48341
48342
48344
48349
48352
48353
48357
48358
48359
48365
48366
48367
48368
48369
48370
48371
48372
48373
48375
48376
48378
48379
48381
48383
48384
48385
48390
48391
48394
48395
48397
48400
48405
48406
48407
48408
48409
48410
48411
48425
48428
48431
48432
48433
48434
48435
48436
48437
48438
48442
48446
48452
48454
48460
48461
48462
48463
48464
48465
48468
48469
48470
48472
48476
48477
48478
48491
48492
48496
48497
48498
48499
48500
48501
48503
48504
48506
48507
48514
48519
48520
48521
48523
48524
48533
48534
48535
48536
48537
48545
48547
48548
48550
48553
48554
48555
48556
48558
48559
48569
48571
48572
48573
48574
48575
48576
48577
48578
48579
48580
48581
48582
48583
48584
48585
48586
48587
48588
48589
48592
48607
48608
48609
48610
48611
48613
48614
48615
48616
48617
48618
48628
48632
48635
48636
48637
48638
48639
48640
48641
48642
48643
48644
48645
48647
48648
48651
48652
48654
48655
48658
48659
48662
48663
48666
48668
48669
48670
48679
48680
48681
48698
48702
48703
48717
48718
48719
48720
48722
48723
48725
48726
48727
48728
48731
48732
48733
48734
48735
48743
48750
48752
48753
48754
48755
48756
48757
48758
48759
48760
48761
48771
48772
48779
48780
48781
48782
48783
48785
48786
48787
48791
48795
48796
48808
48811
48812
48813
48814
48815
48816
48817
48818
48819
48821
48822
48823
48824
48825
48829
48832
48834
48835
48836
48843
48844
48845
48846
48847
48854
48859
48860
48861
48862
48863
48864
48865
48866
48867
48868
48869
48870
48871
48873
48874
48875
48876
48877
48878
48879
48880
48890
48891
48892
48893
48895
48897
48898
48899
48905
48924
48925
48926
48927
48928
48929
48930
48931
48932
48933
48934
48935
48936
48937
48938
48939
48940
48941
48949
48954
48955
48956
48958
48959
48960
48961
48962
48963
48964
48965
48977
48989
48990
48991
48992
48993
49008
49010
49011
49012
49013
49015
49016
49017
49018
49019
49020
49021
49022
49023
49027
49029
49030
49037
49045
49046
49047
49048
49049
49051
49052
49055
49056
49057
49058
49059
49079
49081
49084
49085
49086
49087
49090
49091
49093
49095
49104
49106
49107
49108
49109
49111
49115
49116
49117
49118
49131
49134
49135
49136
49137
49139
49141
49143
49144
49145
49146
49147
49149
49158
49160
49163
49164
49165
49166
49168
49169
49170
49171
49172
49176
49177
49178
49179
49180
49181
49182
49183
49184
49185
49186
49190
49191
49192
49202
49203
49204
49205
49206
49207
49208
49209
49210
49211
49212
49213
49215
49216
49218
49219
49221
49231
49233
49235
49236
49237
49238
49239
49240
49241
49242
49243
49244
49245
49248
49250
49257
49263
49264
49265
49266
49267
49268
49269
49270
49271
49272
49273
49274
49275
49284
49287
49289
49293
49294
49295
49301
49302
49306
49307
49308
49309
49310
49311
49312
49313
49316
49317
49327
49328
49329
49330
49331
49332
49333
49334
49335
49336
49337
49338
49356
49358
49359
49363
49366
49367
49368
49369
49370
49371
49372
49382
49384
49385
49386
49389
49390
49391
49392
49393
49394
49395
49396
49397
49398
49400
49403
49404
49407
49408
49424
49425
49426
49427
49428
49429
49439
49440
49446
49450
49451
49454
49455
49456
49463
49464
49478
49479
49480
49481
49482
49483
49484
49485
49486
49487
49490
49491
49492
49493
49501
49504
49505
49506
49507
49509
49510
49512
49513
49515
49523
49527
49529
49530
49531
49532
49533
49534
49535
49541
49542
49547
49550
49551
49560
49562
49563
49564
49565
49567
49568
49569
49570
49571
49572
49573
49591
49592
49594
49595
49596
49597
49598
49600
49602
49609
49612
49614
49615
49616
49617
49618
49619
49620
49621
49623
49628
49629
49630
49631
49632
49633
49636
49637
49638
49645
49647
49648
49649
49653
49654
49655
49658
49659
49660
49661
49662
49663
49664
49665
49667
49668
49671
49673
49684
49686
49688
49689
49690
49692
49693
49694
49695
49697
49698
49701
49702
49703
49704
49705
49707
49709
49711
49713
49714
49716
49717
49718
49719
49720
49721
49726
49729
49731
49737
49738
49739
49740
49752
49753
49758
49759
49760
49761
49762
49765
49766
49785
49786
49787
49788
49789
49790
49791
49792
49795
49802
49806
49807
49810
49813
49814
49815
49816
49817
49819
49820
49823
49824
49825
49828
49829
49830
49831
49832
49833
49834
49835
49838
49850
49857
49859
49862
49863
49865
49877
49883
49884
49885
49886
49887
49888
49891
49892
49893
49895
49897
49901
49902
49903
49904
49905
49906
49907
49908
49909
49910
49913
49914
49918
49919
49922
49929
49933
49935
49936
49937
49938
49939
49940
49941
49944
49946
49947
49948
49950
49961
49962
49963
49964
49965
49966
49967
49968
49970
49971
49972
49976
49977
49978
49991
49992
49993
49994
49996
49997
49998
50001
50002
50003
50004
50005
50006
50007
50009
50012
50018
50020
50021
50022
50023
50025
50026
50027
50028
50030
50038
50039
50041
50042
50043
50045
50046
50047
50048
50049
50050
50051
50053
50064
50068
50069
50071
50073
50074
50075
50076
50080
50081
50082
50084
50086
50093
50094
50095
50097
50099
50100
50101
50102
50108
50109
50110
50111
50112
50113
50114
50116
50117
50118
50119
50120
50121
50122
50125
50126
50127
50128
50129
50130
50131
50133
50134
50135
50136
50140
50150
50151
50152
50153
50154
50155
50156
50172
50174
50175
50176
50177
50178
50179
50180
50181
50182
50183
50184
50185
50186
50189
50190
50191
50193
50194
50195
50196
50197
50198
50199
50205
50207
50209
50210
50211
50212
50213
50214
50215
50216
50217
50218
50219
50220
50221
50222
50223
50224
50225
50226
50227
50228
50229
50230
50231
50232
50233
50234
50235
50236
50237
50238
50239
50240
50242
50252
50253
50254
50255
50256
50257
50258
50259
50260
50275
50277
50278
50279
50280
50281
50283
50284
50285
50288
50289
50291
50292
50293
50294
50297
50301
50302
50307
50308
50311
50312
50313
50314
50315
50316
50317
50318
50325
50327
50328
50329
50330
50331
50332
50333
50334
50347
50348
50351
50352
50353
50354
50355
50357
50358
50369
50378
50379
50380
50381
50382
50383
50385
50386
50387
50406
50408
50409
50410
50411
50413
50414
50415
50416
50417
50419
50427
50442
50443
50444
50445
50446
50447
50448
50450
50452
50454
50455
50456
50457
50458
50459
50460
50461
50469
50471
50472
50473
50474
50475
50476
50477
50492
50493
50494
50495
50496
50497
50498
50501
50503
50510
50511
50512
50513
50514
50515
50516
50517
50518
50519
50520
50523
50530
50532
50537
50541
50547
50548
50550
50562
50565
50567
50568
50569
50570
50571
50572
50573
50574
50577
50578
50579
50580
50581
50582
50583
50584
50585
50587
50588
50589
50591
50592
50596
50597
50598
50599
50600
50601
50605
50613
50624
50625
50627
50628
50629
50630
50633
50634
50635
50636
50637
50638
50639
50643
50644
50646
50647
50648
50649
50650
50651
50652
50653
50654
50655
50656
50657
50659
50660
50668
50670
50674
50676
50677
50681
50682
50685
50687
50699
50702
50706
50707
50708
50709
50710
50711
50713
50715
50716
50718
50719
50720
50722
50723
50724
50725
50726
50727
50732
50741
50742
50743
50744
50745
50757
50758
50759
50761
50791
50792
50796
50802
50803
50804
50805
50808
50809
50811
50813
50815
50819
50820
50825
50830
50831
50832
50833
50834
50835
50836
50837
50838
50840
50841
50860
50861
50862
50863
50864
50865
50866
50867
50868
50869
50872
50873
50874
50876
50877
50878
50883
50884
50887
50888
50889
50890
50891
50892
50905
50907
50913
50917
50919
50920
50921
50922
50923
50957
50958
50959
50960
50961
50962
50977
50979
50980
50981
50982
50983
50984
50985
50986
50999
51000
51001
51008
51016
51018
51020
51021
51022
51023
51024
51025
51026
51027
51028
51029
51030
51031
51032
51041
51042
51043
51044
51045
51046
51047
51048
51049
51050
51051
51052
51053
51057
51059
51061
51062
51063
51064
51065
51073
51074
51075
51076
51077
51078
51079
51081
51082
51083
51084
51085
51105
51106
51108
51109
51110
51111
51112
51113
51114
51115
51130
51131
51134
51136
51137
51138
51139
51140
51141
51142
51144
51159
51160
51161
51162
51163
51164
51166
51169
51170
51171
51172
51173
51177
51178
51181
51182
51183
51184
51185
51186
51188
51190
51191
51192
51194
51195
51196
51197
51198
51206
51207
51208
51209
51210
51211
51212
51213
51229
51230
51233
51234
51235
51236
51237
51238
51239
51240
51241
51244
51245
51247
51248
51249
51252
51254
51255
51256
51257
51258
51259
51260
51261
51262
51263
51277
51287
51288
51289
51290
51291
51294
51296
51300
51301
51310
51313
51314
51316
51317
51318
51319
51320
51321
51323
51324
51326
51327
51328
51329
51332
51334
51335
51336
51340
51350
51351
51354
51355
51357
51358
51359
51360
51361
51362
51363
51364
51373
51376
51378
51379
51380
51381
51382
51383
51384
51385
51386
51388
51389
51390
51392
51393
51405
51408
51409
51410
51411
51415
51421
51422
51424
51425
51426
51427
51428
51429
51432
51434
51435
51436
51437
51439
51440
51445
51446
51447
51448
51449
51450
51451
51456
51457
51458
51464
51465
51466
51469
51472
51473
51474
51476
51477
51478
51480
51481
51482
51483
51488
51497
51499
51501
51503
51505
51506
51507
51518
51519
51520
51521
51522
51523
51524
51525
51526
51527
51528
51529
51530
51534
51535
51536
51537
51543
51547
51549
51550
51551
51552
51553
51554
51555
51556
51557
51559
51580
51581
51582
51584
51585
51586
51587
51605
51606
51607
51609
51610
51616
51619
51620
51621
51622
51624
51625
51627
51628
51631
51632
51645
51649
51656
51657
51659
51661
51662
51663
51664
51665
51666
51667
51670
51671
51672
51680
51681
51682
51683
51684
51685
51687
51689
51690
51691
51693
51694
51695
51696
51698
51700
51701
51702
51707
51708
51715
51717
51719
51720
51721
51722
51723
51724
51725
51726
51728
51742
51748
51749
51751
51752
51753
51756
51757
51759
51760
51762
51764
51765
51773
51777
51779
51780
51781
51782
51783
51784
51785
51787
51788
51789
51790
51791
51793
51794
51795
51798
51800
51807
51811
51812
51813
51814
51817
51824
51828
51832
51834
51835
51836
51837
51838
51839
51840
51841
51863
51864
51865
51866
51867
51868
51869
51880
51886
51889
51891
51892
51893
51894
51895
51896
51897
51898
51900
51901
51902
51905
51906
51907
51908
51910
51911
51915
51916
51920
51938
51939
51940
51941
51942
51943
51944
51948
51949
51957
51958
51972
51973
51974
51976
51977
51978
51990
51992
51993
51994
51995
51996
51997
51998
51999
52000
52001
52002
52003
52004
52021
52022
52026
52027
52028
52029
52030
52032
52035
52036
52037
52045
52046
52047
52048
52049
52051
52052
52053
52054
52058
52060
52062
52063
52065
52066
52068
52069
52071
52075
52079
52080
52081
52082
52083
52084
52091
52103
52104
52105
52106
52107
52108
52109
52110
52111
52112
52117
52118
52119
52120
52126
52129
52130
52131
52132
52133
52134
52135
52136
52137
52138
52139
52140
52141
52152
52163
52164
52165
52166
52167
52168
52169
52170
52171
52175
52182
52183
52185
52187
52188
52189
52190
52191
52192
52193
52194
52220
52221
52222
52223
52224
52225
52226
52228
52229
52230
52231
52232
52233
52247
52248
52249
52250
52252
52253
52258
52274
52275
52277
52278
52279
52280
52281
52282
52291
52293
52294
52295
52296
52297
52298
52299
52301
52302
52306
52307
52314
52315
52317
52320
52321
52322
52323
52324
52325
52326
52327
52329
52332
52333
52334
52335
52336
52343
52349
52350
52351
52352
52353
52354
52355
52356
52357
52358
52359
52360
52361
52362
52363
52364
52365
52366
52367
52368
52369
52370
52372
52373
52374
52375
52376
52378
52380
52384
52386
52388
52389
52391
52392
52393
52394
52395
52396
52397
52398
52400
52401
52403
52406
52407
52408
52410
52411
52434
52435
52436
52438
52439
52440
52442
52445
52447
52448
52449
52451
52456
52457
52458
52460
52462
52463
52464
52465
52466
52468
52469
52470
52471
52472
52473
52476
52477
52478
52479
52480
52481
52482
52483
52486
52487
52488
52489
52490
52491
52492
52493
52509
52510
52511
52512
52513
52514
52516
52517
52518
52520
52526
52529
52536
52540
52541
52542
52543
52544
52546
52547
52551
52552
52553
52557
52558
52561
52562
52563
52566
52567
52568
52569
52573
52574
52576
52577
52585
52591
52592
52593
52594
52595
52596
52597
52598
52599
52600
52601
52602
52603
52604
52607
52608
52609
52610
52611
52612
52613
52614
52615
52623
52624
52625
52626
52627
52628
52637
52641
52644
52646
52648
52649
52650
52651
52652
52661
52665
52667
52668
52669
52670
52671
52672
52673
52674
52675
52676
52679
52690
52692
52695
52696
52697
52698
52699
52700
52701
52702
52703
52705
52706
52717
52719
52720
52721
52722
52723
52724
52725
52726
52727
52729
52730
52731
52732
52734
52738
52740
52743
52746
52747
52748
52750
52753
52754
52755
52756
52757
52758
52759
52760
52774
52775
52776
52777
52778
52779
52780
52781
52784
52785
52786
52787
52794
52795
52796
52797
52798
52799
52806
52807
52808
52809
52811
52813
52814
52815
52816
52817
52818
52820
52821
52822
52823
52833
52836
52837
52838
52839
52840
52841
52842
52843
52845
52847
52849
52856
52857
52865
52866
52867
52868
52869
52870
52871
52872
52886
52887
52888
52890
52891
52893
52894
52895
52896
52897
52901
52905
52907
52908
52910
52912
52913
52914
52915
52917
52918
52919
52920
52921
52922
52923
52926
52928
52929
52930
52931
52932
52933
52934
52935
52936
52940
52941
52942
52943
52944
52946
52952
52953
52954
52955
52957
52959
52960
52962
52963
52965
52967
52969
52971
52984
52989
52990
52991
52992
52993
52994
52995
52996
53012
53014
53015
53016
53017
53018
53019
53020
53022
53040
53041
53043
53044
53045
53047
53048
53049
53060
53071
53074
53075
53076
53077
53078
53079
53080
53081
53082
53085
53089
53090
53092
53093
53094
53095
53100
53105
53106
53107
53108
53109
53110
53111
53113
53114
53115
53123
53132
53133
53134
53135
53136
53137
53138
53139
53140
53141
53142
53145
53147
53149
53157
53159
53160
53161
53162
53163
53164
53165
53166
53167
53168
53169
53170
53183
53185
53188
53189
53191
53193
53194
53196
53197
53198
53199
53200
53201
53203
53205
53210
53217
53219
53220
53221
53222
53223
53224
53225
53226
53227
53228
53229
53230
53231
53232
53233
53234
53251
53252
53253
53254
53255
53256
53257
53259
53260
53269
53272
53273
53274
53276
53277
53279
53280
53281
53282
53283
53284
53285
53286
53287
53304
53314
53315
53316
53317
53318
53319
53322
53323
53324
53325
53326
53327
53340
53341
53343
53344
53345
53346
53347
53348
53349
53350
53351
53352
53353
53354
53364
53365
53366
53368
53369
53370
53371
53372
53375
53376
53377
53378
53379
53380
53381
53384
53386
53387
53388
53403
53404
53405
53406
53409
53410
53411
53412
53413
53414
53415
53417
53420
53421
53422
53423
53424
53425
53426
53430
53433
53434
53437
53439
53440
53442
53444
53445
53446
53447
53448
53449
53451
53452
53453
53454
53469
53472
53474
53475
53476
53477
53478
53479
53480
53481
53482
53483
53484
53491
53492
53493
53496
53510
53511
53517
53518
53519
53520
53533
53539
53544
53545
53546
53547
53548
53549
53550
53551
53552
53553
53554
53555
53556
53557
53558
53559
53560
53561
53562
53563
53564
53567
53568
53571
53574
53575
53577
53578
53579
53580
53582
53583
53584
53585
53586
53588
53591
53592
53593
53594
53595
53596
53597
53598
53599
53600
53608
53611
53614
53615
53616
53617
53618
53619
53620
53621
53622
53623
53624
53628
53629
53630
53631
53632
53633
53634
53635
53638
53639
53646
53647
53648
53649
53650
53651
53656
53657
53659
53662
53663
53665
53672
53676
53678
53681
53682
53683
53684
53685
53686
53697
53706
53710
53713
53716
53718
53719
53732
53736
53738
53739
53740
53741
53742
53744
53745
53747
53748
53749
53750
53751
53758
53760
53761
53763
53764
53767
53773
53778
53779
53780
53781
53783
53785
53786
53787
53788
53789
53792
53793
53794
53795
53796
53805
53806
53810
53811
53812
53813
53814
53816
53823
53824
53827
53831
53832
53833
53834
53835
53836
53837
53838
53839
53840
53841
53842
53843
53844
53845
53846
53848
53849
53850
53854
53855
53856
53857
53858
53859
53860
53861
53862
53863
53864
53865
53866
53869
53873
53874
53875
53876
53877
53900
53901
53902
53904
53905
53906
53907
53908
53910
53911
53912
53913
53914
53915
53916
53917
53918
53919
53921
53939
53942
53943
53944
53945
53946
53950
53952
53954
53955
53957
53958
53959
53960
53961
53962
53969
53970
53972
53973
53974
53975
53976
53977
53978
53979
53995
53999
54002
54003
54004
54005
54006
54007
54008
54009
54010
54011
54012
54016
54017
54018
54019
54023
54024
54034
54035
54036
54037
54038
54039
54040
54041
54042
54043
54044
54045
54046
54047
54048
54049
54061
54062
54063
54064
54065
54066
54067
54068
54069
54079
54080
54089
54090
54092
54093
54094
54095
54096
54097
54098
54101
54103
54122
54123
54124
54125
54126
54127
54128
54129
54130
54132
54149
54152
54153
54154
54155
54157
54163
54170
54171
54174
54175
54177
54178
54179
54180
54181
54182
54183
54187
54188
54197
54200
54201
54203
54204
54205
54206
54207
54208
54209
54216
54217
54226
54227
54228
54229
54230
54231
54232
54233
54235
54236
54243
54244
54249
54250
54251
54252
54253
54254
54255
54256
54262
54263
54264
54265
54266
54268
54269
54270
54271
54272
54273
54279
54280
54281
54306
54307
54309
54312
54313
54315
54316
54317
54329
54330
54331
54332
54336
54338
54342
54346
54347
54351
54352
54353
54354
54355
54356
54357
54358
54359
54360
54362
54363
54365
54379
54380
54381
54382
54383
54384
54385
54390
54398
54399
54400
54401
54403
54404
54405
54406
54408
54409
54410
54428
54429
54430
54431
54432
54451
54453
54454
54456
54457
54458
54459
54460
54461
54463
54466
54467
54468
54469
54470
54471
54472
54474
54475
54476
54477
54479
54506
54508
54509
54510
54517
54521
54524
54525
54526
54527
54528
54530
54531
54532
54534
54535
54537
54538
54539
54540
54547
54548
54549
54550
54551
54552
54553
54554
54555
54556
54558
54560
54561
54563
54564
54565
54566
54567
54568
54569
54570
54584
54585
54586
54587
54588
54589
54590
54592
54593
54595
54596
54598
54599
54600
54611
54612
54613
54614
54615
54627
54628
54630
54631
54632
54633
54634
54635
54636
54637
54638
54645
54659
54660
54661
54662
54663
54664
54665
54666
54667
54668
54669
54670
54671
54672
54674
54677
54679
54681
54683
54684
54685
54699
54703
54704
54705
54707
54708
54721
54722
54724
54725
54727
54728
54729
54740
54741
54742
54743
54744
54745
54746
54747
54748
54749
54750
54751
54754
54755
54756
54758
54767
54769
54770
54771
54772
54773
54774
54775
54776
54778
54788
54789
54790
54791
54792
54793
54794
54795
54796
54798
54799
54801
54802
54803
54804
54805
54806
54808
54810
54811
54812
54813
54814
54819
54820
54821
54822
54823
54824
54825
54826
54827
54828
54829
54831
54832
54833
54834
54840
54844
54845
54846
54858
54859
54860
54861
54862
54863
54864
54865
54868
54869
54872
54874
54875
54876
54877
54884
54885
54886
54887
54888
54889
54891
54893
54896
54899
54905
54906
54907
54908
54910
54911
54918
54919
54921
54922
54923
54925
54947
54948
54951
54952
54960
54970
54987
54994
54995
54996
54997
55002
55003
55004
55017
55018
55019
55020
55022
55023
55024
55025
55026
55027
55028
55036
55037
55038
55039
55040
55041
55042
55043
55044
55045
55046
55047
55056
55060
55061
55062
55064
55065
55067
55068
55070
55072
55073
55074
55075
55076
55078
55085
55086
55087
55088
55089
55090
55091
55092
55093
55095
55096
55105
55106
55108
55109
55110
55111
55112
55113
55114
55118
55125
55126
55128
55129
55130
55131
55132
55133
55134
55136
55137
55138
55140
55141
55160
55161
55162
55163
55164
55165
55166
55168
55169
55171
55180
55181
55182
55183
55184
55185
55186
55187
55188
55189
55206
55207
55208
55209
55210
55221
55226
55227
55228
55229
55230
55231
55232
55233
55234
55236
55238
55245
55246
55247
55248
55249
55250
55251
55252
55253
55254
55255
55256
55257
55258
55259
55260
55263
55264
55266
55267
55268
55275
55279
55283
55284
55285
55286
55287
55288
55289
55290
55292
55293
55297
55306
55307
55308
55309
55310
55311
55312
55313
55314
55315
55316
55319
55321
55322
55323
55324
55326
55328
55329
55336
55337
55338
55339
55355
55356
55357
55358
55359
55361
55381
55382
55383
55384
55385
55386
55387
55388
55389
55391
55396
55398
55399
55404
55405
55407
55408
55410
55413
55418
55419
55420
55421
55422
55423
55424
55425
55426
55434
55435
55436
55437
55438
55442
55443
55444
55445
55454
55456
55458
55459
55460
55461
55462
55464
55466
55467
55469
55473
55474
55475
55476
55477
55478
55479
55483
55484
55485
55487
55488
55489
55494
55495
55496
55497
55498
55499
55500
55501
55502
55503
55504
55505
55506
55507
55524
55525
55526
55527
55528
55529
55530
55531
55532
55535
55536
55537
55538
55540
55542
55544
55545
55546
55547
55549
55550
55551
55552
55553
55554
55555
55557
55558
55569
55570
55571
55572
55573
55574
55575
55576
55577
55578
55579
55580
55581
55597
55598
55599
55600
55601
55602
55606
55607
55608
55618
55624
55625
55626
55627
55628
55629
55630
55631
55632
55633
55653
55654
55655
55656
55657
55658
55659
55660
55661
55662
55663
55664
55665
55666
55667
55670
55673
55674
55675
55676
55677
55679
55680
55688
55689
55690
55691
55692
55693
55697
55698
55699
55700
55701
55702
55714
55715
55716
55717
55718
55720
55721
55726
55727
55728
55729
55731
55732
55734
55735
55736
55737
55738
55749
55750
55751
55752
55753
55754
55755
55756
55757
55766
55771
55772
55773
55774
55775
55776
55777
55779
55780
55781
55782
55783
55784
55785
55786
55789
55796
55802
55803
55804
55805
55806
55807
55808
55809
55810
55811
55812
55822
55823
55828
55831
55832
55833
55834
55835
55836
55837
55838
55839
55840
55841
55842
55843
55844
55845
55847
55848
55849
55850
55851
55856
55857
55858
55860
55861
55863
55864
55865
55866
55868
55887
55888
55889
55890
55891
55892
55893
55894
55896
55897
55909
55910
55911
55912
55913
55914
55915
55916
55917
55918
55919
55920
55921
55922
55923
55925
55926
55927
55928
55936
55937
55939
55940
55941
55942
55943
55944
55945
55946
55947
55948
55949
55950
55952
55974
55978
55979
55980
55981
55982
55983
55991
55995
55996
55998
55999
56000
56002
56003
56005
56006
56007
56008
56009
56019
56025
56027
56028
56029
56030
56031
56032
56033
56034
56035
56036
56037
56041
56042
56044
56051
56052
56053
56054
56055
56056
56057
56058
56059
56087
56088
56089
56090
56091
56092
56112
56113
56114
56115
56117
56119
56120
56121
56122
56140
56141
56142
56143
56144
56145
56146
56147
56148
56149
56150
56151
56152
56154
56155
56156
56157
56158
56159
56168
56170
56174
56175
56177
56180
56181
56182
56183
56184
56185
56186
56187
56188
56191
56193
56194
56195
56208
56211
56212
56213
56214
56215
56216
56217
56218
56219
56221
56224
56225
56226
56228
56229
56230
56234
56235
56237
56238
56239
56240
56243
56244
56245
56246
56247
56248
56249
56250
56256
56257
56258
56260
56261
56262
56263
56264
56265
56266
56267
56269
56270
56271
56272
56273
56279
56286
56287
56288
56289
56291
56292
56293
56294
56295
56299
56300
56302
56303
56304
56305
56307
56317
56318
56319
56320
56321
56322
56341
56343
56348
56349
56350
56352
56353
56354
56357
56358
56359
56360
56361
56375
56376
56377
56378
56381
56382
56383
56384
56385
56386
56389
56390
56391
56392
56394
56398
56401
56402
56403
56404
56406
56407
56408
56410
56412
56428
56429
56432
56433
56434
56435
56436
56437
56438
56448
56450
56454
56455
56456
56457
56458
56459
56460
56475
56477
56478
56479
56480
56481
56482
56483
56484
56485
56501
56503
56505
56507
56509
56510
56513
56515
56516
56517
56519
56523
56524
56527
56528
56529
56530
56531
56536
56541
56542
56543
56545
56546
56547
56548
56549
56550
56551
56553
56554
56556
56558
56565
56566
56567
56568
56569
56570
56572
56573
56576
56577
56578
56590
56591
56592
56593
56594
56595
56596
56597
56598
56600
56611
56612
56613
56614
56615
56616
56617
56622
56623
56624
56627
56638
56639
56640
56641
56642
56645
56646
56648
56661
56662
56663
56664
56665
56666
56668
56669
56671
56672
56673
56674
56680
56681
56682
56683
56684
56685
56686
56687
56688
56689
56690
56699
56702
56703
56707
56708
56709
56710
56711
56712
56713
56714
56715
56733
56734
56735
56736
56737
56738
56739
56744
56749
56755
56761
56763
56764
56765
56766
56767
56768
56769
56770
56772
56773
56776
56777
56778
56786
56789
56790
56792
56793
56794
56795
56796
56797
56798
56799
56800
56813
56814
56815
56816
56817
56818
56819
56820
56821
56822
56845
56846
56847
56848
56849
56850
56851
56852
56853
56854
56855
56856
56857
56858
56859
56860
56863
56864
56865
56866
56867
56868
56869
56870
56871
56887
56888
56889
56890
56891
56892
56893
56894
56895
56896
56897
56899
56901
56902
56904
56905
56916
56917
56920
56921
56923
56924
56928
56930
56931
56932
56933
56934
56943
56946
56947
56948
56949
56950
56952
56954
56956
56958
56975
56976
56977
56978
56979
56980
56982
56998
56999
57000
57001
57002
57003
57004
57005
57006
57007
57008
57009
57010
57011
57029
57031
57032
57033
57034
57035
57036
57037
57038
57041
57043
57045
57049
57051
57053
57054
57056
57058
57060
57061
57063
57064
57073
57077
57078
57080
57081
57082
57083
57084
57085
57086
57087
57090
57091
57092
57099
57102
57104
57105
57107
57108
57109
57111
57113
57114
57115
57116
57117
57118
57135
57136
57137
57138
57139
57140
57142
57143
57145
57148
57149
57150
57151
57152
57153
57154
57155
57156
57157
57161
57164
57166
57167
57168
57169
57170
57171
57172
57173
57174
57176
57177
57179
57184
57185
57186
57197
57198
57199
57200
57206
57207
57209
57213
57216
57217
57218
57219
57220
57221
57222
57229
57230
57231
57232
57233
57236
57237
57239
57240
57241
57245
57246
57247
57248
57249
57253
57258
57259
57263
57264
57265
57267
57268
57270
57272
57275
57277
57282
57283
57285
57286
57287
57288
57289
57290
57291
57292
57293
57294
57296
57297
57298
57299
57301
57304
57307
57326
57327
57328
57330
57331
57332
57333
57334
57335
57336
57337
57338
57341
57342
57343
57354
57355
57356
57357
57358
57361
57362
57363
57364
57367
57370
57371
57372
57373
57374
57375
57376
57377
57378
57385
57386
57387
57388
57389
57391
57393
57403
57404
57405
57406
57407
57408
57409
57410
57411
57412
57415
57416
57418
57419
57422
57427
57435
57436
57437
57438
57439
57440
57443
57446
57447
57448
57449
57450
57451
57464
57465
57466
57467
57468
57469
57471
57473
57474
57483
57484
57485
57486
57487
57488
57489
57490
57492
57494
57495
57496
57509
57510
57511
57512
57516
57519
57520
57522
57527
57528
57529
57530
57531
57532
57533
57539
57541
57542
57543
57545
57546
57547
57548
57549
57558
57559
57560
57561
57563
57564
57565
57566
57568
57571
57572
57579
57580
57581
57582
57583
57584
57585
57587
57588
57589
57590
57591
57593
57596
57597
57598
57599
57600
57601
57602
57603
57607
57608
57609
57616
57620
57621
57623
57636
57637
57638
57639
57648
57649
57650
57651
57655
57656
57657
57658
57659
57661
57667
57668
57669
57670
57671
57672
57673
57674
57689
57691
57692
57693
57694
57695
57696
57699
57708
57711
57712
57714
57715
57716
57719
57720
57721
57722
57723
57724
57725
57726
57727
57728
57729
57730
57731
57732
57733
57734
57735
57736
57749
57753
57755
57756
57758
57760
57761
57766
57767
57770
57777
57778
57781
57782
57783
57784
57785
57786
57787
57788
57795
57796
57797
57798
57799
57800
57801
57806
57807
57808
57810
57811
57812
57822
57823
57824
57826
57827
57828
57829
57831
57832
57838
57839
57840
57841
57842
57843
57844
57847
57848
57851
57852
57853
57854
57858
57859
57862
57863
57879
57882
57883
57884
57885
57886
57890
57891
57892
57894
57896
57897
57898
57899
57900
57901
57902
57903
57904
57907
57908
57909
57911
57914
57917
57918
57919
57920
57922
57927
57929
57930
57931
57932
57946
57970
57971
57972
57973
57974
57976
57981
57982
57996
57999
58000
58004
58005
58006
58013
58014
58015
58016
58017
58018
58019
58020
58021
58023
58024
58026
58040
58042
58043
58045
58046
58047
58049
58052
58054
58055
58067
58068
58069
58072
58074
58075
58076
58077
58094
58097
58098
58099
58107
58109
58112
58113
58114
58115
58116
58117
58118
58120
58122
58123
58126
58127
58128
58129
58132
58133
58134
58136
58138
58139
58140
58141
58142
58143
58144
58145
58147
58148
58149
58150
58151
58152
58158
58160
58161
58162
58163
58164
58165
58166
58167
58168
58169
58175
58187
58189
58190
58191
58192
58193
58194
58195
58196
58211
58213
58214
58215
58216
58217
58218
58219
58220
58224
58225
58226
58227
58237
58238
58239
58240
58241
58242
58243
58244
58245
58246
58247
58248
58249
58251
58252
58253
58257
58259
58260
58261
58267
58269
58271
58272
58273
58274
58275
58276
58277
58278
58279
58288
58297
58298
58299
58300
58301
58302
58303
58304
58305
58306
58307
58308
58309
58310
58311
58334
58337
58338
58339
58340
58341
58343
58364
58365
58366
58368
58369
58370
58371
58372
58373
58390
58391
58392
58393
58394
58395
58396
58416
58417
58418
58419
58427
58429
58430
58431
58432
58433
58434
58435
58436
58437
58441
58442
58443
58444
58445
58447
58451
58455
58458
58459
58460
58461
58462
58463
58464
58465
58466
58467
58468
58469
58472
58473
58474
58476
58486
58492
58494
58495
58496
58497
58499
58500
58516
58517
58518
58519
58520
58521
58522
58523
58525
58526
58527
58528
58529
58533
58536
58537
58538
58539
58541
58543
58544
58545
58546
58555
58557
58559
58560
58561
58562
58563
58565
58566
58567
58571
58572
58576
58577
58578
58579
58582
58583
58584
58588
58590
58591
58606
58607
58608
58609
58610
58611
58615
58627
58628
58629
58630
58631
58633
58634
58636
58640
58642
58657
58658
58659
58660
58661
58662
58663
58665
58667
58686
58687
58689
58690
58691
58692
58694
58696
58698
58699
58701
58712
58713
58715
58716
58717
58719
58720
58721
58733
58734
58735
58736
58737
58738
58739
58740
58755
58757
58758
58759
58760
58761
58762
58763
58764
58765
58766
58768
58769
58790
58791
58793
58794
58795
58796
58797
58798
58799
58800
58801
58815
58816
58817
58819
58822
58823
58826
58827
58831
58832
58833
58834
58835
58846
58848
58849
58850
58855
58859
58872
58873
58874
58875
58876
58877
58878
58879
58881
58882
58883
58893
58894
58896
58898
58899
58900
58901
58902
58903
58904
58905
58907
58908
58909
58910
58922
58923
58925
58926
58927
58929
58930
58931
58932
58933
58934
58935
58938
58939
58940
58947
58948
58949
58950
58951
58952
58953
58955
58956
58958
58959
58960
58962
58963
58964
58965
58966
58967
58974
58975
58988
58989
58990
58991
58993
58994
58995
58996
58997
58998
58999
59000
59015
59017
59018
59019
59020
59021
59022
59023
59024
59039
59040
59041
59042
59043
59044
59045
59046
59047
59048
59057
59073
59077
59078
59079
59080
59081
59082
59083
59084
59086
59104
59105
59106
59107
59108
59109
59110
59111
59112
59113
59114
59115
59116
59117
59118
59119
59121
59128
59130
59141
59144
59145
59146
59147
59148
59149
59150
59151
59152
59153
59155
59164
59165
59166
59167
59168
59169
59170
59175
59177
59178
59179
59180
59181
59200
59201
59204
59205
59206
59207
59208
59211
59212
59214
59215
59216
59217
59224
59226
59227
59229
59230
59231
59232
59243
59244
59245
59246
59247
59248
59267
59268
59269
59270
59271
59272
59273
59274
59275
59276
59284
59287
59288
59289
59290
59291
59295
59296
59297
59298
59304
59305
59307
59308
59309
59312
59313
59314
59315
59322
59323
59335
59336
59337
59338
59339
59340
59341
59343
59345
59348
59350
59353
59355
59356
59362
59363
59372
59373
59374
59375
59376
59377
59378
59380
59381
59384
59385
59386
59387
59388
59389
59390
59393
59395
59396
59398
59399
59400
59406
59410
59411
59428
59431
59432
59433
59434
59435
59436
59437
59439
59441
59454
59458
59460
59461
59463
59464
59465
59466
59487
59488
59489
59490
59491
59492
59496
59497
59498
59500
59502
59504
59505
59509
59510
59511
59512
59513
59514
59517
59518
59519
59520
59521
59522
59523
59524
59525
59526
59536
59537
59538
59539
59540
59541
59543
59545
59546
59547
59549
59550
59551
59552
59553
59554
59559
59560
59561
59562
59572
59574
59584
59587
59588
59589
59590
59591
59592
59593
59594
59598
59599
59616
59617
59618
59619
59620
59621
59622
59624
59626
59627
59628
59630
59631
59633
59635
59636
59637
59638
59639
59647
59648
59649
59651
59652
59653
59654
59655
59669
59677
59678
59679
59680
59681
59682
59683
59684
59686
59690
59691
59692
59693
59694
59695
59696
59697
59702
59705
59706
59709
59710
59711
59712
59713
59718
59720
59721
59723
59726
59728
59736
59741
59742
59743
59744
59745
59747
59748
59761
59763
59764
59765
59766
59767
59768
59771
59772
59773
59783
59784
59785
59786
59787
59788
59789
59790
59791
59792
59793
59795
59809
59810
59811
59812
59813
59814
59815
59818
59819
59820
59827
59828
59829
59830
59832
59833
59834
59835
59836
59837
59838
59839
59847
59849
59850
59852
59853
59869
59870
59871
59872
59873
59874
59875
59876
59877
59879
59880
59881
59882
59883
59884
59885
59886
59891
59897
59898
59899
59900
59901
59902
59903
59904
59910
59911
59912
59913
59919
59920
59922
59923
59924
59925
59926
59927
59928
59930
59931
59933
59934
59936
59937
59938
59939
59940
59943
59949
59950
59951
59952
59953
59954
59956
59957
59958
59972
59973
59974
59975
59976
59977
59980
59987
59988
59989
59994
59995
59996
59997
59998
59999
60000
60001
60002
60003
60004
60005
60013
60015
60022
60039
60040
60041
60044
60046
60047
60051
60058
60059
60062
60063
60064
60069
60070
60071
60072
60073
60074
60075
60077
60080
60081
60082
60083
60084
60089
60091
60092
60093
60094
60095
60096
60097
60098
60100
60103
60105
60106
60107
60108
60109
60110
60116
60117
60119
60120
60122
60124
60126
60127
60129
60130
60132
60133
60134
60135
60137
60138
60139
60140
60148
60153
60154
60155
60156
60157
60158
60159
60160
60161
60162
60163
60164
60165
60166
60167
60168
60169
60170
60182
60183
60184
60185
60186
60187
60188
60203
60204
60205
60206
60207
60208
60209
60210
60211
60222
60225
60226
60227
60228
60229
60230
60231
60232
60233
60237
60238
60239
60240
60241
60242
60243
60244
60245
60246
60248
60253
60254
60255
60256
60265
60266
60274
60276
60277
60278
60279
60280
60295
60296
60297
60298
60299
60300
60301
60302
60303
60304
60305
60306
60307
60308
60319
60320
60324
60325
60327
60328
60329
60330
60332
60334
60335
60336
60337
60340
60341
60342
60343
60344
60348
60349
60350
60366
60367
60372
60373
60374
60377
60378
60379
60380
60381
60386
60388
60389
60394
60396
60397
60407
60408
60409
60410
60411
60414
60418
60419
60420
60424
60432
60433
60434
60435
60436
60437
60439
60440
60441
60443
60444
60451
60452
60453
60454
60455
60456
60457
60459
60461
60462
60464
60465
60466
60468
60469
60470
60474
60475
60482
60483
60484
60485
60486
60487
60488
60494
60495
60505
60506
60507
60508
60509
60510
60511
60515
60516
60518
60519
60520
60521
60522
60531
60532
60533
60534
60536
60539
60550
60551
60553
60555
60556
60560
60561
60562
60565
60568
60569
60578
60580
60581
60582
60583
60584
60585
60586
60587
60588
60589
60593
60594
60595
60596
60600
60605
60606
60607
60608
60609
60610
60611
60612
60613
60615
60616
60617
60626
60627
60628
60629
60630
60631
60632
60633
60634
60635
60636
60637
60638
60656
60658
60659
60660
60661
60662
60664
60665
60666
60670
60671
60673
60676
60678
60679
60688
60689
60692
60693
60694
60695
60696
60697
60698
60699
60701
60702
60703
60717
60718
60719
60720
60721
60722
60723
60724
60726
60730
60731
60742
60743
60744
60745
60746
60747
60748
60749
60750
60751
60752
60753
60754
60755
60756
60757
60760
60761
60765
60767
60773
60779
60780
60781
60782
60783
60784
60785
60787
60788
60789
60790
60791
60793
60794
60796
60798
60800
60801
60802
60804
60818
60819
60820
60821
60822
60823
60824
60825
60826
60828
60829
60830
60831
60833
60836
60837
60839
60849
60850
60853
60854
60855
60856
60858
60860
60861
60862
60864
60865
60866
60870
60882
60883
60884
60885
60887
60888
60889
60890
60893
60895
60897
60899
60900
60902
60903
60905
60909
60926
60927
60929
60930
60931
60932
60933
60934
60935
60936
60937
60938
60939
60943
60957
60959
60960
60961
60965
60968
60969
60976
60977
60978
60979
60980
60981
60982
60983
60984
60985
60987
60988
60990
60991
60992
60993
61000
61002
61003
61004
61005
61006
61007
61008
61010
61011
61013
61017
61018
61021
61022
61023
61025
61028
61029
61032
61034
61035
61045
61047
61048
61049
61050
61051
61052
61053
61054
61055
61057
61070
61071
61072
61073
61074
61075
61076
61077
61079
61080
61082
61084
61085
61087
61090
61092
61097
61101
61103
61104
61105
61106
61107
61110
61116
61117
61118
61119
61120
61121
61122
61123
61124
61127
61131
61132
61133
61134
61135
61136
61137
61138
61139
61141
61142
61150
61151
61152
61153
61155
61156
61157
61158
61159
61160
61161
61162
61163
61175
61176
61177
61178
61179
61180
61181
61183
61184
61185
61186
61187
61197
61199
61200
61201
61202
61203
61204
61205
61206
61207
61208
61209
61210
61211
61217
61219
61220
61221
61223
61224
61228
61237
61238
61239
61240
61242
61245
61247
61248
61249
61250
61251
61257
61258
61259
61260
61261
61262
61263
61264
61265
61273
61275
61277
61284
61285
61286
61287
61288
61289
61290
61291
61292
61297
61299
61300
61310
61311
61312
61313
61317
61322
61323
61326
61334
61335
61337
61338
61339
61340
61341
61342
61343
61344
61345
61346
61347
61348
61349
61350
61352
61354
61358
61360
61367
61368
61369
61371
61372
61374
61375
61376
61377
61379
61380
61391
61392
61393
61394
61395
61396
61397
61398
61411
61413
61414
61415
61416
61417
61418
61419
61422
61423
61432
61433
61434
61435
61436
61437
61438
61439
61440
61441
61453
61454
61455
61456
61457
61458
61459
61461
61471
61472
61474
61475
61476
61477
61478
61479
61480
61481
61489
61493
61496
61497
61498
61499
61500
61502
61503
61509
61510
61515
61516
61517
61518
61519
61520
61521
61522
61525
61533
61534
61535
61536
61537
61538
61542
61543
61544
61545
61546
61547
61548
61549
61550
61562
61563
61564
61565
61566
61569
61578
61591
61592
61593
61594
61595
61596
61598
61599
61600
61601
61602
61603
61609
61614
61616
61617
61618
61619
61620
61621
61622
61623
61630
61631
61632
61633
61634
61646
61651
61653
61664
61665
61666
61667
61669
61670
61671
61689
61690
61691
61692
61693
61694
61695
61696
61697
61698
61700
61703
61704
61708
61710
61713
61726
61727
61728
61729
61737
61741
61747
61748
61749
61750
61752
61753
61754
61755
61756
61757
61758
61759
61760
61761
61762
61768
61769
61770
61772
61773
61788
61789
61790
61791
61792
61793
61794
61795
61796
61797
61798
61799
61800
61802
61804
61805
61806
61808
61810
61811
61812
61813
61816
61819
61820
61823
61824
61848
61849
61850
61869
61870
61872
61873
61874
61875
61876
61879
61887
61890
61891
61892
61893
61894
61895
61896
61897
61898
61900
61903
61904
61905
61906
61907
61919
61920
61921
61922
61923
61929
61930
61931
61932
61935
61936
61937
61942
61943
61946
61947
61948
61949
61950
61952
61954
61955
61969
61970
61971
61972
61989
61990
61991
61992
61994
61996
61997
61999
62000
62001
62003
62004
62005
62011
62013
62014
62015
62016
62017
62018
62019
62020
62035
62036
62037
62038
62039
62040
62041
62042
62043
62044
62045
62047
62048
62050
62051
62052
62053
62057
62058
62059
62060
62061
62062
62065
62066
62067
62068
62069
62070
62071
62073
62074
62075
62076
62077
62088
62089
62090
62091
62092
62093
62094
62095
62096
62097
62098
62108
62109
62110
62111
62112
62113
62114
62117
62118
62130
62131
62132
62133
62136
62137
62138
62139
62143
62144
62146
62147
62148
62149
62150
62156
62157
62158
62159
62160
62161
62162
62163
62164
62179
62180
62181
62182
62183
62184
62185
62186
62187
62188
62189
62194
62219
62220
62221
62222
62223
62224
62225
62226
62227
62228
62229
62230
62231
62232
62233
62254
62255
62256
62257
62258
62259
62260
62261
62262
62263
62264
62265
62266
62267
62268
62270
62271
62274
62275
62277
62291
62292
62293
62294
62295
62296
62298
62299
62300
62301
62302
62303
62304
62305
62308
62309
62310
62311
62312
62313
62314
62315
62316
62317
62318
62319
62320
62322
62323
62324
62326
62330
62331
62332
62333
62334
62335
62340
62341
62342
62355
62356
62357
62358
62360
62363
62364
62365
62366
62367
62368
62369
62371
62375
62377
62386
62387
62388
62390
62392
62393
62394
62395
62396
62397
62398
62399
62400
62405
62406
62407
62408
62409
62410
62411
62412
62413
62415
62416
62417
62425
62426
62427
62428
62429
62430
62438
62439
62440
62441
62442
62443
62444
62445
62446
62447
62448
62449
62450
62451
62452
62454
62457
62458
62465
62466
62469
62471
62472
62473
62474
62475
62476
62477
62479
62481
62482
62483
62485
62486
62487
62488
62494
62496
62497
62498
62499
62500
62501
62502
62504
62525
62527
62528
62529
62531
62532
62533
62535
62536
62537
62541
62543
62544
62545
62548
62549
62555
62556
62557
62558
62559
62560
62561
62572
62573
62577
62578
62579
62580
62581
62582
62583
62584
62585
62588
62589
62590
62592
62594
62600
62601
62603
62604
62607
62610
62611
62613
62615
62616
62617
62618
62619
62620
62621
62622
62624
62625
62628
62629
62630
62632
62633
62634
62635
62636
62637
62638
62639
62640
62641
62642
62643
62644
62647
62652
62653
62654
62655
62657
62658
62660
62661
62664
62665
62666
62667
62668
62669
62670
62672
62676
62678
62682
62683
62684
62688
62689
62690
62691
62692
62693
62694
62695
62698
62700
62701
62702
62703
62704
62705
62709
62715
62716
62717
62719
62720
62721
62722
62723
62724
62725
62726
62728
62729
62730
62732
62735
62738
62739
62740
62741
62742
62743
62744
62745
62746
62747
62748
62749
62751
62752
62753
62754
62756
62758
62759
62762
62763
62764
62765
62766
62767
62769
62770
62771
62776
62777
62778
62781
62782
62783
62784
62785
62790
62793
62794
62795
62796
62797
62798
62799
62800
62802
62805
62806
62807
62808
62809
62815
62816
62817
62818
62819
62820
62821
62829
62831
62832
62833
62834
62835
62836
62837
62838
62839
62840
62841
62842
62843
62844
62845
62846
62847
62848
62849
62850
62851
62852
62853
62860
62861
62862
62863
62864
62865
62866
62867
62868
62870
62871
62872
62873
62874
62877
62878
62879
62880
62881
62882
62883
62884
62887
62888
62892
62893
62894
62895
62897
62898
62901
62902
62910
62911
62912
62913
62914
62915
62916
62917
62918
62919
62920
62921
62922
62923
62924
62925
62927
62928
62932
62933
62934
62935
62936
62937
62938
62939
62941
62942
62943
62944
62946
62948
62949
62950
62955
62956
62958
62959
62960
62961
62964
62965
62966
62967
62968
62969
62970
62973
62974
62975
62976
62982
62983
62984
62985
62986
62988
62989
62993
62995
62996
62997
62998
63000
63001
63002
63003
63011
63012
63013
63014
63015
63016
63017
63018
63019
63020
63022
63029
63030
63031
63032
63033
63034
63035
63036
63037
63038
63039
63040
63041
63043
63044
63045
63048
63051
63052
63053
63056
63057
63058
63059
63060
63061
63062
63063
63064
63068
63069
63070
63072
63073
63074
63075
63076
63077
63078
63079
63080
63081
63082
63083
63084
63085
63092
63093
63094
63095
63096
63097
63099
63100
63101
63102
63103
63104
63110
63112
63113
63114
63115
63116
63117
63118
63119
63120
63131
63133
63134
63135
63136
63137
63138
63139
63140
63141
63147
63148
63149
63151
63152
63153
63154
63155
63156
63157
63160
63161
63162
63163
63164
63165
63166
63167
63168
63169
63170
63171
63172
63173
63174
63180
63185
63186
63188
63189
63190
63191
63192
63193
63194
63195
63196
63198
63201
63202
63203
63204
63205
63206
63207
63208
63209
63210
63211
63212
63213
63218
63219
63220
63221
63222
63223
63226
63227
63229
63230
63231
63232
63233
63234
63235
63236
63237
63238
63239
63240
63242
63244
63245
63246
63247
63249
63250
63251
63252
63259
63260
63261
63262
63263
63264
63265
63266
63268
63269
63270
63271
63272
63273
63274
63277
63278
63279
63280
63281
63282
63283
63284
63285
63286
63289
63295
63296
63297
63298
63299
63300
63301
63302
63303
63310
63311
63312
63314
63315
63316
63317
63318
63320
63321
63322
63323
63326
63327
63328
63329
63331
63333
63334
63335
63336
63337
63339
63341
63342
63343
63344
63349
63350
63356
63357
63358
63360
63361
63366
63367
63368
63369
63370
63372
63375
63378
63379
63380
63381
63382
63383
63385
63387
63388
63389
63390
63391
63398
63399
63400
63401
63402
63409
63410
63411
63412
63413
63414
63415
63418
63419
63421
63422
63423
63424
63425
63426
63427
63428
63433
63435
63436
63437
63438
63439
63440
63441
63442
63443
63444
63452
63453
63454
63455
63456
63457
63458
63462
63463
63464
63465
63466
63467
63468
63474
63476
63477
63478
63479
63484
63485
63486
63487
63490
63491
63492
63496
63497
63498
63504
63505
63506
63507
63508
63509
63510
63511
63513
63514
63515
63517
63518
63525
63527
63528
63529
63530
63532
63533
63534
63539
63540
63541
63543
63547
63548
63549
63550
63551
63556
63557
63558
63559
63560
63561
63562
63563
63569
63571
63572
63573
63574
63575
63576
63577
63578
63581
63582
63587
63588
63589
63590
63591
63592
63593
63594
63598
63599
63600
63601
63602
63606
63607
63608
63612
63613
63614
63615
63623
63624
63627
63628
63629
63630
63631
63632
63635
63636
63637
63638
63639
63641
63644
63645
63647
63648
63649
63650
63654
63659
63664
63666
63667
63668
63674
63675
63676
63677
63678
63682
63683
63684
63685
63686
63687
63689
63691
63697
63698
63699
63702
63703
63704
63705
63707
63708
63709
63710
63711
63712
63713
63714
63715
63717
63718
63719
63720
63721
63722
63723
63724
63726
63729
63730
63731
63732
63733
63734
63735
63738
63739
63740
63741
63742
63743
63744
63746
63747
63748
63749
63750
63751
63753
63754
63756
63757
63758
63759
63760
63761
63762
63763
63764
63765
63766
63767
63768
63769
63772
63773
63774
63776
63777
63778
63779
63780
63781
63782
63785
63786
63787
63788
63789
63790
63791
63792
63794
63795
63796
63797
63798
63799
63800
63801
63802
63803
63804
63807
63808
63809
63810
63811
63812
63813
63814
63815
63816
63817
63818
63820
63821
63822
63823
63825
63826
63827
63828
63829
63830
63831
63832
63833
63834
63835
63836
63837
63838
63839
63840
63841
63843
63845
63846
63848
63850
63851
63852
63853
63854
63855
63857
63860
63862
63863
63864
63869
63870
63871
63872
63873
63874
63877
63878
63879
63881
63884
63885
63886
63887
63888
63889
63890
63891
63892
63893
63894
63896
63899
63901
63902
63904
63905
63906
63908
63909
63910
63911
63912
63914
63916
63918
63920
63922
63923
63924
63926
63927
63928
63930
63931
63932
63933
63934
63935
63936
63937
63938
63940
63941
63943
63944
63945
63946
63947
63949
63950
63951
63952
63953
63955
63957
63958
63962
63964
63965
63966
63967
63968
63969
63971
63972
63974
63975
63976
63977
63980
63983
63984
63985
63988
63989
63990
63991
63992
63993
63994
63995
63998
64001
64002
64003
64007
64008
64010
64013
64014
64015
64016
64022
64023
64024
64025
64027
64028
64029
64031
64032
64033
64034
64036
64038
64039
64043
64044
64045
64047
64048
64049
64050
64051
64054
64055
64056
64057
64058
64059
64060
64061
64062
64063
64064
64065
64071
64073
64074
64075
64076
64078
64079
64082
64084
64085
64086
64088
64089
64090
64091
64092
64093
64094
64095
64097
64098
64099
64102
64103
64104
64105
64106
64107
64108
64109
64112
64114
64115
64116
64121
64122
64123
64124
64125
64126
64127
64128
64129
64132
64133
64134
64135
64136
64137
64138
64139
64140
64143
64149
64150
64151
64152
64153
64154
64155
64156
64157
64158
64159
64161
64162
64163
64164
64169
64171
64172
64173
64175
64176
64179
64181
64183
64187
64190
64192
64197
64198
64199
64200
64201
64202
64203
64204
64211
64212
64213
64214
64215
64216
64217
64221
64222
64223
64224
64225
64226
64227
64233
64234
64235
64236
64241
64243
64244
64245
64246
64248
64249
64250
64251
64252
64253
64256
64257
64258
64259
64260
64261
64262
64266
64267
64268
64269
64270
64271
64272
64275
64278
64279
64281
64282
64285
64286
64287
64288
64298
64299
64300
64301
64302
64303
64304
64305
64306
64307
64308
64309
64317
64318
64319
64320
64321
64322
64323
64324
64325
64326
64327
64328
64329
64336
64337
64338
64339
64347
64348
64349
64350
64351
64352
64353
64354
64355
64363
64364
64365
64366
64367
64368
64369
64370
64372
64373
64375
64376
64377
64378
64379
64380
64381
64382
64385
64387
64388
64389
64390
64391
64392
64397
64399
64401
64402
64405
64406
64407
64408
64409
64410
64413
64414
64415
64416
64417
64418
64419
64420
64421
64422
64423
64424
64425
64426
64427
64428
64429
64430
64431
64432
64433
64434
64435
64436
64437
64438
64439
64440
64441
64442
64444
64452
64455
64458
64459
64460
64461
64462
64463
64464
64465
64466
64467
64468
64470
64471
64475
64476
64477
64478
64479
64480
64489
64490
64491
64492
64493
64494
64495
64496
64498
64499
64506
64507
64508
64509
64511
64512
64513
64514
64515
64523
64524
64525
64527
64528
64538
64539
64540
64541
64542
64543
64544
64545
64546
64547
64550
64556
64558
64559
64560
64562
64563
64564
64565
64566
64567
64568
64569
64572
64573
64574
64576
64578
64579
64580
64581
64582
64583
64584
64585
64586
64587
64588
64590
64591
64592
64599
64600
64601
64602
64603
64604
64605
64609
64612
64616
64617
64618
64619
64620
64621
64622
64623
64624
64625
64626
64627
64630
64632
64633
64634
64635
64636
64637
64638
64640
64641
64642
64643
64644
64645
64646
64649
64650
64651
64652
64653
64654
64661
64662
64663
64664
64665
64666
64667
64668
64669
64670
64671
64672
64673
64674
64676
64677
64678
64679
64680
64681
64682
64684
64685
64686
64687
64688
64690
64691
64692
64693
64696
64697
64698
64699
64700
64701
64702
64703
64704
64705
64706
64708
64709
64714
64715
64716
64719
64720
64721
64725
64726
64727
64728
64729
64730
64731
64732
64735
64736
64737
64740
64742
64743
64745
64746
64747
64751
64752
64753
64754
64755
64757
64758
64759
64760
64762
64766
64768
64769
64773
64786
64787
64789
64790
64791
64792
64793
64794
64795
64796
64797
64799
64802
64803
64804
64805
64806
64807
64816
64817
64820
64821
64822
64823
64824
64825
64826
64827
64828
64829
64830
64831
64834
64835
64836
64837
64838
64839
64840
64841
64842
64843
64844
64846
64847
64854
64855
64856
64857
64858
64859
64860
64861
64865
64866
64867
64868
64869
64870
64871
64872
64873
64878
64879
64880
64881
64882
64883
64884
64892
64893
64894
64895
64896
64897
64898
64899
64900
64901
64902
64903
64904
64905
64910
64912
64914
64915
64916
64919
64920
64921
64922
64923
64924
64925
64926
64927
64929
64930
64931
64932
64933
64934
64935
64936
64937
64938
64939
64942
64943
64944
64945
64946
64947
64948
64949
64950
64951
64952
64962
64963
64964
64965
64966
64967
64968
64974
64975
64976
64977
64978
64979
64980
64982
64984
64985
64986
64987
64991
64992
64993
64994
64995
64996
64997
64998
64999
65001
65012
65013
65014
65015
65016
65019
65020
65021
65024
65025
65026
65027
65028
65030
65032
65034
65036
65039
65040
65041
65042
65043
65044
65046
65049
65050
65051
65052
65053
65054
65055
65056
65057
65059
65060
65062
65063
65064
65066
65067
65072
65073
65074
65075
65076
65077
65078
65080
65084
65085
65086
65087
65088
65089
65090
65091
65092
65095
65096
65097
65098
65099
65100
65103
65104
65105
65113
65114
65115
65118
65121
65122
65123
65124
65125
65126
65129
65130
65131
65132
65139
65141
65142
65143
65144
65145
65146
65147
65148
65149
65150
65151
65152
65153
65154
65159
65161
65162
65163
65172
65173
65174
65175
65176
65177
65178
65179
65180
65181
65182
65183
65184
65185
65186
65201
65202
65203
65204
65205
65206
65207
65208
65209
65211
65212
65214
65215
65216
65217
65218
65219
65220
65224
65225
65226
65227
65228
65229
65230
65231
65238
65239
65240
65241
65242
65243
65244
65245
65246
65247
65248
65249
65250
65251
65252
65253
65254
65255
65256
65260
65261
65262
65263
65264
65265
65266
65268
65269
65274
65275
65276
65277
65278
65279
65280
65281
65282
65283
65290
65291
65292
65293
65294
65295
65296
65297
65298
65299
65300
65301
65302
65303
65304
65305
65306
65307
65308
65309
65311
65312
65313
65316
65320
65321
65322
65323
65324
65325
65326
65329
65330
65331
65332
65333
65336
65340
65341
65342
65343
65344
65345
65346
65347
65348
65349
65350
65351
65353
65354
65355
65356
65357
65358
65364
65366
65367
65369
65370
65371
65372
65373
65374
65375
65376
65377
65378
65379
65380
65382
65385
65386
65387
65388
65389
65390
65391
65392
65394
65399
65400
65401
65402
65403
65404
65405
65415
65416
65418
65419
65420
65421
65422
65423
65424
65425
65426
65427
65428
65429
65430
65431
65432
65433
65434
65438
65439
65440
65441
65442
65443
65444
65445
65446
65447
65448
65449
65450
65451
65453
65455
65456
65457
65464
65465
65466
65467
65470
65474
65475
65481
65482
65483
65484
65485
65486
65487
65488
65489
65490
65491
65493
65499
65501
65502
65503
65505
65507
65508
65509
65510
65511
65516
65517
65518
65519
65521
65523
65524
65525
65526
65528
65529
65532
65534
65535
65538
65543
65544
65546
65547
65548
65549
65550
65551
65553
65554
65555
65557
65558
65560
65561
65563
65564
65565
65566
65567
65568
65573
65574
65575
65576
65578
65579
65580
65581
65582
65583
65584
65585
65586
65587
65589
65590
65591
65592
65593
65594
65596
65598
65600
65601
65602
65603
65604
65605
65608
65609
65610
65611
65612
65613
65616
65620
65621
65622
65627
65629
65630
65631
65632
65633
65634
65635
65636
65637
65638
65639
65640
65641
65642
65644
65645
65646
65651
65652
65653
65654
65655
65663
65664
65665
65666
65667
65668
65669
65670
65671
65672
65673
65674
65675
65676
65677
65679
65681
65682
65683
65687
65688
65689
65690
65691
65692
65693
65694
65704
65705
65706
65707
65708
65709
65710
65711
65712
65713
65714
65715
65722
65723
65724
65725
65726
65727
65728
65729
65730
65731
65732
65733
65734
65735
65739
65740
65741
65742
65744
65745
65746
65747
65748
65749
65752
65753
65756
65757
65758
65759
65760
65763
65764
65765
65766
65767
65769
65779
65780
65781
65782
65783
65784
65785
65790
65791
65792
65793
65794
65795
65796
65797
65798
65799
65800
65801
65805
65806
65807
65808
65809
65810
65811
65812
65813
65819
65820
65821
65822
65828
65829
65830
65831
65832
65833
65834
65835
65836
65837
65838
65840
65841
65842
65843
65844
65845
65846
65847
65857
65858
65859
65860
65861
65862
65863
65864
65865
65867
65869
65870
65872
65873
65876
65877
65878
65879
65880
65881
65882
65888
65889
65890
65891
65892
65894
65897
65898
65899
65900
65901
65902
65903
65904
65905
65906
65909
65910
65911
65912
65919
65920
65921
65922
65923
65924
65925
65930
65931
65932
65933
65934
65935
65937
65938
65939
65940
65941
65942
65943
65944
65946
65947
65948
65949
65950
65951
65952
65953
65954
65955
65956
65957
65958
65964
65965
65966
65967
65968
65969
65970
65971
65972
65973
65975
65976
65979
65980
65981
65982
65983
65984
65985
65987
65988
65990
65993
65994
65995
65996
65997
65998
66001
66002
66003
66007
66008
66009
66010
66011
66012
66013
66014
66015
66016
66018
66019
66020
66021
66022
66026
66027
66028
66029
66030
66031
66035
66036
66037
66038
66039
66040
66041
66042
66043
66044
66045
66046
66047
66048
66051
66053
66054
66055
66056
66057
66059
66060
66061
66062
66063
66064
66065
66071
66072
66074
66076
66081
66082
66083
66084
66085
66086
66087
66088
66098
66099
66100
66101
66102
66103
66104
66105
66106
66107
66108
66113
66118
66119
66120
66121
66122
66123
66124
66127
66128
66129
66130
66131
66137
66138
66139
66140
66141
66142
66143
66144
66145
66146
66147
66148
66149
66151
66154
66155
66156
66157
66158
66159
66160
66161
66162
66163
66164
66167
66168
66169
66170
66171
66172
66173
66174
66180
66181
66182
66183
66185
66186
66187
66188
66189
66190
66191
66192
66194
66196
66197
66198
66202
66203
66204
66205
66206
66207
66208
66209
66212
66213
66214
66215
66216
66217
66220
66222
66223
66224
66225
66226
66227
66228
66229
66230
66231
66237
66239
66240
66243
66246
66247
66248
66249
66250
66251
66252
66253
66254
66255
66260
66261
66262
66263
66264
66266
66267
66268
66269
66270
66271
66272
66274
66276
66277
66278
66279
66280
66281
66282
66285
66286
66292
66293
66295
66296
66297
66298
66299
66300
66301
66302
66306
66307
66308
66310
66311
66312
66313
66314
66315
66316
66321
66322
66323
66324
66325
66329
66332
66334
66335
66336
66337
66338
66341
66342
66348
66349
66350
66351
66352
66353
66354
66355
66356
66362
66363
66364
66365
66366
66367
66368
66369
66371
66372
66373
66374
66376
66377
66378
66379
66380
66381
66382
66383
66384
66385
66386
66387
66388
66389
66390
66391
66392
66393
66394
66395
66397
66398
66399
66400
66401
66409
66410
66411
66412
66413
66414
66415
66416
66417
66418
66422
66424
66426
66427
66428
66429
66430
66431
66432
66433
66434
66435
66437
66442
66444
66445
66446
66447
66448
66449
66451
66452
66453
66454
66455
66456
66457
66460
66461
66462
66467
66468
66469
66470
66471
66472
66473
66474
66475
66476
66477
66478
66484
66485
66486
66487
66488
66489
66490
66493
66494
66496
66498
66500
66501
66506
66508
66509
66510
66511
66512
66513
66514
66515
89944
90368
90405
90432
90434
90442
90451
90452
90454
90462
90466
90468
90488
90489
90502
90503
90512
90521
90522
90526
90530
90532
90533
90543
90548
90549
90550
90555
90562
90566
90582
90587
90592
90595
90599
90601
90605
90609
90613
90620
90624
90627
90629
90641
90658
90659
90662
90686
90690
90695
90696
90699
90701
90705
90706
90707
90709
90710
90717
90725
90727
90730
90737
90740
90746
90752
90759
90768
90774
90779
90784
90804
90805
90806
90807
90813
90823
90828
90832
90836
90843
90845
90851
90857
90858
90867
90870
90876
90881
90883
90884
90885
90889
90894
90903
90920
90925
90966
90969
90970
90975
90989
91012
91020
91022
91031
91035
91046
91047
91050
91052
91056
91059
91064
91069
91071
91072
91077
91080
91082
91091
91096
91099
91106
91110
91111
91113
91114
91117
91120
91123
91124
91126
91130
91133
91139
91141
91144
91147
91150
91151
91155
91156
91159
91162
91173
91186
91187
91191
91192
91197
91200
91206
91214
91217
91218
91219
91221
91222
91225
91226
91229
91236
91241
91251
91252
91253
91257
91258
91261
91263
91264
91269
91271
91275
91276
91277
91279
91281
91287
91303
91314
91328
91335
91343
91353
91355
91368
91370
91374
91377
91378
91380
91381
91382
91391
91393
91395
91396
91397
91398
91399
91401
91405
91406
91407
91411
91412
91416
91417
91421
91423
91430
91431
91434
91435
91436
91444
91447
91450
91451
91455
91457
91459
91460
91474
91475
91482
91489
91494
91497
91498
91505
91507
91508
91511
91515
91524
91529
91531
91534
91535
91540
91541
91544
91552
91553
91554
91557
91559
91563
91565
91567
91571
91574
91575
91577
91578
91580
91581
91583
91584
91585
91588
91592
91596
91598
91599
91600
91604
91606
91611
91612
91618
91619
91620
91625
91626
91628
91630
91631
91635
91636
91639
91640
91641
91648
91649
91651
91653
91654
91656
91662
91663
91674
91679
91683
91688
91698
91706
91714
91722
91726
91727
91731
91733
91734
91735
91736
91737
91738
91740
91742
91743
91744
91745
91751
91757
91759
91761
91764
91767
91768
91779
91782
91785
91797
91799
91801
91804
91805
91808
91809
91811
91813
91814
91815
91818
91820
91821
91823
91824
91826
91837
91845
91847
91855
91856
91857
91858
91862
91866
91871
91872
91880
91881
91882
91884
91885
91887
91889
91892
91894
91898
91901
91907
91908
91910
91912
91919
91920
91923
91925
91927
91929
91932
91933
91938
91939
91941
91943
91944
91946
91951
91952
91954
91962
91970
91979
91981
91984
91993
91994
91996
92000
92004
92006
92007
92008
92015
92018
92020
92021
92026
92031
92033
92036
92037
92046
92048
92050
92051
92057
92058
92059
92060
92061
92062
92064
92065
92075
92079
92081
92083
92088
92089
92098
92099
92101
92102
92107
92109
92110
92114
92117
92118
92120
92122
92123
92128
92131
92135
92137
92140
92144
92152
92153
92155
92164
92167
92168
92170
92172
92174
92179
92200
92201
92203
92219
92226
92231
92234
92235
92258
92269
92273
92284
92285
92291
92304
92311
92313
92315
92326
92329
92338
92341
92346
92353
92362
92363
92373
92394
92413
92436
92439
92456
92467
92470
92485
92494
92518
92523
92529
92537
92539
92549
92551
92569
92576
92584
92585
92588
92618
92619
92626
92644
92654
92666
92671
92673
92676
92677
92709
92730
92731
92740
92744
92746
92751
92753
92756
92757
92760
92763
92770
92775
92785
92787
92799
92817
92826
92850
92857
92866
92871
92872
92873
92877
92884
92902
92903
92918
92932
92935
92951
92955
92967
92974
92981
92994
93010
93012
93031
93038
93039
93046
93049
93053
93056
93059
93061
93068
93071
93090
93093
93120
93149
93159
93171
93176
93178
93205
93211
93245
93247
93252
93276
93278
93291
93309
93312
93324
93327
93329
93330
93334
93338
93343
93346
93353
93369
93373
93375
93380
93386
93390
93391
93401
93425
93445
93457
93461
93476
93482
93502
93511
93526
93532
93536
93566
93569
93574
93575
93576
93582
93583
93592
93594
93599
93626
93629
93633
93638
93645
93657
93662
93664
93668
93671
93673
93696
93700
93704
93708
93718
93725
93748
93749
93783
93784
93796
93798
93804
93805
93813
93817
93836
93844
93845
93868
93871
93884
93895
93898
93902
93904
93914
93916
93923
93927
93982
93983
94013
94016
94026
94040
94049
94061
94063
94112
94115
94132
94134
94140
94148
94150
94152
94156
94157
94197
94198
94199
94200
94205
94229
94233
94240
94249
94253
94259
94280
94288
94312
94324
94325
94333
94335
94342
94346
94377
94387
94402
94420
94422
94439
94447
94455
94460
94466
94469
94470
94485
94489
94503
94518
94521
94551
94557
94561
94573
94583
94597
94621
94654
94670
94700
94704
94729
94733
94734
94783
94790
94812
94814
94819
94823
94834
94837
94840
94846
94859
94879
94903
94918
94922
94932
94935
94945
94959
94961
94962
94986
94987
94993
95000
95012
95023
95030
95051
95058
95071
95075
95088
95092
95107
95109
95112
95116
95143
95146
95155
95161
95165
95176
95186
95219
95226
95236
95244
95249
95255
95268
95276
95282
95288
95290
95291
95293
95301
95305
95325
95336
95360
95372
95392
95408
95413
95417
95435
95437
95440
95442
95443
95449
95450
95460
95462
95463
95477
95480
95482
95489
95490
95494
95495
95499
95507
95511
95513
95525
95530
95533
95550
95557
95562
95583
95586
95593
95596
95605
95611
95631
95642
95647
95648
95650
95654
95659
95664
95679
95688
95691
95710
95712
95713
95714
95729
95730
95732
95733
95734
95766
95779
95793
95795
95796
95810
95817
95820
95821
95823
95824
95825
95827
95828
95840
95844
95851
95855
95859
95875
95877
95890
95901
95903
95907
95908
95920
95921
95923
95939
95940
95965
95968
95969
95970
96001
96005
96015
96024
96055
96059
96060
96062
96064
96070
96074
96085
96093
96097
96098
96105
96110
96113
96114
96124
96132
96137
96144
96145
96150
96163
96172
96185
96196
96215
96226
96249
96268
96281
96316
96346
96351
96354
96356
96362
96403
96425
96439
96443
96445
96484
96500
96501
96504
96510
96511
96534
96536
96562
96563
96568
96573
96578
96587
96594
96595
96599
96605
96609
96620
96622
96626
96649
96655
96656
96660
96668
96674
96679
96693
96712
96717
96725
96726
96731
96733
96743
96747
96749
96750
96773
96776
96799
96817
96821
96823
96863
96870
96883
96899
96908
96915
96941
96942
96952
96956
96960
96971
96974
96979
96997
96998
97009
97013
97017
97022
97037
97039
97057
97060
97061
97093
97104
97105
97118
97122
97162
97164
97199
97202
97213
97224
97232
97254
97268
97282
97315
97330
97346
97352
97358
97426
97437
97440
97441
97448
97453
97460
97479
97495
97504
97511
97512
97547
97549
97557
97559
97566
97572
97579
97602
97612
97641
97664
97678
97682
97695
97699
97712
97717
97726
97748
97752
97758
97763
97797
97812
97815
97816
97828
97830
97832
97857
97876
97919
97942
97947
97964
97966
97973
97977
98004
98005
98024
98038
98051
98053
98062
98067
98080
98108
98109
98117
98120
98123
98126
98164
98174
98189
98215
98247
98265
98279
98283
98284
98306
98309
98328
98340
98342
98346
98376
98413
98414
98439
98450
98454
98469
98482
98488
98501
98503
98512
98522
98533
98554
98561
98594
98621
98635
98641
98651
98665
98689
98692
98731
98733
98748
98789
98795
98807
98830
98838
98849
98851
98853
98868
98869
98871
98880
98905
98917
98920
98927
98953
98958
98959
98973
98981
98994
98997
99006
99010
99042
99049
99074
99087
99092
99098
99116
99118
99132
99150
99165
99172
99175
99190
99200
99217
99236
99246
99263
99266
99269
99272
99278
99283
99288
99293
99306
99308
99311
99314
99332
99347
99354
99447
99475
99476
99499
99511
99521
99523
99533
99534
99545
99551
99563
99565
99566
99570
99582
99607
99638
99667
99714
99726
99743
99757
99761
99768
99770
99772
99773
99776
99795
99813
99814
99816
99818
99819
99820
99821
99824
99825
99827
99829
99830
99831
99832
99833
99834
99835
99836
99837
99838
99839
99841
99844
99845
99846
99847
99849
99851
99852
99853
99854
99855
99856
99858
99860
99861
99862
99863
99864
99866
99867
99868
99869
99871
99872
99873
99874
99875
99880
99881
99884
99886
99888
99889
99891
99893
99896
99898
99899
99903
99911
99912
99913
99914
99915
99916
99917
99918
99919
99920
99921
99922
99923
99924
99925
99926
99927
99928
99929
99930
99931
99932
99933
99934
99935
99936
99937
99938
99939
99940
99941
99942
99943
99944
99945
99946
99947
99948
99949
99950
99951
99952
99953
99954
99955
99956
99957
99958
99959
99960
99961
99962
99963
99964
99965
99966
99967
99968
99969
99970
99971
99972
99973
99974
99975
99976
99977
99978
99979
99980
99981
99982
99983
99984
99985
99986
99987
99988
99989
99990
99991
99992
99993
99994
99995
99996
99997
99998
99999
10070000
10070001
10070003
10070004
10070005
10070007
10070008
10070016
10070017
10070027
10070028
10070055
10070056
10070057
10070058
10070063
10070064
10070065
10070066
10070067
10070068
10070069
10070072
10070073
10070075
10070076
10070080
10070081
10070082
10070083
10070084
10070086
10070087
10070088
10070089
10070090
10070091
10070092
10070093
10070094
10070098
10070099
10070100
10070101
10070102
10070105
10070108
10070109
10070110
10070111
10070117
10070118
10070119
10070120
10070121
10070122
10070123
10070124
10070125
10070134
10070135
10070136
10070137
10070138
10070139
10070140
10070141
10070142
10070151
10070152
10070153
10070182
10070183
10070184
10070185
10070186
10070187
10070188
10070189
10070190
10070191
10070192
10070193
10070194
10070196
10070198
10070199
10070200
10070201
10070202
10070203
10070206
10070207
10070208
10070209
10070211
10070212
10070213
10070214
10070215
10070216
10070217
10070218
10070219
10070220
10070221
10070222
10070223
10070225
10070226
10070227
10070233
10070235
10070236
10070237
10070238
10070239
10070240
10070241
10070242
10070243
10070244
10070245
10070246
10070247
10070279
10070281
10070287
10070288
10070289
10070290
10070291
10070292
10070293
10070295
10070300
10070301
10070302
10070303
10070304
10070305
10070306
10070307
10070308
10070309
10070311
10070312
10070313
10070315
10070316
10070317
10070318
10070319
10070320
10070321
10070322
10070323
10070324
10070325
10070326
10070332
10070333
10070334
10070335
10070336
10070337
10070338
10070339
10070340
10070341
10070342
10070343
10070344
10070345
10070347
10070352
10070353
10070354
10070355
10070356
10070357
10070358
10070359
10070360
10070361
10070402
10070405
10070415
10070416
10070417
10070418
10070419
10070420
10070421
10070422
10070423
10070424
10070425
10070426
10070428
10070429
10070430
10070431
10070432
10070433
10070434
10070435
10070436
10070437
10070438
10070439
10070440
10070441
10070443
10070444
10070445
10070446
10070447
10070448
10070449
10070450
10070451
10070452
10070453
10070454
10070455
10070456
10070458
10070462
10070474
10070475
10070476
10070482
10070483
10070484
10070485
10070486
10070487
10070488
10070494
10070495
10070496
10070497
10070498
10070499
10070500
10070501
10070502
10070503
10070504
10070505
10070506
10070509
10070545
10070556
10070557
10070558
10070559
10070560
10070561
10070562
10070569
10070570
10070571
10070572
10070573
10070574
10070575
10070576
10070578
10070580
10070582
10070583
10070584
10070585
10070586
10070590
10070591
10070592
10070593
10070594
10070595
10070597
10070598
10070599
10070601
10070605
10070606
10070607
10070608
10070609
10070610
10070611
10070612
10070613
10070617
10070618
10070620
10070621
10070622
10070623
10070624
10070625
10070626
10070627
10070628
10070629
10070672
10070681
10070682
10070683
10070684
10070685
10070686
10070687
10070688
10070689
10070690
10070691
10070693
10070694
10070696
10070697
10070698
10070699
10070700
10070703
10070705
10070706
10070707
10070708
10070709
10070710
10070711
10070720
10070721
10070722
10070723
10070727
10070730
10070731
10070732
10070734
10070735
10070736
10070737
10070738
10070739
10070740
10070749
10070750
10070751
10070752
10070753
10070754
10070755
10070756
10070757
10070758
10070759
10070760
10070761
10070762
10070763
10070799
10070823
10070824
10070825
10070826
10070827
10070828
10070829
10070830
10070831
10070832
10070833
10070834
10070835
10070836
10070847
10070849
10070850
10070851
10070852
10070853
10070854
10070855
10070856
10070857
10070858
10070862
10070863
10070864
10070865
10070866
10070867
10070868
10070869
10070870
10070871
10070872
10070873
10070874
10070875
10070876
10070877
10070878
10070879
10070883
10070886
10070899
10070901
10070902
10070903
10070904
10070905
10070906
10070907
10070908
10070912
10070913
10070914
10070915
10070918
10070919
10070920
10070924
10070926
10070927
10070929
10070930
10070970
10070971
10070980
10070982
10070983
10070984
10070985
10070994
10070995
10070996
10070997
10070998
10070999
10071000
10071003
10071004
10071005
10071006
10071007
10071008
10071009
10071010
10071011
10071017
10071018
10071019
10071020
10071021
10071022
10071023
10071024
10071025
10071027
10071035
10071036
10071037
10071038
10071039
10071040
10071041
10071042
10071044
10071048
10071049
10071051
10071055
10071056
10071057
10071058
10071059
10071060
10071061
10071067
10071069
10071083
10071103
10071105
10071106
10071107
10071108
10071113
10071115
10071116
10071117
10071118
10071119
10071120
10071121
10071122
10071123
10071124
10071125
10071126
10071128
10071135
10071136
10071137
10071138
10071139
10071140
10071141
10071142
10071143
10071144
10071145
10071146
10071147
10071150
10071151
10071152
10071153
10071154
10071155
10071156
10071157
10071158
10071161
10071162
10071163
10071168
10071169
10071170
10071171
10071172
10071173
10071174
10071175
10071180
10071181
10071182
10071183
10071184
10071185
10071186
10071187
10071188
10071189
10071190
10071191
10071192
10071193
10071251
10071252
10071253
10071254
10071255
10071256
10071257
10071258
10071259
10071260
10071261
10071262
10071263
10071264
10071265
10071270
10071271
10071272
10071273
10071274
10071275
10071276
10071277
10071278
10071279
10071280
10071281
10071282
10071283
10071284
10071286
10071287
10071288
10071290
10071291
10071293
10071296
10071297
10071298
10071299
10071300
10071301
10071302
10071304
10071305
10071309
10071310
10071311
10071312
10071313
10071314
10071316
10071317
10071318
10071319
10071320
10071321
10071322
10071323
10071324
10071326
10071328
10071329
10071330
10071331
10071332
10071333
10071376
10071377
10071379
10071381
10071382
10071383
10071384
10071385
10071391
10071392
10071393
10071394
10071395
10071396
10071399
10071401
10071403
10071405
10071406
10071407
10071408
10071409
10071410
10071411
10071412
10071413
10071414
10071415
10071416
10071420
10071422
10071423
10071424
10071425
10071426
10071428
10071429
10071431
10071432
10071433
10071435
10071437
10071438
10071439
10071440
10071441
10071442
10071443
10071444
10071446
10071448
10071449
10071450
10071451
10071452
10071453
10071454
10071455
10071456
10071470
10071484
10071492
10071493
10071494
10071499
10071522
10071523
10071530
10071531
10071532
10071533
10071534
10071535
10071536
10071544
10071545
10071546
10071547
10071548
10071549
10071550
10071551
10071552
10071553
10071554
10071555
10071556
10071557
10071558
10071564
10071565
10071566
10071567
10071568
10071569
10071575
10071576
10071577
10071578
10071579
10071580
10071581
10071582
10071583
10071591
10071592
10071593
10071594
10071596
10071597
10071598
10071599
10071600
10071606
10071609
10071610
10071611
10071612
10071613
10071614
10071615
10071616
10071617
10071670
10071671
10071672
10071673
10071674
10071675
10071676
10071678
10071684
10071685
10071686
10071687
10071688
10071700
10071701
10071703
10071704
10071705
10071707
10071709
10071714
10071715
10071716
10071717
10071718
10071719
10071720
10071721
10071722
10071728
10071729
10071730
10071731
10071732
10071754
10071792
10071797
10071799
10071802
10071807
10071808
10071809
10071810
10071811
10071812
10071813
10071823
10071824
10071825
10071826
10071827
10071828
10071829
10071830
10071839
10071840
10071841
10071843
10071844
10071845
10071846
10071847
10071848
10071849
10071850
10071852
10071853
10071854
10071855
10071856
10071862
10071863
10071864
10071865
10071872
10071873
10071874
10071875
10071876
10071877
10071878
10071879
10071880
10071881
10071883
10071884
10071885
10071886
10071891
10071892
10071893
10071894
10071895
10071896
10071904
10071919
10071924
10071948
10071953
10071954
10071955
10071956
10071957
10071958
10071959
10071960
10071961
10071962
10071963
10071964
10071965
10071966
10071979
10071980
10071981
10071983
10071985
10071986
10071988
10071989
10071990
10071991
10071992
10071993
10071994
10071995
10071996
10071998
10072000
10072014
10072015
10072016
10072017
10072018
10072020
10072021
10072022
10072023
10072024
10072025
10072026
10072032
10072033
10072034
10072035
10072036
10072037
10072038
10072039
10072040
10072041
10072042
10072043
10072044
10072045
10072050
10072051
10072052
10072053
10072054
10072055
10072056
10072102
10072105
10072106
10072110
10072111
10072112
10072113
10072114
10072118
10072119
10072120
10072121
10072122
10072123
10072124
10072125
10072126
10072131
10072132
10072133
10072134
10072135
10072136
10072138
10072140
10072141
10072142
10072143
10072144
10072145
10072146
10072147
10072152
10072153
10072154
10072155
10072156
10072157
10072158
10072160
10072169
10072170
10072171
10072172
10072176
10072182
10072183
10072184
10072185
10072186
10072187
10072188
10072189
10072190
10072191
10072192
10072239
10072240
10072241
10072242
10072243
10072248
10072249
10072250
10072251
10072252
10072253
10072254
10072255
10072256
10072258
10072260
10072264
10072265
10072266
10072267
10072268
10072269
10072270
10072271
10072273
10072275
10072276
10072277
10072278
10072279
10072280
10072287
10072288
10072289
10072290
10072294
10072297
10072298
10072299
10072307
10072308
10072309
10072310
10072311
10072312
10072313
10072314
10072315
10072316
10072317
10072318
10072319
10072320
10072321
10072322
10072323
10072326
10072327
10072328
10072329
10072330
10072331
10072332
10072333
10072334
10072342
10072343
10072344
10072345
10072348
10072349
10072350
10072351
10072352
10072364
10072394
10072395
10072396
10072397
10072398
10072400
10072401
10072402
10072403
10072404
10072405
10072408
10072409
10072410
10072411
10072412
10072413
10072414
10072416
10072417
10072419
10072420
10072421
10072426
10072427
10072428
10072435
10072436
10072437
10072438
10072439
10072440
10072441
10072442
10072443
10072444
10072445
10072446
10072447
10072448
10072449
10072450
10072451
10072452
10072454
10072455
10072456
10072466
10072467
10072469
10072470
10072471
10072473
10072475
10072481
10072482
10072483
10072484
10072485
10072486
10072487
10072488
10072491
10072492
10072495
10072496
10072498
10072541
10072542
10072546
10072547
10072549
10072550
10072551
10072555
10072556
10072557
10072558
10072559
10072560
10072561
10072562
10072563
10072565
10072566
10072574
10072575
10072586
10072587
10072588
10072589
10072590
10072591
10072592
10072599
10072600
10072601
10072602
10072603
10072604
10072605
10072606
10072612
10072614
10072615
10072616
10072618
10072619
10072620
10072629
10072688
10072692
10072693
10072694
10072695
10072696
10072697
10072698
10072699
10072700
10072701
10072702
10072703
10072704
10072705
10072706
10072707
10072708
10072709
10072710
10072711
10072713
10072714
10072715
10072716
10072717
10072718
10072719
10072720
10072722
10072732
10072733
10072734
10072735
10072736
10072737
10072738
10072740
10072741
10072749
10072750
10072751
10072752
10072753
10072754
10072755
10072756
10072757
10072758
10072759
10072760
10072761
10072768
10072769
10072770
10072771
10072772
10072773
10072774
10072799
10072825
10072826
10072831
10072836
10072837
10072839
10072840
10072841
10072842
10072843
10072844
10072845
10072854
10072858
10072859
10072860
10072861
10072862
10072863
10072872
10072873
10072874
10072875
10072878
10072879
10072880
10072888
10072889
10072890
10072891
10072892
10072893
10072894
10072905
10072906
10072907
10072908
10072909
10072910
10072911
10072912
10072913
10072914
10072915
10072916
10072917
10072918
10072919
10072920
10072927
10072928
10072929
10072930
10072931
10072932
10072933
10072934
10072935
10072936
10072937
10073000
10073002
10073004
10073005
10073006
10073012
10073013
10073014
10073015
10073016
10073019
10073020
10073021
10073024
10073025
10073026
10073027
10073028
10073031
10073032
10073033
10073034
10073035
10073036
10073037
10073038
10073039
10073040
10073041
10073042
10073044
10073045
10073049
10073050
10073051
10073052
10073060
10073061
10073062
10073063
10073064
10073065
10073066
10073067
10073068
10073069
10073076
10073084
10073108
10073130
10073131
10073132
10073133
10073134
10073135
10073136
10073137
10073142
10073143
10073144
10073145
10073146
10073147
10073148
10073149
10073150
10073151
10073152
10073153
10073154
10073155
10073156
10073157
10073158
10073161
10073164
10073165
10073166
10073167
10073168
10073173
10073174
10073175
10073176
10073177
10073178
10073179
10073180
10073181
10073182
10073183
10073184
10073185
10073186
10073187
10073189
10073190
10073191
10073192
10073193
10073195
10073206
10073212
10073213
10073214
10073215
10073216
10073217
10073218
10073219
10073220
10073221
10073222
10073223
10073224
10073242
10073245
10073246
10073275
10073276
10073278
10073284
10073285
10073286
10073288
10073290
10073291
10073292
10073293
10073294
10073295
10073297
10073298
10073299
10073301
10073306
10073307
10073308
10073309
10073310
10073311
10073312
10073313
10073314
10073317
10073319
10073320
10073321
10073324
10073325
10073326
10073327
10073328
10073329
10073330
10073331
10073333
10073337
10073338
10073339
10073340
10073345
10073346
10073347
10073348
10073349
10073350
10073363
10073366
10073367
10073368
10073372
10073373
10073374
10073375
10073376
10073377
10073378
10073379
10073380
10073381
10073382
10073384
10073428
10073432
10073433
10073434
10073435
10073436
10073437
10073438
10073439
10073444
10073445
10073446
10073447
10073455
10073456
10073457
10073458
10073459
10073460
10073461
10073462
10073463
10073464
10073466
10073468
10073470
10073471
10073472
10073473
10073474
10073476
10073480
10073481
10073482
10073483
10073484
10073485
10073486
10073487
10073489
10073490
10073492
10073494
10073497
10073499
10073500
10073506
10073510
10073511
10073512
10073513
10073514
10073515
10073516
10073517
10073518
10073527
10073571
10073572
10073573
10073574
10073575
10073576
10073580
10073581
10073582
10073583
10073584
10073585
10073586
10073587
10073589
10073590
10073591
10073594
10073595
10073596
10073597
10073598
10073599
10073600
10073601
10073602
10073604
10073605
10073606
10073607
10073608
10073611
10073612
10073613
10073614
10073627
10073629
10073630
10073631
10073632
10073633
10073634
10073635
10073636
10073639
10073640
10073642
10073643
10073644
10073645
10073653
10073654
10073655
10073673
10073688
10073696
10073697
10073698
10073699
10073701
10073702
10073703
10073704
10073705
10073712
10073715
10073716
10073717
10073718
10073719
10073721
10073722
10073723
10073724
10073725
10073727
10073728
10073729
10073730
10073731
10073732
10073736
10073737
10073739
10073740
10073745
10073746
10073747
10073748
10073749
10073750
10073751
10073752
10073753
10073754
10073755
10073756
10073760
10073761
10073762
10073763
10073764
10073765
10073766
10073767
10073768
10073769
10073770
10073772
10073773
10073774
10073775
10073776
10073777
10073778
10073786
10073787
10073788
10073789
10073790
10073827
10073828
10073836
10073837
10073838
10073840
10073841
10073842
10073843
10073845
10073846
10073850
10073852
10073853
10073854
10073855
10073856
10073857
10073863
10073864
10073868
10073869
10073870
10073871
10073873
10073874
10073875
10073881
10073882
10073883
10073892
10073893
10073894
10073895
10073896
10073897
10073898
10073899
10073900
10073911
10073914
10073915
10073916
10073917
10073918
10073925
10073954
10073955
10073959
10073960
10073961
10073962
10073963
10073965
10073967
10073968
10073969
10073970
10073971
10073972
10073973
10073976
10073977
10073978
10073979
10073980
10073981
10073982
10073988
10073989
10073990
10073991
10073992
10073993
10073994
10073995
10073996
10073997
10073998
10073999
10074000
10074003
10074004
10074005
10074006
10074007
10074008
10074012
10074013
10074014
10074015
10074016
10074017
10074018
10074019
10074020
10074021
10074022
10074023
10074025
10074026
10074039
10074040
10074065
10074078
10074079
10074082
10074083
10074089
10074090
10074091
10074092
10074093
10074094
10074095
10074097
10074098
10074099
10074104
10074105
10074106
10074107
10074108
10074109
10074110
10074111
10074114
10074115
10074116
10074118
10074120
10074121
10074122
10074123
10074124
10074128
10074129
10074130
10074131
10074132
10074133
10074134
10074135
10074136
10074137
10074139
10074140
10074141
10074142
10074143
10074144
10074150
10074151
10074152
10074153
10074154
10074155
10074156
10074166
10074167
10074168
10074169
10074170
10074171
10074172
10074173
10074174
10074175
10074176
10074177
10074178
10074179
10074218
10074220
10074221
10074222
10074223
10074225
10074229
10074230
10074231
10074232
10074233
10074234
10074235
10074236
10074237
10074239
10074241
10074242
10074245
10074250
10074251
10074252
10074253
10074255
10074259
10074260
10074262
10074263
10074264
10074265
10074266
10074267
10074270
10074271
10074272
10074278
10074279
10074280
10074281
10074282
10074283
10074284
10074285
10074315
10074326
10074327
10074329
10074330
10074331
10074337
10074338
10074339
10074340
10074341
10074342
10074343
10074344
10074346
10074348
10074352
10074353
10074354
10074355
10074356
10074357
10074358
10074362
10074363
10074364
10074365
10074371
10074372
10074373
10074374
10074375
10074376
10074377
10074378
10074379
10074381
10074385
10074386
10074387
10074388
10074389
10074390
10074391
10074392
10074394
10074402
10074403
10074404
10074405
10074406
10074407
10074408
10074409
10074410
10074411
10074412
10074416
10074417
10074418
10074419
10074448
10074450
10074454
10074465
10074466
10074467
10074468
10074469
10074470
10074471
10074472
10074473
10074474
10074475
10074476
10074477
10074478
10074483
10074485
10074486
10074487
10074489
10074490
10074491
10074494
10074496
10074497
10074498
10074499
10074500
10074502
10074504
10074505
10074506
10074507
10074508
10074514
10074515
10074516
10074517
10074518
10074519
10074521
10074522
10074523
10074524
10074525
10074530
10074531
10074532
10074534
10074537
10074541
10074542
10074543
10074547
10074548
10074549
10074550
10074551
10074552
10074553
10074588
10074589
10074590
10074593
10074596
10074597
10074598
10074599
10074605
10074606
10074607
10074608
10074609
10074611
10074612
10074613
10074614
10074619
10074621
10074622
10074625
10074626
10074628
10074629
10074630
10074631
10074632
10074633
10074634
10074635
10074636
10074642
10074643
10074644
10074654
10074655
10074656
10074657
10074658
10074659
10074667
10074668
10074669
10074670
10074671
10074672
10074673
10074674
10074675
10074676
10074677
10074678
10074679
10074680
10074720
10074722
10074723
10074724
10074725
10074726
10074727
10074728
10074729
10074730
10074731
10074732
10074734
10074735
10074736
10074738
10074739
10074744
10074745
10074747
10074748
10074749
10074751
10074752
10074753
10074754
10074755
10074756
10074757
10074758
10074759
10074760
10074761
10074762
10074763
10074764
10074765
10074766
10074778
10074779
10074780
10074781
10074782
10074783
10074784
10074785
10074786
10074787
10074789
10074802
10074805
10074806
10074807
10074808
10074815
10074816
10074817
10074818
10074819
10074820
10074860
10074861
10074862
10074864
10074868
10074869
10074870
10074872
10074877
10074878
10074879
10074880
10074881
10074882
10074883
10074884
10074886
10074887
10074888
10074891
10074892
10074893
10074894
10074895
10074896
10074897
10074898
10074899
10074900
10074902
10074903
10074904
10074905
10074907
10074908
10074909
10074910
10074916
10074917
10074918
10074919
10074920
10074921
10074922
10074923
10074924
10074926
10074927
10074928
10074929
10074930
10074931
10074932
10074933
10074934
10074935
10074946
10074975
10074976
10074977
10074978
10074980
10074981
10074982
10074983
10074984
10074985
10074989
10074990
10074991
10074992
10074993
10074994
10074995
10074996
10074997
10074998
10074999
10075000
10075005
10075006
10075007
10075008
10075009
10075010
10075011
10075012
10075013
10075014
10075019
10075020
10075021
10075022
10075023
10075024
10075025
10075026
10075027
10075028
10075029
10075030
10075033
10075037
10075038
10075039
10075040
10075041
10075042
10075043
10075044
10075045
10075046
10075048
10075049
10075056
10075057
10075058
10075059
10075060
10075061
10075062
10075083
10075097
10075098
10075099
10075106
10075107
10075108
10075109
10075110
10075111
10075112
10075113
10075114
10075115
10075116
10075117
10075118
10075119
10075129
10075130
10075131
10075132
10075133
10075134
10075135
10075136
10075137
10075138
10075139
10075140
10075141
10075142
10075145
10075146
10075147
10075148
10075154
10075155
10075156
10075157
10075158
10075159
10075161
10075162
10075164
10075165
10075166
10075167
10075171
10075172
10075173
10075174
10075175
10075179
10075180
10075181
10075187
10075188
10075189
10075190
10075191
10075192
10075200
10075201
10075218
10075231
10075232
10075242
10075243
10075244
10075245
10075246
10075247
10075248
10075249
10075251
10075253
10075259
10075260
10075261
10075262
10075263
10075264
10075265
10075266
10075267
10075268
10075271
10075272
10075273
10075274
10075277
10075280
10075281
10075282
10075283
10075284
10075289
10075290
10075291
10075292
10075293
10075295
10075296
10075297
10075298
10075299
10075300
10075301
10075302
10075303
10075304
10075305
10075306
10075308
10075309
10075310
10075311
10075312
10075316
10075317
10075318
10075319
10075320
10075321
10075322
10075323
10075354
10075355
10075357
10075358
10075359
10075360
10075361
10075364
10075365
10075367
10075368
10075369
10075370
10075372
10075373
10075374
10075375
10075376
10075384
10075385
10075386
10075387
10075388
10075389
10075391
10075392
10075393
10075395
10075397
10075398
10075399
10075402
10075403
10075404
10075405
10075406
10075407
10075408
10075409
10075410
10075411
10075412
10075415
10075416
10075423
10075424
10075425
10075426
10075427
10075428
10075429
10075475
10075476
10075477
10075483
10075484
10075485
10075486
10075487
10075488
10075489
10075490
10075493
10075494
10075495
10075496
10075501
10075502
10075503
10075504
10075505
10075506
10075507
10075509
10075510
10075515
10075516
10075517
10075518
10075519
10075520
10075521
10075522
10075523
10075524
10075525
10075526
10075527
10075529
10075531
10075532
10075538
10075539
10075540
10075541
10075542
10075543
10075544
10075545
10075552
10075553
10075554
10075555
10075556
10075557
10075558
10075559
10075560
10075561
10075562
10075563
10075564
10075597
10075599
10075618
10075619
10075620
10075621
10075624
10075625
10075626
10075627
10075628
10075629
10075630
10075631
10075632
10075633
10075637
10075638
10075639
10075641
10075642
10075643
10075646
10075647
10075648
10075649
10075650
10075651
10075652
10075654
10075655
10075656
10075659
10075660
10075661
10075662
10075663
10075664
10075665
10075666
10075667
10075668
10075669
10075671
10075672
10075673
10075674
10075675
10075676
10075677
10075682
10075683
10075684
10075685
10075688
10075689
10075690
10075700
10075708
10075709
10075710
10075711
10075716
10075717
10075727
10075744
10075745
10075746
10075747
10075748
10075749
10075751
10075752
10075758
10075759
10075760
10075761
10075762
10075763
10075765
10075766
10075769
10075770
10075771
10075772
10075773
10075774
10075775
10075776
10075777
10075782
10075783
10075785
10075786
10075787
10075792
10075793
10075794
10075795
10075796
10075797
10075798
10075799
10075800
10075807
10075808
10075809
10075810
10075811
10075812
10075813
10075814
10075815
10075818
10075819
10075863
10075864
10075866
10075869
10075870
10075871
10075873
10075874
10075876
10075877
10075880
10075881
10075882
10075892
10075893
10075894
10075895
10075897
10075898
10075899
10075909
10075910
10075911
10075912
10075913
10075914
10075915
10075916
10075917
10075918
10075919
10075921
10075926
10075927
10075928
10075929
10075930
10075931
10075932
10075942
10075943
10075944
10075945
10075946
10075947
10075948
10075949
10075950
10075951
10075952
10076000
10076001
10076002
10076007
10076008
10076009
10076011
10076012
10076014
10076015
10076016
10076018
10076019
10076020
10076021
10076022
10076023
10076025
10076026
10076027
10076028
10076029
10076030
10076031
10076032
10076033
10076034
10076035
10076036
10076037
10076038
10076039
10076040
10076041
10076042
10076043
10076044
10076045
10076046
10076047
10076048
10076049
10076050
10076051
10076054
10076055
10076056
10076059
10076060
10076061
10076063
10076064
10076065
10076067
10076068
10076069
10076071
10076076
10076077
10076078
10076079
10076080
10076081
10076082
10076083
10076084
10076085
10076086
10076087
10076088
10076089
10076090
10076091
10076097
10076098
10076100
10076102
10076103
10076104
10076108
10076109
10076110
10076111
10076112
10076113
10076115
10076116
10076117
10076163
10076164
10076165
10076166
10076167
10076169
10076170
10076171
10076172
10076173
10076174
10076182
10076183
10076184
10076190
10076191
10076192
10076193
10076194
10076195
10076196
10076197
10076198
10076199
10076202
10076206
10076219
10076221
10076222
10076223
10076226
10076227
10076228
10076229
10076230
10076231
10076232
10076233
10076234
10076235
10076236
10076238
10076240
10076241
10076242
10076244
10076245
10076249
10076250
10076251
10076253
10076265
10076285
10076286
10076287
10076288
10076294
10076295
10076296
10076297
10076298
10076299
10076302
10076308
10076309
10076310
10076311
10076312
10076313
10076314
10076315
10076316
10076317
10076318
10076319
10076320
10076321
10076322
10076324
10076325
10076330
10076331
10076332
10076333
10076334
10076335
10076336
10076337
10076338
10076339
10076340
10076344
10076345
10076346
10076347
10076348
10076349
10076350
10076351
10076352
10076353
10076354
10076363
10076371
10076372
10076373
10076374
10076375
10076377
10076401
10076406
10076411
10076425
10076426
10076430
10076431
10076435
10076436
10076437
10076439
10076441
10076442
10076445
10076446
10076447
10076454
10076455
10076456
10076457
10076458
10076459
10076460
10076461
10076462
10076463
10076464
10076465
10076466
10076467
10076468
10076469
10076471
10076472
10076473
10076476
10076478
10076479
10076480
10076481
10076482
10076484
10076490
10076491
10076492
10076493
10076494
10076495
10076496
10076497
10076498
10076499
10076500
10076504
10076505
10076506
10076507
10076508
10076509
10076510
10076512
10076513
10076514
10076515
10076516
10076517
10076518
10076569
10076570
10076571
10076572
10076573
10076574
10076575
10076576
10076577
10076578
10076579
10076580
10076581
10076582
10076583
10076584
10076585
10076586
10076587
10076592
10076594
10076595
10076596
10076598
10076599
10076604
10076605
10076606
10076607
10076608
10076609
10076610
10076611
10076612
10076613
10076614
10076615
10076616
10076617
10076618
10076619
10076620
10076621
10076623
10076624
10076625
10076626
10076627
10076628
10076629
10076636
10076637
10076638
10076640
10076641
10076642
10076643
10076644
10076649
10076650
10076651
10076652
10076653
10076654
10076655
10076657
10076658
10076660
10076661
10076667
10076668
10076669
10076682
10076684
10076685
10076717
10076731
10076734
10076740
10076741
10076742
10076743
10076744
10076745
10076746
10076747
10076748
10076749
10076751
10076752
10076753
10076754
10076755
10076756
10076757
10076759
10076760
10076761
10076762
10076763
10076764
10076765
10076766
10076767
10076768
10076769
10076770
10076771
10076772
10076773
10076775
10076776
10076778
10076782
10076783
10076784
10076785
10076786
10076791
10076793
10076794
10076795
10076796
10076797
10076798
10076799
10076802
10076803
10076804
10076805
10076806
10076807
10076808
10076809
10076810
10076811
10076812
10076813
10076814
10076823
10076824
10076825
10076826
10076827
10076828
10076829
10076830
10076831
10076832
10076833
10076834
10076835
10076836
10076837
10076838
10076839
10076840
10076844
10076845
10076846
10076847
10076848
10076849
10076850
10076884
10076900
10076903
10076904
10076905
10076906
10076907
10076908
10076915
10076916
10076917
10076918
10076919
10076920
10076921
10076922
10076923
10076924
10076925
10076926
10076927
10076928
10076929
10076933
10076934
10076935
10076936
10076938
10076939
10076940
10076941
10076942
10076943
10076944
10076945
10076947
10076948
10076951
10076952
10076953
10076954
10076955
10076956
10076957
10076981
10077001
10077002
10077003
10077006
10077008
10077009
10077010
10077011
10077012
10077013
10077014
10077015
10077021
10077022
10077024
10077025
10077026
10077027
10077028
10077029
10077030
10077031
10077032
10077033
10077034
10077036
10077037
10077039
10077043
10077044
10077045
10077050
10077053
10077054
10077055
10077056
10077058
10077059
10077062
10077063
10077064
10077065
10077066
10077067
10077068
10077069
10077074
10077092
10077093
10077107
10077109
10077110
10077111
10077113
10077114
10077115
10077118
10077119
10077120
10077121
10077122
10077123
10077124
10077125
10077126
10077127
10077128
10077129
10077130
10077131
10077135
10077137
10077138
10077139
10077140
10077143
10077149
10077150
10077151
10077152
10077153
10077154
10077155
10077156
10077157
10077158
10077159
10077160
10077165
10077166
10077167
10077168
10077169
10077170
10077171
10077172
10077173
10077174
10077175
10077176
10077177
10077178
10077179
10077180
10077181
10077182
10077183
10077184
10077185
10077186
10077187
10077190
10077191
10077192
10077193
10077194
10077195
10077196
10077197
10077198
10077199
10077201
10077203
10077204
10077205
10077206
10077207
10077208
10077211
10077212
10077213
10077214
10077215
10077216
10077217
10077218
10077219
10077242
10077258
10077259
10077261
10077262
10077267
10077268
10077269
10077270
10077271
10077272
10077273
10077275
10077281
10077282
10077283
10077284
10077285
10077286
10077287
10077288
10077289
10077290
10077291
10077292
10077293
10077294
10077296
10077297
10077301
10077305
10077306
10077307
10077308
10077309
10077310
10077311
10077312
10077313
10077314
10077315
10077316
10077319
10077320
10077321
10077322
10077323
10077325
10077327
10077328
10077329
10077332
10077333
10077334
10077335
10077336
10077337
10077338
10077339
10077340
10077341
10077342
10077344
10077345
10077348
10077356
10077366
10077400
10077401
10077402
10077404
10077405
10077406
10077407
10077408
10077409
10077410
10077413
10077414
10077415
10077419
10077420
10077421
10077422
10077423
10077424
10077425
10077428
10077429
10077431
10077432
10077433
10077434
10077435
10077436
10077437
10077438
10077439
10077440
10077441
10077442
10077443
10077444
10077445
10077448
10077449
10077450
10077454
10077455
10077456
10077458
10077459
10077460
10077461
10077462
10077471
10077472
10077473
10077476
10077477
10077478
10077486
10077487
10077488
10077489
10077490
10077491
10077492
10077493
10077494
10077495
10077496
10077497
10077498
10077499
10077530
10077531
10077532
10077534
10077535
10077536
10077539
10077540
10077541
10077542
10077543
10077544
10077545
10077546
10077547
10077548
10077549
10077550
10077551
10077553
10077555
10077558
10077561
10077562
10077565
10077566
10077567
10077568
10077569
10077570
10077571
10077572
10077575
10077576
10077577
10077578
10077579
10077583
10077584
10077585
10077586
10077587
10077588
10077589
10077590
10077591
10077592
10077598
10077599
10077600
10077601
10077608
10077609
10077634
10077637
10077638
10077639
10077643
10077644
10077645
10077646
10077647
10077648
10077649
10077650
10077652
10077655
10077656
10077657
10077658
10077659
10077660
10077661
10077670
10077671
10077672
10077673
10077674
10077675
10077677
10077678
10077680
10077681
10077682
10077684
10077685
10077686
10077687
10077688
10077689
10077692
10077693
10077694
10077695
10077696
10077697
10077698
10077699
10077700
10077701
10077702
10077707
10077708
10077709
10077711
10077712
10077713
10077714
10077715
10077716
10077720
10077721
10077722
10077723
10077726
10077727
10077728
10077729
10077730
10077731
10077761
10077785
10077786
10077787
10077788
10077789
10077790
10077791
10077792
10077793
10077795
10077796
10077797
10077798
10077799
10077810
10077811
10077812
10077813
10077814
10077815
10077817
10077818
10077820
10077821
10077822
10077823
10077824
10077831
10077833
10077834
10077835
10077836
10077837
10077838
10077839
10077841
10077842
10077843
10077845
10077846
10077847
10077855
10077856
10077874
10077880
10077895
10077896
10077897
10077898
10077899
10077901
10077902
10077903
10077904
10077905
10077906
10077907
10077908
10077909
10077910
10077911
10077912
10077913
10077914
10077916
10077917
10077918
10077919
10077926
10077927
10077928
10077930
10077931
10077932
10077933
10077934
10077935
10077937
10077938
10077940
10077941
10077942
10077943
10077944
10077945
10077946
10077947
10077950
10077951
10077952
10077953
10077954
10077955
10077956
10077957
10077958
10077959
10077961
10077964
10077965
10077968
10077969
10077970
10077971
10077972
10077973
10077975
10077976
10077977
10077978
10077980
10077984
10077985
10077986
10077987
10077988
10077989
10077990
10077991
10077992
10077995
10077996
10077997
10077998
10077999
10078007
10078008
10078009
10078010
10078011
10078056
10078065
10078066
10078067
10078068
10078069
10078070
10078071
10078072
10078073
10078074
10078083
10078084
10078085
10078086
10078087
10078088
10078089
10078090
10078091
10078092
10078093
10078094
10078095
10078096
10078097
10078098
10078099
10078100
10078101
10078102
10078103
10078104
10078105
10078106
10078107
10078108
10078109
10078110
10078112
10078115
10078116
10078117
10078118
10078119
10078121
10078122
10078123
10078124
10078125
10078126
10078127
10078128
10078129
10078140
10078142
10078143
10078144
10078145
10078146
10078147
10078148
10078154
10078155
10078156
10078157
10078158
10078159
10078200
10078210
10078211
10078212
10078213
10078214
10078215
10078216
10078217
10078218
10078219
10078227
10078228
10078229
10078230
10078231
10078232
10078233
10078234
10078235
10078236
10078237
10078238
10078239
10078240
10078241
10078243
10078249
10078250
10078251
10078252
10078253
10078254
10078255
10078256
10078257
10078258
10078259
10078260
10078265
10078266
10078269
10078270
10078271
10078272
10078273
10078274
10078275
10078276
10078277
10078278
10078280
10078281
10078282
10078283
10078284
10078286
10078289
10078291
10078292
10078293
10078294
10078295
10078296
10078297
10078299
10078305
10078325
10078348
10078351
10078352
10078353
10078354
10078356
10078357
10078361
10078362
10078363
10078395
10078396
10078402
10078403
10078405
10078406
10078407
10078408
10078409
10078410
10078411
10078417
10078418
10078420
10078421
10078422
10078423
10078424
10078425
10078426
10078427
10078428
10078429
10078432
10078433
10078434
10078435
10078436
10078437
10078439
10078440
10078441
10078448
10078449
10078471
10078472
10078475
10078476
10078482
10078483
10078484
10078489
10078490
10078491
10078492
10078493
10078494
10078495
10078496
10078497
10078498
10078499
10078500
10078522
10078523
10078524
10078525
10078527
10078530
10078531
10078532
10078533
10078534
10078535
10078536
10078537
10078538
10078539
10078545
10078547
10078548
10078549
10078550
10078552
10078553
10078554
10078555
10078556
10078557
10078558
10078559
10078562
10078563
10078564
10078565
10078567
10078568
10078570
10078571
10078572
10078573
10078574
10078575
10078576
10078577
10078578
10078579
10078580
10078581
10078586
10078587
10078588
10078589
10078590
10078591
10078592
10078593
10078594
10078595
10078596
10078598
10078600
10078601
10078602
10078603
10078611
10078612
10078613
10078614
10078615
10078620
10078621
10078622
10078625
10078632
10078644
10078645
10078646
10078647
10078648
10078649
10078669
10078670
10078671
10078672
10078673
10078681
10078683
10078684
10078691
10078692
10078693
10078694
10078695
10078696
10078697
10078698
10078699
10078701
10078702
10078704
10078706
10078707
10078708
10078709
10078710
10078711
10078712
10078714
10078715
10078716
10078725
10078726
10078727
10078728
10078729
10078730
10078731
10078732
10078733
10078734
10078735
10078736
10078737
10078741
10078742
10078743
10078744
10078745
10078746
10078747
10078748
10078749
10078750
10078751
10078752
10078757
10078758
10078759
10078764
10078765
10078766
10078767
10078768
10078769
10078771
10078776
10078777
10078778
10078779
10078781
10078820
10078821
10078822
10078823
10078824
10078828
10078829
10078830
10078831
10078832
10078833
10078834
10078835
10078836
10078837
10078838
10078839
10078841
10078842
10078843
10078847
10078851
10078853
10078854
10078864
10078865
10078866
10078867
10078868
10078869
10078870
10078871
10078872
10078873
10078874
10078877
10078878
10078879
10078880
10078881
10078883
10078884
10078885
10078886
10078887
10078889
10078890
10078891
10078894
10078896
10078902
10078907
10078909
10078910
10078911
10078912
10078913
10078915
10078916
10078917
10078918
10078929
10078930
10078931
10078934
10078935
10078940
10078981
10078982
10078983
10078984
10078985
10078987
10078988
10078989
10078991
10078992
10078996
10078997
10078998
10078999
10079003
10079005
10079006
10079007
10079008
10079009
10079014
10079015
10079016
10079017
10079018
10079020
10079022
10079031
10079032
10079033
10079034
10079035
10079036
10079037
10079038
10079039
10079040
10079042
10079043
10079044
10079046
10079048
10079049
10079050
10079051
10079052
10079053
10079056
10079057
10079058
10079059
10079060
10079064
10079065
10079067
10079068
10079069
10079070
10079071
10079072
10079073
10079074
10079075
10079077
10079078
10079129
10079131
10079132
10079133
10079134
10079135
10079136
10079146
10079147
10079149
10079156
10079157
10079158
10079159
10079160
10079161
10079162
10079163
10079164
10079165
10079166
10079167
10079182
10079183
10079184
10079185
10079189
10079190
10079191
10079192
10079193
10079194
10079196
10079197
10079198
10079199
10079202
10079203
10079204
10079205
10079206
10079207
10079208
10079209
10079210
10079211
10079212
10079217
10079218
10079219
10079220
10079289
10079290
10079291
10079293
10079294
10079295
10079296
10079298
10079299
10079300
10079301
10079302
10079303
10079304
10079305
10079310
10079311
10079312
10079313
10079314
10079316
10079317
10079318
10079319
10079320
10079321
10079322
10079323
10079324
10079325
10079332
10079333
10079334
10079335
10079336
10079337
10079348
10079350
10079351
10079353
10079354
10079355
10079356
10079357
10079359
10079360
10079361
10079362
10079363
10079364
10079365
10079366
10079367
10079369
10079370
10079374
10079375
10079376
10079377
10079378
10079379
10079380
10079382
10079387
10079388
10079389
10079390
10079391
10079392
10079393
10079394
10079395
10079396
10079397
10079398
10079400
10079401
10079402
10079403
10079404
10079405
10079410
10079411
10079412
10079467
10079471
10079473
10079474
10079475
10079476
10079477
10079478
10079479
10079480
10079481
10079482
10079483
10079491
10079492
10079493
10079494
10079495
10079496
10079497
10079498
10079499
10079500
10079508
10079509
10079510
10079511
10079512
10079520
10079521
10079522
10079523
10079529
10079531
10079533
10079534
10079535
10079536
10079537
10079538
10079539
10079540
10079541
10079545
10079547
10079548
10079549
10079550
10079551
10079552
10079553
10079554
10079555
10079558
10079559
10079560
10079561
10079562
10079604
10079605
10079606
10079607
10079608
10079610
10079611
10079614
10079616
10079617
10079619
10079620
10079621
10079622
10079623
10079624
10079625
10079627
10079628
10079629
10079630
10079637
10079638
10079639
10079640
10079641
10079646
10079648
10079651
10079652
10079653
10079654
10079655
10079656
10079657
10079658
10079659
10079660
10079661
10079662
10079663
10079664
10079665
10079666
10079668
10079669
10079670
10079671
10079672
10079673
10079675
10079679
10079680
10079681
10079682
10079683
10079684
10079686
10079687
10079690
10079691
10079692
10079693
10079694
10079695
10079697
10079698
10079699
10079717
10079718
10079719
10079758
10079759
10079762
10079763
10079767
10079768
10079770
10079771
10079772
10079773
10079774
10079781
10079782
10079783
10079787
10079788
10079789
10079790
10079791
10079792
10079793
10079794
10079795
10079796
10079801
10079803
10079807
10079817
10079819
10079820
10079821
10079822
10079825
10079826
10079827
10079828
10079829
10079830
10079831
10079832
10079833
10079834
10079836
10079837
10079838
10079839
10079840
10079842
10079843
10079844
10079863
10079865
10079866
10079867
10079868
10079869
10079872
10079873
10079874
10079875
10079877
10079878
10079879
10079880
10079881
10079883
10079885
10079888
10079889
10079895
10079896
10079897
10079898
10079899
10079910
10079914
10079948
10079949
10079957
10079958
10079959
10079960
10079961
10079962
10079963
10079964
10079965
10079966
10079968
10079971
10079972
10079973
10079974
10079982
10079984
10079986
10079987
10079988
10079989
10079990
10079991
10079992
10079994
10079995
10079996
10079997
10079998
10079999
10080005
10080006
10080007
10080008
10080010
10080013
10080014
10080017
10080019
10080020
10080025
10080026
10080091
10080093
10080094
10080095
10080097
10080099
10080108
10080109
10080110
10080111
10080112
10080113
10080114
10080115
10080116
10080117
10080118
10080119
10080121
10080122
10080124
10080125
10080126
10080131
10080132
10080133
10080134
10080135
10080136
10080137
10080138
10080139
10080141
10080146
10080147
10080148
10080149
10080150
10080151
10080152
10080153
10080154
10080156
10080160
10080161
10080162
10080163
10080164
10080165
10080166
10080167
10080168
10080171
10080172
10080173
10080174
10080175
10080176
10080180
10080181
10080182
10080183
10080184
10080185
10080186
10080187
10080188
10080189
10080190
10080191
10080194
10080216
10080217
10080218
10080232
10080234
10080244
10080247
10080249
10080250
10080251
10080252
10080253
10080255
10080256
10080257
10080258
10080259
10080260
10080261
10080262
10080263
10080264
10080265
10080266
10080267
10080268
10080269
10080270
10080273
10080274
10080275
10080276
10080277
10080278
10080279
10080280
10080281
10080284
10080285
10080286
10080290
10080291
10080292
10080293
10080295
10080296
10080298
10080299
10080303
10080304
10080305
10080306
10080307
10080310
10080315
10080317
10080318
10080319
10080320
10080321
10080322
10080323
10080324
10080325
10080326
10080327
10080332
10080336
10080337
10080338
10080339
10080340
10080341
10080342
10080343
10080344
10080345
10080346
10080351
10080359
10080397
10080398
10080399
10080413
10080414
10080415
10080416
10080417
10080418
10080423
10080424
10080425
10080426
10080427
10080428
10080429
10080430
10080442
10080443
10080444
10080445
10080446
10080447
10080448
10080449
10080450
10080452
10080453
10080454
10080457
10080458
10080459
10080460
10080461
10080464
10080465
10080466
10080467
10080468
10080472
10080473
10080474
10080475
10080476
10080477
10080478
10080479
10080481
10080483
10080484
10080485
10080490
10080491
10080492
10080493
10080494
10080495
10080496
10080497
10080499
10080537
10080539
10080540
10080541
10080542
10080543
10080544
10080552
10080553
10080554
10080555
10080556
10080557
10080558
10080559
10080560
10080563
10080564
10080565
10080566
10080567
10080568
10080569
10080571
10080572
10080575
10080576
10080577
10080578
10080579
10080580
10080583
10080584
10080585
10080586
10080591
10080592
10080593
10080594
10080595
10080596
10080597
10080598
10080599
10080601
10080602
10080603
10080606
10080607
10080608
10080609
10080611
10080613
10080618
10080619
10080620
10080622
10080623
10080624
10080625
10080626
10080627
10080628
10080629
10080632
10080633
10080634
10080635
10080636
10080637
10080640
10080641
10080642
10080643
10080644
10080645
10080646
10080647
10080648
10080649
10080650
10080652
10080653
10080656
10080692
10080693
10080699
10080700
10080701
10080702
10080703
10080704
10080705
10080706
10080707
10080708
10080709
10080710
10080711
10080712
10080713
10080714
10080715
10080721
10080722
10080723
10080724
10080725
10080726
10080727
10080728
10080729
10080730
10080731
10080732
10080733
10080734
10080735
10080736
10080737
10080738
10080745
10080746
10080748
10080749
10080750
10080751
10080752
10080753
10080754
10080755
10080757
10080758
10080759
10080760
10080761
10080764
10080765
10080768
10080769
10080770
10080771
10080772
10080773
10080774
10080775
10080776
10080777
10080782
10080783
10080784
10080785
10080786
10080787
10080788
10080789
10080790
10080791
10080792
10080793
10080794
10080851
10080852
10080853
10080854
10080855
10080859
10080860
10080861
10080863
10080864
10080865
10080866
10080867
10080869
10080872
10080873
10080874
10080875
10080876
10080877
10080878
10080879
10080888
10080889
10080890
10080891
10080892
10080893
10080894
10080895
10080896
10080897
10080898
10080899
10080900
10080902
10080903
10080904
10080905
10080907
10080912
10080914
10080915
10080916
10080917
10080937
10080960
10080977
10080979
10080980
10080981
10080982
10080984
10080985
10080986
10080987
10080988
10080989
10080990
10081004
10081005
10081007
10081008
10081009
10081010
10081011
10081012
10081013
10081014
10081015
10081017
10081018
10081023
10081024
10081025
10081026
10081027
10081028
10081029
10081030
10081031
10081034
10081035
10081036
10081037
10081038
10081039
10081040
10081041
10081042
10081043
10081044
10081045
10081046
10081049
10081050
10081051
10081052
10081053
10081054
10081055
10081056
10081057
10081061
10081062
10081063
10081064
10081077
10081120
10081121
10081122
10081123
10081124
10081125
10081126
10081133
10081134
10081135
10081136
10081137
10081138
10081139
10081140
10081142
10081143
10081144
10081145
10081146
10081150
10081151
10081152
10081153
10081154
10081155
10081156
10081157
10081158
10081159
10081160
10081163
10081164
10081165
10081166
10081167
10081168
10081169
10081180
10081181
10081182
10081183
10081184
10081185
10081186
10081187
10081188
10081190
10081191
10081192
10081193
10081194
10081195
10081196
10081197
10081198
10081199
10081200
10081201
10081204
10081205
10081206
10081209
10081210
10081211
10081213
10081214
10081215
10081216
10081217
10081218
10081219
10081220
10081252
10081254
10081256
10081257
10081262
10081263
10081264
10081265
10081266
10081268
10081269
10081270
10081271
10081275
10081278
10081280
10081281
10081282
10081284
10081285
10081286
10081287
10081288
10081289
10081291
10081294
10081295
10081296
10081297
10081298
10081299
10081300
10081301
10081302
10081303
10081304
10081305
10081306
10081307
10081308
10081315
10081323
10081324
10081325
10081326
10081327
10081365
10081366
10081373
10081374
10081375
10081376
10081377
10081378
10081384
10081385
10081386
10081387
10081388
10081389
10081395
10081396
10081397
10081398
10081399
10081400
10081406
10081408
10081411
10081412
10081413
10081416
10081417
10081418
10081421
10081422
10081423
10081424
10081425
10081428
10081429
10081431
10081432
10081433
10081453
10081473
10081474
10081475
10081476
10081477
10081478
10081479
10081480
10081481
10081482
10081489
10081492
10081493
10081496
10081497
10081499
10081503
10081504
10081505
10081506
10081507
10081508
10081509
10081510
10081511
10081513
10081514
10081515
10081516
10081517
10081525
10081526
10081527
10081528
10081529
10081530
10081531
10081532
10081533
10081534
10081535
10081537
10081541
10081542
10081543
10081544
10081545
10081546
10081547
10081548
10081549
10081550
10081559
10081560
10081561
10081565
10081566
10081567
10081568
10081569
10081581
10081600
10081604
10081626
10081627
10081628
10081630
10081631
10081632
10081635
10081636
10081637
10081639
10081640
10081641
10081642
10081643
10081644
10081645
10081647
10081654
10081655
10081656
10081657
10081658
10081659
10081660
10081661
10081662
10081663
10081668
10081669
10081670
10081671
10081672
10081673
10081674
10081675
10081676
10081677
10081678
10081679
10081685
10081686
10081687
10081688
10081689
10081691
10081692
10081693
10081694
10081695
10081696
10081699
10081701
10081702
10081703
10081704
10081705
10081706
10081707
10081709
10081710
10081711
10081713
10081721
10081726
10081769
10081771
10081772
10081773
10081774
10081776
10081778
10081779
10081780
10081781
10081782
10081783
10081784
10081787
10081788
10081789
10081790
10081791
10081792
10081795
10081801
10081802
10081803
10081804
10081806
10081807
10081808
10081813
10081814
10081815
10081816
10081817
10081818
10081819
10081820
10081821
10081822
10081824
10081825
10081826
10081827
10081830
10081831
10081832
10081833
10081834
10081835
10081836
10081837
10081840
10081843
10081846
10081847
10081848
10081849
10081850
10081851
10081852
10081856
10081857
10081858
10081859
10081864
10081899
10081903
10081905
10081906
10081907
10081908
10081909
10081913
10081914
10081915
10081916
10081917
10081918
10081919
10081920
10081921
10081922
10081923
10081924
10081925
10081928
10081938
10081939
10081940
10081941
10081942
10081943
10081949
10081951
10081952
10081953
10081954
10081957
10081958
10081959
10081960
10081961
10081962
10081963
10081966
10081967
10081971
10081972
10081973
10081974
10081975
10081976
10081977
10081978
10081979
10081980
10081981
10081983
10081984
10081985
10081986
10081990
10081991
10081995
10081996
10081997
10081998
10081999
10082047
10082048
10082049
10082050
10082051
10082052
10082053
10082054
10082055
10082061
10082062
10082063
10082064
10082065
10082066
10082067
10082068
10082069
10082070
10082071
10082072
10082073
10082074
10082075
10082084
10082085
10082087
10082088
10082089
10082090
10082092
10082093
10082095
10082096
10082097
10082098
10082099
10082100
10082102
10082123
10082140
10082142
10082143
10082144
10082147
10082148
10082149
10082150
10082151
10082152
10082153
10082154
10082155
10082156
10082157
10082158
10082159
10082160
10082164
10082165
10082167
10082168
10082169
10082170
10082172
10082175
10082176
10082177
10082178
10082179
10082185
10082187
10082188
10082189
10082190
10082191
10082192
10082193
10082194
10082195
10082196
10082197
10082198
10082199
10082200
10082201
10082202
10082203
10082204
10082205
10082208
10082209
10082210
10082212
10082214
10082215
10082216
10082217
10082218
10082221
10082222
10082223
10082224
10082225
10082227
10082231
10082233
10082234
10082235
10082236
10082240
10082241
10082242
10082243
10082244
10082245
10082246
10082247
10082248
10082249
10082250
10082252
10082255
10082262
10082296
10082299
10082300
10082302
10082303
10082305
10082306
10082307
10082311
10082312
10082313
10082314
10082315
10082316
10082317
10082318
10082319
10082321
10082323
10082324
10082327
10082328
10082329
10082330
10082331
10082332
10082337
10082338
10082341
10082342
10082343
10082344
10082345
10082352
10082353
10082354
10082355
10082356
10082358
10082360
10082361
10082362
10082363
10082364
10082365
10082366
10082367
10082371
10082377
10082378
10082379
10082380
10082382
10082384
10082385
10082388
10082389
10082397
10082398
10082399
10082400
10082401
10082402
10082403
10082404
10082410
10082411
10082412
10082414
10082415
10082418
10082421
10082460
10082464
10082465
10082467
10082468
10082470
10082471
10082472
10082473
10082474
10082475
10082480
10082481
10082482
10082483
10082484
10082485
10082486
10082487
10082488
10082489
10082490
10082491
10082492
10082493
10082494
10082495
10082496
10082497
10082498
10082500
10082503
10082504
10082505
10082506
10082507
10082508
10082509
10082510
10082511
10082513
10082515
10082520
10082521
10082524
10082525
10082526
10082527
10082528
10082529
10082530
10082531
10082532
10082533
10082537
10082538
10082539
10082540
10082541
10082542
10082543
10082544
10082545
10082546
10082547
10082548
10082550
10082551
10082556
10082558
10082559
10082588
10082591
10082593
10082594
10082595
10082598
10082599
10082600
10082601
10082602
10082603
10082604
10082605
10082606
10082609
10082610
10082611
10082612
10082613
10082614
10082615
10082616
10082617
10082618
10082619
10082620
10082621
10082622
10082623
10082624
10082627
10082631
10082632
10082633
10082634
10082635
10082638
10082639
10082640
10082641
10082642
10082643
10082644
10082645
10082646
10082647
10082648
10082649
10082651
10082652
10082654
10082655
10082657
10082658
10082659
10082662
10082663
10082664
10082665
10082666
10082667
10082668
10082669
10082670
10082672
10082673
10082674
10082675
10082676
10082677
10082678
10082679
10082680
10082681
10082682
10082683
10082685
10082733
10082734
10082735
10082736
10082738
10082739
10082740
10082741
10082742
10082743
10082744
10082745
10082747
10082748
10082751
10082753
10082755
10082756
10082757
10082758
10082759
10082760
10082763
10082764
10082766
10082771
10082772
10082773
10082774
10082775
10082776
10082777
10082778
10082779
10082780
10082781
10082782
10082783
10082784
10082785
10082786
10082794
10082795
10082799
10082800
10082801
10082802
10082803
10082804
10082805
10082806
10082807
10082808
10082812
10082813
10082815
10082818
10082819
10082820
10082821
10082823
10082824
10082825
10082826
10082827
10082828
10082829
10082830
10082875
10082876
10082877
10082878
10082879
10082880
10082881
10082882
10082883
10082886
10082887
10082889
10082890
10082891
10082892
10082893
10082895
10082897
10082898
10082899
10082900
10082901
10082902
10082907
10082908
10082909
10082910
10082911
10082913
10082914
10082915
10082916
10082917
10082922
10082923
10082925
10082926
10082927
10082928
10082929
10082930
10082931
10082932
10082933
10082934
10082935
10082936
10082938
10082940
10082941
10082943
10082944
10082945
10082946
10082947
10082948
10082949
10082951
10082953
10082954
10082955
10082956
10082957
10082958
10082959
10082960
10082962
10082963
10082965
10082967
10082968
10082969
10082977
10082978
10082979
10082980
10082981
10082982
10082987
10083012
10083013
10083019
10083020
10083021
10083022
10083024
10083026
10083027
10083028
10083029
10083030
10083031
10083032
10083033
10083034
10083036
10083038
10083039
10083040
10083041
10083042
10083047
10083048
10083049
10083050
10083051
10083052
10083053
10083054
10083055
10083057
10083059
10083060
10083061
10083065
10083066
10083067
10083068
10083069
10083070
10083071
10083072
10083073
10083074
10083075
10083076
10083080
10083081
10083082
10083083
10083084
10083085
10083086
10083090
10083091
10083092
10083093
10083094
10083095
10083096
10083098
10083099
10083100
10083102
10083103
10083104
10083105
10083106
10083108
10083109
10083110
10083111
10083112
10083161
10083165
10083166
10083167
10083168
10083169
10083170
10083171
10083172
10083175
10083178
10083179
10083181
10083186
10083188
10083194
10083195
10083197
10083198
10083199
10083200
10083201
10083202
10083204
10083205
10083206
10083207
10083208
10083209
10083213
10083214
10083215
10083216
10083217
10083222
10083225
10083226
10083227
10083228
10083231
10083232
10083233
10083234
10083235
10083236
10083237
10083238
10083239
10083241
10083243
10083244
10083245
10083246
10083247
10083249
10083250
10083251
10083252
10083253
10083254
10083255
10083256
10083257
10083258
10083259
10083274
10083310
10083315
10083316
10083317
10083318
10083319
10083320
10083321
10083322
10083323
10083324
10083325
10083326
10083328
10083329
10083330
10083331
10083332
10083333
10083335
10083338
10083339
10083341
10083342
10083343
10083344
10083345
10083346
10083347
10083348
10083349
10083350
10083351
10083352
10083353
10083354
10083355
10083356
10083357
10083359
10083360
10083362
10083363
10083364
10083365
10083366
10083367
10083368
10083369
10083380
10083381
10083382
10083383
10083384
10083386
10083416
10083417
10083420
10083421
10083423
10083424
10083425
10083426
10083427
10083428
10083429
10083430
10083431
10083432
10083433
10083434
10083435
10083436
10083437
10083440
10083441
10083442
10083443
10083444
10083445
10083446
10083447
10083448
10083449
10083451
10083452
10083453
10083454
10083455
10083457
10083462
10083463
10083464
10083465
10083466
10083467
10083468
10083470
10083472
10083473
10083474
10083475
10083476
10083477
10083478
10083480
10083481
10083482
10083483
10083484
10083485
10083486
10083488
10083489
10083493
10083503
10083504
10083505
10083506
10083507
10083508
10083509
10083510
10083511
10083518
10083519
10083520
10083521
10083522
10083523
10083524
10083525
10083526
10083559
10083562
10083563
10083564
10083566
10083567
10083568
10083569
10083570
10083571
10083572
10083573
10083574
10083578
10083579
10083580
10083585
10083586
10083587
10083588
10083589
10083590
10083591
10083592
10083593
10083594
10083597
10083598
10083599
10083600
10083602
10083603
10083604
10083605
10083606
10083607
10083608
10083609
10083610
10083611
10083613
10083614
10083615
10083616
10083617
10083618
10083619
10083620
10083621
10083622
10083623
10083625
10083628
10083629
10083638
10083639
10083640
10083641
10083642
10083644
10083645
10083647
10083648
10083649
10083650
10083652
10083653
10083654
10083655
10083656
10083657
10083658
10083659
10083660
10083661
10083662
10083663
10083664
10083673
10083680
10083681
10083682
10083683
10083684
10083685
10083686
10083687
10083688
10083689
10083690
10083700
10083703
10083704
10083705
10083709
10083710
10083711
10083712
10083713
10083714
10083715
10083716
10083717
10083718
10083719
10083720
10083721
10083722
10083724
10083726
10083727
10083728
10083729
10083730
10083732
10083733
10083734
10083735
10083736
10083737
10083738
10083739
10083740
10083741
10083742
10083743
10083746
10083747
10083748
10083749
10083750
10083751
10083752
10083753
10083754
10083755
10083756
10083757
10083758
10083759
10083760
10083761
10083762
10083763
10083766
10083767
10083769
10083770
10083771
10083776
10083777
10083778
10083779
10083780
10083781
10083783
10083786
10083788
10083789
10083791
10083792
10083800
10083801
10083802
10083803
10083804
10083815
10083816
10083817
10083818
10083819
10083820
10083827
10083840
10083854
10083856
10083858
10083859
10083860
10083861
10083862
10083863
10083864
10083865
10083866
10083867
10083869
10083870
10083876
10083877
10083878
10083879
10083880
10083881
10083882
10083883
10083884
10083885
10083887
10083888
10083890
10083891
10083892
10083893
10083894
10083895
10083896
10083897
10083898
10083899
10083900
10083901
10083911
10083912
10083913
10083914
10083915
10083916
10083917
10083918
10083919
10083920
10083921
10083922
10083923
10083930
10083936
10083937
10083938
10083939
10083940
10083941
10083942
10083943
10083944
10083945
10083946
10083947
10083948
10083949
10083950
10083955
10083956
10083957
10083958
10083959
10083960
10083961
10083962
10083972
10083973
10083974
10083975
10083977
10083978
10084015
10084017
10084021
10084022
10084023
10084024
10084025
10084026
10084027
10084028
10084029
10084032
10084034
10084035
10084036
10084037
10084038
10084039
10084040
10084041
10084042
10084045
10084046
10084047
10084048
10084049
10084050
10084051
10084052
10084055
10084056
10084057
10084058
10084059
10084065
10084066
10084067
10084068
10084069
10084070
10084072
10084073
10084074
10084075
10084076
10084077
10084078
10084079
10084085
10084086
10084087
10084088
10084089
10084091
10084092
10084094
10084095
10084096
10084097
10084098
10084099
10084100
10084101
10084102
10084103
10084104
10084106
10084107
10084108
10084109
10084110
10084113
10084114
10084115
10084116
10084117
10084118
10084119
10084122
10084123
10084124
10084130
10084131
10084132
10084133
10084134
10084135
10084136
10084137
10084138
10084140
10084142
10084143
10084144
10084145
10084146
10084147
10084148
10084149
10084150
10084204
10084205
10084206
10084207
10084208
10084209
10084214
10084215
10084216
10084217
10084218
10084219
10084220
10084221
10084222
10084223
10084224
10084225
10084226
10084227
10084228
10084229
10084230
10084231
10084238
10084240
10084241
10084243
10084244
10084245
10084246
10084247
10084248
10084249
10084250
10084252
10084255
10084257
10084259
10084260
10084265
10084266
10084267
10084268
10084269
10084270
10084271
10084278
10084300
10084319
10084320
10084325
10084326
10084327
10084328
10084329
10084330
10084331
10084332
10084333
10084336
10084341
10084342
10084343
10084344
10084345
10084346
10084350
10084351
10084352
10084353
10084354
10084355
10084356
10084357
10084359
10084360
10084361
10084362
10084363
10084367
10084368
10084369
10084370
10084371
10084372
10084373
10084374
10084375
10084376
10084377
10084378
10084379
10084380
10084381
10084382
10084383
10084384
10084385
10084386
10084387
10084389
10084390
10084391
10084395
10084396
10084397
10084398
10084399
10084400
10084401
10084403
10084404
10084405
10084406
10084411
10084413
10084414
10084416
10084417
10084421
10084422
10084423
10084424
10084425
10084426
10084429
10084430
10084431
10084432
10084433
10084435
10084436
10084437
10084438
10084439
10084485
10084487
10084488
10084489
10084490
10084492
10084493
10084495
10084496
10084497
10084498
10084501
10084502
10084503
10084504
10084505
10084506
10084507
10084508
10084509
10084510
10084511
10084512
10084513
10084514
10084515
10084516
10084517
10084521
10084522
10084523
10084524
10084525
10084526
10084527
10084529
10084530
10084531
10084532
10084535
10084536
10084537
10084538
10084539
10084542
10084543
10084544
10084545
10084546
10084547
10084548
10084549
10084550
10084551
10084552
10084553
10084554
10084555
10084556
10084557
10084558
10084559
10084560
10084561
10084562
10084563
10084565
10084566
10084567
10084568
10084572
10084573
10084574
10084575
10084576
10084577
10084578
10084579
10084580
10084581
10084584
10084585
10084586
10084587
10084589
10084590
10084592
10084593
10084594
10084595
10084596
10084597
10084598
10084599
10084656
10084657
10084658
10084662
10084663
10084664
10084665
10084666
10084667
10084668
10084669
10084670
10084671
10084674
10084675
10084676
10084677
10084682
10084684
10084685
10084686
10084687
10084688
10084689
10084690
10084691
10084692
10084693
10084694
10084696
10084698
10084699
10084703
10084704
10084705
10084706
10084707
10084708
10084709
10084710
10084715
10084716
10084717
10084718
10084723
10084724
10084725
10084726
10084727
10084728
10084729
10084730
10084731
10084732
10084733
10084734
10084735
10084736
10084737
10084738
10084739
10084748
10084749
10084804
10084806
10084808
10084809
10084810
10084812
10084813
10084814
10084819
10084820
10084821
10084822
10084823
10084824
10084825
10084826
10084827
10084828
10084829
10084832
10084833
10084834
10084835
10084836
10084837
10084838
10084839
10084840
10084841
10084842
10084843
10084844
10084852
10084853
10084856
10084857
10084858
10084859
10084860
10084861
10084862
10084863
10084866
10084868
10084869
10084871
10084876
10084877
10084878
10084879
10084885
10084887
10084892
10084893
10084894
10084895
10084896
10084907
10084914
10084915
10084916
10084917
10084918
10084919
10084921
10084922
10084925
10084926
10084927
10084929
10084948
10084949
10084950
10084951
10084952
10084975
10084977
10084978
10084983
10084984
10084985
10084986
10084987
10084988
10084989
10084991
10084992
10084993
10084994
10084995
10084996
10084997
10084998
10085005
10085006
10085007
10085008
10085010
10085011
10085012
10085013
10085014
10085015
10085016
10085017
10085019
10085020
10085022
10085027
10085028
10085029
10085032
10085033
10085034
10085035
10085036
10085040
10085041
10085042
10085043
10085044
10085045
10085046
10085047
10085048
10085049
10085050
10085051
10085056
10085057
10085058
10085082
10085084
10085085
10085086
10085087
10085088
10085089
10085091
10085104
10085105
10085106
10085110
10085111
10085112
10085113
10085114
10085115
10085116
10085117
10085118
10085119
10085120
10085121
10085126
10085127
10085128
10085132
10085133
10085134
10085135
10085136
10085137
10085138
10085139
10085140
10085141
10085142
10085143
10085144
10085145
10085150
10085152
10085153
10085154
10085155
10085156
10085162
10085163
10085164
10085165
10085166
10085167
10085168
10085169
10085170
10085171
10085181
10085182
10085184
10085185
10085186
10085187
10085189
10085190
10085191
10085193
10085194
10085195
10085196
10085197
10085198
10085199
10085200
10085238
10085239
10085240
10085241
10085242
10085243
10085244
10085245
10085246
10085247
10085248
10085249
10085250
10085251
10085253
10085254
10085259
10085261
10085262
10085264
10085265
10085266
10085267
10085268
10085269
10085270
10085271
10085273
10085274
10085280
10085281
10085282
10085283
10085293
10085294
10085295
10085296
10085297
10085298
10085299
10085300
10085301
10085302
10085303
10085304
10085306
10085308
10085309
10085312
10085313
10085314
10085317
10085318
10085319
10085320
10085321
10085322
10085325
10085327
10085353
10085354
10085355
10085356
10085359
10085360
10085361
10085362
10085363
10085366
10085367
10085368
10085369
10085370
10085371
10085372
10085373
10085374
10085377
10085379
10085380
10085381
10085382
10085383
10085384
10085387
10085388
10085389
10085390
10085391
10085392
10085393
10085394
10085395
10085396
10085397
10085398
10085399
10085400
10085402
10085403
10085404
10085405
10085406
10085408
10085409
10085410
10085411
10085412
10085413
10085414
10085415
10085416
10085419
10085420
10085422
10085423
10085424
10085425
10085426
10085427
10085428
10085429
10085430
10085431
10085432
10085433
10085434
10085446
10085489
10085491
10085492
10085493
10085495
10085496
10085497
10085499
10085500
10085501
10085502
10085503
10085504
10085505
10085508
10085509
10085515
10085516
10085517
10085518
10085522
10085523
10085524
10085525
10085526
10085527
10085528
10085529
10085530
10085532
10085534
10085535
10085536
10085537
10085538
10085539
10085542
10085543
10085544
10085545
10085546
10085547
10085549
10085550
10085551
10085552
10085553
10085554
10085555
10085560
10085561
10085562
10085565
10085567
10085568
10085569
10085570
10085571
10085572
10085573
10085574
10085576
10085577
10085578
10085581
10085582
10085583
10085584
10085601
10085602
10085603
10085619
10085643
10085644
10085645
10085646
10085647
10085648
10085649
10085650
10085651
10085652
10085655
10085657
10085658
10085663
10085664
10085665
10085666
10085667
10085668
10085669
10085672
10085673
10085674
10085675
10085676
10085677
10085678
10085679
10085680
10085681
10085682
10085686
10085687
10085688
10085689
10085690
10085692
10085693
10085694
10085695
10085697
10085698
10085699
10085724
10085745
10085746
10085747
10085748
10085751
10085752
10085753
10085756
10085758
10085760
10085762
10085763
10085764
10085765
10085766
10085768
10085769
10085771
10085772
10085774
10085775
10085776
10085777
10085778
10085779
10085780
10085782
10085784
10085787
10085792
10085793
10085794
10085795
10085796
10085799
10085801
10085802
10085803
10085804
10085805
10085806
10085807
10085810
10085811
10085812
10085813
10085815
10085816
10085817
10085818
10085851
10085852
10085853
10085855
10085856
10085858
10085861
10085862
10085867
10085868
10085870
10085871
10085872
10085873
10085874
10085875
10085881
10085882
10085883
10085884
10085885
10085887
10085888
10085889
10085891
10085893
10085894
10085895
10085896
10085901
10085903
10085904
10085905
10085906
10085907
10085908
10085910
10085911
10085915
10085916
10085919
10085920
10085921
10085932
10085933
10085934
10085935
10085936
10085937
10085938
10085939
10085946
10085947
10085948
10085949
10085955
10085964
10085985
10085986
10085987
10085988
10085989
10085990
10085991
10085992
10085993
10085994
10085995
10085997
10085998
10085999
10086000
10086002
10086003
10086007
10086009
10086010
10086011
10086012
10086013
10086014
10086015
10086016
10086017
10086022
10086023
10086024
10086025
10086026
10086027
10086028
10086029
10086030
10086031
10086033
10086035
10086036
10086037
10086038
10086039
10086040
10086041
10086042
10086044
10086045
10086046
10086047
10086048
10086049
10086050
10086051
10086052
10086053
10086054
10086056
10086057
10086058
10086062
10086063
10086064
10086066
10086084
10086096
10086112
10086114
10086115
10086117
10086118
10086120
10086121
10086122
10086131
10086132
10086133
10086135
10086136
10086137
10086138
10086139
10086140
10086141
10086142
10086143
10086144
10086145
10086146
10086147
10086148
10086149
10086150
10086151
10086154
10086155
10086157
10086158
10086159
10086160
10086161
10086162
10086164
10086165
10086166
10086168
10086169
10086170
10086171
10086172
10086175
10086177
10086188
10086190
10086191
10086192
10086193
10086194
10086195
10086200
10086201
10086202
10086203
10086204
10086205
10086206
10086207
10086208
10086209
10086210
10086211
10086212
10086214
10086215
10086216
10086217
10086218
10086229
10086251
10086252
10086253
10086254
10086255
10086257
10086258
10086259
10086261
10086263
10086264
10086265
10086266
10086267
10086272
10086273
10086274
10086275
10086276
10086277
10086278
10086279
10086280
10086281
10086282
10086284
10086285
10086289
10086290
10086291
10086292
10086293
10086294
10086295
10086296
10086297
10086298
10086299
10086300
10086317
10086318
10086322
10086323
10086324
10086327
10086328
10086352
10086353
10086360
10086365
10086371
10086372
10086373
10086374
10086375
10086378
10086379
10086380
10086381
10086382
10086383
10086384
10086385
10086386
10086387
10086388
10086389
10086392
10086393
10086394
10086395
10086396
10086397
10086398
10086399
10086401
10086402
10086403
10086404
10086405
10086406
10086407
10086408
10086409
10086410
10086413
10086415
10086416
10086417
10086421
10086422
10086423
10086424
10086425
10086426
10086427
10086428
10086429
10086430
10086431
10086432
10086433
10086434
10086435
10086437
10086441
10086442
10086443
10086444
10086445
10086446
10086447
10086448
10086449
10086450
10086451
10086452
10086453
10086454
10086455
10086456
10086457
10086458
10086459
10086460
10086461
10086463
10086464
10086465
10086468
10086469
10086470
10086471
10086472
10086473
10086475
10086476
10086477
10086478
10086479
10086480
10086495
10086499
10086515
10086516
10086520
10086521
10086522
10086523
10086524
10086531
10086532
10086533
10086534
10086535
10086537
10086538
10086539
10086542
10086543
10086544
10086545
10086546
10086547
10086548
10086549
10086550
10086551
10086552
10086554
10086555
10086556
10086557
10086558
10086559
10086560
10086561
10086562
10086563
10086564
10086565
10086566
10086567
10086568
10086569
10086570
10086571
10086572
10086573
10086574
10086575
10086576
10086577
10086578
10086579
10086580
10086581
10086582
10086583
10086584
10086585
10086586
10086587
10086588
10086589
10086590
10086591
10086592
10086593
10086594
10086595
10086596
10086598
10086601
10086602
10086604
10086607
10086608
10086612
10086626
10086627
10086628
10086629
10086630
10086631
10086632
10086633
10086634
10086635
10086636
10086637
10086638
10086639
10086640
10086641
10086642
10086643
10086644
10086645
10086646
10086660
10086672
10086680
10086681
10086682
10086683
10086684
10086685
10086686
10086687
10086688
10086689
10086690
10086691
10086692
10086693
10086694
10086695
10086696
10086699
10086700
10086701
10086702
10086703
10086704
10086705
10086706
10086707
10086708
10086709
10086710
10086711
10086712
10086713
10086714
10086715
10086716
10086717
10086718
10086719
10086720
10086721
10086722
10086723
10086724
10086725
10086726
10086727
10086728
10086729
10086730
10086731
10086732
10086733
10086734
10086735
10086736
10086737
10086738
10086739
10086740
10086741
10086742
10086743
10086744
10086745
10086746
10086747
10086748
10086749
10086756
10086765
10086766
10086767
10086768
10086769
10086770
10086771
10086772
10086773
10086774
10086775
10086776
10086777
10086778
10086779
10086780
10086781
10086782
10086783
10086784
10086785
10086786
10086787
10086788
10086789
10086790
10086791
10086792
10086793
10086794
10086795
10086796
10086797
10086798
10086799
10086800
10086803
10086813
10086825
10086826
10086827
10086828
10086829
10086830
10086831
10086832
10086833
10086834
10086835
10086836
10086837
10086838
10086839
10086840
10086841
10086842
10086843
10086844
10086845
10086846
10086847
10086848
10086849
10086850
10086851
10086852
10086853
10086854
10086855
10086856
10086857
10086858
10086859
10086860
10086861
10086862
10086863
10086864
10086865
10086866
10086867
10086868
10086869
10086870
10086871
10086872
10086873
10086874
10086875
10086876
10086877
10086878
10086879
10086880
10086881
10086882
10086883
10086884
10086885
10086886
10086887
10086888
10086889
10086890
10086891
10086892
10086893
10086894
10086895
10086896
10086897
10086898
10086899
10086900
10086901
10086902
10086903
10086904
10086905
10086906
10086907
10086908
10086909
10086910
10086911
10086912
10086913
10086914
10086929
10086932
10086935
10086936
10086942
10086943
10086944
10086946
10086947
10086948
10086949
10086951
10086952
10086953
10086954
10086955
10086956
10086957
10086958
10086959
10086960
10086961
10086962
10086963
10086964
10086965
10086966
10086967
10086968
10086969
10086970
10086971
10086972
10086973
10086974
10086975
10086976
10086977
10086980
10086981
10086982
10086983
10086984
10086985
10086987
10086988
10086991
10086992
10086993
10086994
10086995
10086996
10086997
10086998
10086999
10087001
10087005
10087011
10087012
10087013
10087014
10087015
10087016
10087017
10087018
10087019
10087020
10087021
10087022
10087023
10087024
10087041
10087042
10087044
10087075
10087076
10087080
10087081
10087082
10087083
10087084
10087087
10087088
10087089
10087090
10087091
10087092
10087093
10087094
10087097
10087098
10087099
10087100
10087101
10087102
10087103
10087104
10087106
10087107
10087108
10087109
10087110
10087111
10087112
10087113
10087114
10087115
10087116
10087117
10087118
10087119
10087120
10087121
10087122
10087123
10087124
10087125
10087126
10087127
10087128
10087129
10087130
10087131
10087133
10087134
10087135
10087136
10087137
10087138
10087139
10087140
10087141
10087142
10087143
10087144
10087145
10087146
10087147
10087148
10087149
10087150
10087151
10087152
10087162
10087172
10087173
10087174
10087175
10087176
10087177
10087178
10087179
10087180
10087187
10087188
10087189
10087192
10087194
10087195
10087196
10087197
10087198
10087199
10087200
10087201
10087202
10087203
10087204
10087205
10087207
10087208
10087209
10087210
10087211
10087212
10087213
10087214
10087215
10087216
10087217
10087218
10087219
10087220
10087221
10087222
10087223
10087224
10087225
10087226
10087227
10087228
10087229
10087230
10087231
10087232
10087233
10087234
10087235
10087236
10087237
10087238
10087239
10087240
10087241
10087242
10087243
10087244
10087245
10087246
10087247
10087248
10087249
10087250
10087251
10087252
10087253
10087254
10087255
10087256
10087257
10087258
10087259
10087260
10087261
10087270
10087271
10087272
10087273
10087274
10087275
10087276
10087277
10087278
10087279
10087280
10087281
10087282
10087283
10087294
10087300
10087301
10087302
10087305
10087307
10087317
10087318
10087319
10087320
10087321
10087322
10087323
10087324
10087325
10087326
10087327
10087328
10087329
10087330
10087331
10087332
10087333
10087334
10087335
10087336
10087337
10087338
10087339
10087340
10087341
10087342
10087343
10087344
10087345
10087346
10087347
10087348
10087349
10087350
10087351
10087352
10087353
10087354
10087355
10087356
10087357
10087358
10087359
10087360
10087361
10087362
10087363
10087365
10087366
10087368
10087369
10087370
10087371
10087372
10087373
10087374
10087375
10087376
10087377
10087378
10087379
10087380
10087381
10087383
10087384
10087385
10087386
10087387
10087388
10087389
10087390
10087391
10087392
10087393
10087394
10087395
10087396
10087397
10087398
10087399
10087410
10087411
10087412
10087413
10087414
10087426
10087427
10087428
10087435
10087436
10087437
10087438
10087439
10087440
10087441
10087442
10087443
10087444
10087445
10087446
10087447
10087448
10087449
10087450
10087451
10087452
10087453
10087454
10087455
10087456
10087457
10087458
10087459
10087460
10087461
10087462
10087463
10087464
10087465
10087466
10087467
10087468
10087470
10087471
10087472
10087473
10087474
10087475
10087511
10087512
10087513
10087514
10087515
10087516
10087517
10087518
10087519
10087520
10087521
10087522
10087523
10087524
10087525
10087526
10087527
10087528
10087529
10087530
10087531
10087532
10087533
10087534
10087535
10087536
10087537
10087538
10087539
10087540
10087541
10087542
10087543
10087544
10087545
10087546
10087547
10087548
10087549
10087550
10087551
10087552
10087553
10087554
10087555
10087556
10087557
10087558
10087559
10087560
10087561
10087562
10087563
10087564
10087566
10087567
10087568
10087569
10087570
10087571
10087572
10087573
10087574
10087575
10087576
10087577
10087578
10087579
10087580
10087581
10087582
10087583
10087584
10087585
10087587
10087588
10087589
10087590
10087591
10087616
10087626
10087627
10087628
10087630
10087631
10087632
10087633
10087634
10087635
10087636
10087637
10087638
10087639
10087640
10087641
10087642
10087643
10087644
10087645
10087646
10087647
10087648
10087649
10087650
10087651
10087652
10087653
10087654
10087674
10087675
10087676
10087677
10087678
10087679
10087680
10087681
10087682
10087683
10087684
10087688
10087697
10087698
10087699
10087700
10087701
10087702
10087703
10087704
10087705
10087706
10087707
10087708
10087709
10087710
10087711
10087712
10087713
10087714
10087715
10087716
10087717
10087718
10087719
10087720
10087721
10087722
10087723
10087724
10087725
10087726
10087727
10087728
10087729
10087730
10087731
10087732
10087733
10087734
10087735
10087736
10087737
10087738
10087739
10087740
10087741
10087742
10087743
10087744
10087745
10087746
10087747
10087748
10087749
10087750
10087751
10087752
10087753
10087754
10087755
10087756
10087757
10087758
10087759
10087760
10087761
10087762
10087763
10087764
10087765
10087766
10087767
10087768
10087769
10087796
10087804
10087805
10087806
10087807
10087808
10087809
10087810
10087811
10087812
10087813
10087816
10087817
10087818
10087819
10087820
10087821
10087822
10087823
10087824
10087825
10087826
10087827
10087828
10087829
10087830
10087831
10087832
10087833
10087834
10087835
10087836
10087837
10087838
10087839
10087840
10087841
10087842
10087843
10087844
10087845
10087846
10087847
10087848
10087849
10087850
10087851
10087852
10087853
10087854
10087855
10087856
10087857
10087858
10087859
10087860
10087861
10087862
10087864
10087865
10087866
10087867
10087868
10087869
10087880
10087925
10087926
10087927
10087928
10087929
10087930
10087931
10087932
10087933
10087934
10087935
10087936
10087937
10087938
10087939
10087940
10087941
10087942
10087943
10087945
10087946
10087947
10087948
10087949
10087950
10087951
10087952
10087953
10087954
10087955
10087956
10087957
10087958
10087959
10087960
10087961
10087962
10087963
10087964
10087965
10087966
10087967
10087968
10087969
10087970
10087971
10087972
10087973
10087974
10087975
10087977
10087978
10087979
10088025
10088026
10088027
10088028
10088029
10088030
10088031
10088032
10088033
10088034
10088035
10088036
10088037
10088038
10088039
10088040
10088041
10088042
10088043
10088044
10088045
10088046
10088047
10088048
10088049
10088051
10088052
10088053
10088054
10088055
10088056
10088057
10088058
10088059
10088060
10088061
10088062
10088063
10088064
10088065
10088066
10088067
10088068
10088069
10088070
10088071
10088072
10088073
10088074
10088075
10088076
10088077
10088078
10088079
10088080
10088081
10088082
10088083
10088085
10088086
10088087
10088088
10088089
10088090
10088091
10088092
10088093
10088094
10088095
10088096
10088097
10088098
10088099
10088100
10088136
10088150
10088151
10088152
10088153
10088154
10088155
10088156
10088157
10088158
10088160
10088161
10088163
10088164
10088165
10088166
10088167
10088168
10088169
10088170
10088171
10088172
10088173
10088174
10088175
10088176
10088177
10088178
10088179
10088180
10088181
10088182
10088183
10088184
10088185
10088186
10088187
10088188
10088189
10088190
10088191
10088192
10088193
10088194
10088195
10088196
10088197
10088198
10088199
10088200
10088201
10088202
10088203
10088204
10088205
10088206
10088207
10088208
10088209
10088210
10088211
10088212
10088213
10088214
10088250
10088263
10088264
10088265
10088266
10088267
10088268
10088269
10088271
10088272
10088273
10088274
10088275
10088276
10088277
10088278
10088279
10088280
10088281
10088282
10088283
10088284
10088285
10088286
10088287
10088288
10088289
10088290
10088291
10088292
10088293
10088294
10088295
10088296
10088297
10088298
10088299
10088300
10088301
10088302
10088303
10088304
10088305
10088306
10088307
10088309
10088310
10088311
10088312
10088313
10088314
10088315
10088316
10088317
10088318
10088319
10088320
10088321
10088322
10088323
10088324
10088325
10088326
10088327
10088329
10088330
10088331
10088373
10088376
10088377
10088378
10088379
10088380
10088381
10088382
10088383
10088384
10088385
10088386
10088387
10088388
10088389
10088390
10088391
10088392
10088393
10088394
10088395
10088396
10088397
10088398
10088399
10088400
10088401
10088402
10088403
10088404
10088405
10088406
10088407
10088408
10088409
10088410
10088411
10088412
10088413
10088414
10088415
10088416
10088417
10088418
10088419
10088420
10088421
10088422
10088423
10088424
10088425
10088426
10088427
10088428
10088429
10088430
10088431
10088432
10088433
10088434
10088435
10088436
10088437
10088438
10088439
10088440
10088441
10088442
10088443
10088444
10088445
10088446
10088447
10088448
10088491
10088492
10088493
10088494
10088495
10088496
10088497
10088498
10088499
10088500
10088501
10088502
10088503
10088504
10088505
10088506
10088507
10088508
10088509
10088510
10088511
10088512
10088513
10088514
10088515
10088516
10088517
10088518
10088520
10088521
10088522
10088523
10088524
10088525
10088526
10088527
10088528
10088529
10088530
10088531
10088532
10088533
10088534
10088535
10088536
10088537
10088538
10088539
10088540
10088541
10088542
10088543
10088544
10088545
10088546
10088547
10088548
10088549
10088550
10088551
10088552
10088587
10088588
10088589
10088590
10088591
10088592
10088593
10088594
10088595
10088596
10088597
10088598
10088599
10088600
10088601
10088602
10088603
10088604
10088605
10088606
10088607
10088608
10088609
10088610
10088611
10088612
10088613
10088614
10088615
10088616
10088617
10088618
10088619
10088620
10088621
10088622
10088623
10088624
10088625
10088626
10088627
10088629
10088630
10088631
10088632
10088633
10088634
10088635
10088636
10088637
10088638
10088639
10088640
10088641
10088642
10088643
10088644
10088645
10088647
10088648
10088649
10088650
10088669
10088683
10088684
10088685
10088686
10088687
10088688
10088689
10088690
10088691
10088692
10088693
10088694
10088695
10088696
10088698
10088699
10088700
10088701
10088702
10088703
10088704
10088705
10088706
10088707
10088708
10088709
10088710
10088711
10088712
10088713
10088714
10088715
10088716
10088717
10088718
10088719
10088720
10088721
10088722
10088724
10088725
10088726
10088727
10088728
10088729
10088730
10088731
10088732
10088733
10088734
10088735
10088736
10088737
10088738
10088739
10088740
10088741
10088742
10088743
10088744
10088745
10088746
10088747
10088748
10088749
10088750
10088751
10088752
10088753
10088754
10088755
10088756
10088757
10088758
10088759
10088760
10088761
10088762
10088763
10088764
10088765
10088766
10088767
10088768
10088769
10088775
10088776
10088777
10088778
10088779
10088780
10088789
10088810
10088811
10088812
10088813
10088814
10088815
10088816
10088817
10088818
10088819
10088821
10088822
10088823
10088824
10088825
10088826
10088827
10088828
10088829
10088830
10088831
10088832
10088833
10088834
10088835
10088836
10088837
10088838
10088839
10088840
10088841
10088842
10088843
10088844
10088845
10088846
10088848
10088849
10088850
10088851
10088852
10088853
10088854
10088867
10088888
10088891
10088892
10088893
10088894
10088895
10088896
10088897
10088898
10088899
10088900
10088901
10088902
10088903
10088904
10088905
10088906
10088907
10088908
10088909
10088910
10088911
10088912
10088913
10088914
10088915
10088916
10088917
10088918
10088919
10088920
10088921
10088922
10088923
10088924
10088925
10088926
10088927
10088928
10088929
10088930
10088931
10088932
10088933
10088934
10088935
10088936
10088937
10088938
10088939
10088940
10088941
10088942
10088943
10088944
10088945
10088946
10088947
10088948
10088949
10088950
10088951
10088952
10088953
10088954
10088955
10088996
10088998
10088999
10089000
10089001
10089002
10089003
10089004
10089005
10089006
10089007
10089008
10089009
10089010
10089011
10089012
10089013
10089014
10089015
10089016
10089017
10089018
10089019
10089020
10089021
10089022
10089023
10089024
10089025
10089026
10089027
10089028
10089030
10089031
10089032
10089033
10089034
10089035
10089036
10089037
10089038
10089039
10089040
10089041
10089042
10089043
10089044
10089045
10089046
10089047
10089048
10089049
10089050
10089051
10089052
10089053
10089054
10089055
10089056
10089057
10089058
10089059
10089060
10089061
10089062
10089063
10089064
10089067
10089092
10089093
10089094
10089095
10089096
10089097
10089098
10089099
10089100
10089101
10089102
10089103
10089104
10089105
10089106
10089107
10089108
10089109
10089110
10089111
10089112
10089113
10089114
10089115
10089116
10089117
10089118
10089120
10089121
10089122
10089123
10089124
10089125
10089126
10089127
10089128
10089129
10089130
10089131
10089132
10089133
10089134
10089135
10089136
10089137
10089138
10089139
10089140
10089141
10089142
10089143
10089144
10089145
10089146
10089147
10089148
10089149
10089150
10089151
10089152
10089153
10089154
10089155
10089156
10089158
10089159
10089160
10089161
10089162
10089163
10089164
10089165
10089166
10089167
10089168
10089200
10089201
10089202
10089203
10089204
10089205
10089206
10089207
10089208
10089209
10089210
10089211
10089212
10089213
10089214
10089215
10089216
10089217
10089218
10089219
10089220
10089221
10089222
10089223
10089224
10089225
10089226
10089227
10089228
10089229
10089231
10089232
10089233
10089234
10089235
10089236
10089237
10089238
10089239
10089241
10089242
10089243
10089244
10089245
10089246
10089247
10089248
10089267
10089270
10089272
10089273
10089274
10089275
10089276
10089277
10089278
10089279
10089280
10089281
10089282
10089283
10089284
10089285
10089286
10089287
10089288
10089289
10089290
10089291
10089292
10089293
10089294
10089295
10089296
10089297
10089298
10089299
10089300
10089301
10089302
10089303
10089304
10089305
10089306
10089307
10089308
10089309
10089310
10089311
10089312
10089313
10089314
10089315
10089316
10089317
10089318
10089319
10089320
10089321
10089322
10089323
10089324
10089325
10089327
10089329
10089330
10089331
10089332
10089333
10089336
10089337
10089338
10089339
10089340
10089341
10089342
10089343
10089344
10089346
10089347
10089348
10089349
10089350
10089351
10089352
10089353
10089354
10089355
10089356
10089357
10089358
10089359
10089360
10089361
10089362
10089363
10089364
10089365
10089366
10089367
10089368
10089369
10089370
10089371
10089372
10089373
10089374
10089395
10089396
10089397
10089398
10089399
10089410
10089411
10089412
10089413
10089414
10089415
10089416
10089417
10089418
10089419
10089420
10089421
10089422
10089423
10089424
10089425
10089426
10089427
10089428
10089429
10089430
10089431
10089432
10089433
10089434
10089435
10089436
10089437
10089438
10089439
10089440
10089442
10089443
10089444
10089445
10089446
10089447
10089448
10089449
10089451
10089452
10089453
10089454
10089455
10089456
10089457
10089458
10089459
10089477
10089478
10089479
10089480
10089483
10089484
10089485
10089486
10089487
10089488
10089489
10089490
10089491
10089492
10089493
10089500
10089510
10089511
10089512
10089513
10089514
10089515
10089516
10089517
10089518
10089519
10089520
10089521
10089522
10089523
10089524
10089525
10089526
10089527
10089528
10089529
10089530
10089531
10089532
10089533
10089534
10089535
10089536
10089537
10089538
10089539
10089542
10089547
10089550
10089551
10089552
10089553
10089554
10089555
10089556
10089557
10089558
10089559
10089560
10089561
10089562
10089563
10089564
10089565
10089566
10089567
10089568
10089569
10089571
10089572
10089573
10089574
10089575
10089576
10089577
10089578
10089579
10089616
10089617
10089618
10089620
10089621
10089622
10089623
10089624
10089625
10089626
10089627
10089628
10089629
10089630
10089631
10089632
10089633
10089634
10089635
10089636
10089637
10089638
10089640
10089641
10089642
10089643
10089644
10089645
10089646
10089647
10089648
10089649
10089650
10089651
10089652
10089653
10089654
10089655
10089656
10089657
10089658
10089659
10089660
10089661
10089662
10089663
10089664
10089665
10089666
10089667
10089668
10089669
10089670
10089671
10089672
10089673
10089674
10089675
10089676
10089677
10089678
10089679
10089680
10089681
10089682
10089683
10089684
10089685
10089686
10089687
10089688
10089689
10089690
10089691
10089692
10089693
10089694
10089695
10089696
10089697
10089698
10089699
10089706
10089707
10089708
10089709
10089710
10089711
10089712
10089713
10089714
10089715
10089716
10089717
10089718
10089719
10089720
10089721
10089722
10089723
10089724
10089725
10089726
10089727
10089733
10089766
10089767
10089768
10089769
10089770
10089771
10089772
10089773
10089774
10089775
10089776
10089777
10089778
10089779
10089780
10089782
10089783
10089784
10089785
10089786
10089787
10089788
10089789
10089790
10089791
10089792
10089793
10089794
10089795
10089796
10089797
10089798
10089799
10089800
10089801
10089802
10089803
10089804
10089805
10089806
10089807
10089808
10089809
10089810
10089812
10089813
10089814
10089815
10089816
10089817
10089818
10089820
10089821
10089822
10089823
10089824
10089825
10089826
10089828
10089829
10089857
10089858
10089861
10089862
10089863
10089864
10089865
10089866
10089867
10089868
10089869
10089870
10089871
10089873
10089874
10089875
10089876
10089877
10089878
10089879
10089880
10089881
10089882
10089883
10089884
10089885
10089886
10089887
10089888
10089889
10089890
10089891
10089892
10089893
10089894
10089895
10089896
10089897
10089898
10089899
10089900
10089901
10089903
10089904
10089905
10089906
10089907
10089908
10089909
10089910
10089911
10089912
10089913
10089914
10089915
10089916
10089917
10089918
10089919
10089920
10089921
10089922
10089923
10089924
10089925
10089926
10089927
10089928
10089929
10089930
10089931
10089932
10089933
10089967
10089968
10089969
10089970
10089971
10089972
10089973
10089974
10089977
10089978
10089979
10089980
10089981
10089982
10089983
10089984
10089985
10089986
10089987
10090003
10090004
10090008
10090012
10090013
10090015
10090016
10090018
10090019
10090020
10090023
10090056
10090062
10090065
10090066
10090067
10090068
10090069
10090070
10090071
10090072
10090073
10090075
10090076
10090077
10090078
10090079
10090080
10090081
10090082
10090084
10090085
10090092
10090093
10090094
10090095
10090097
10090098
10090100
10090101
10090102
10090103
10090104
10090105
10090106
10090119
10090123
10090124
10090125
10090130
10090153
10090154
10090158
10090159
10090160
10090161
10090162
10090164
10090165
10090166
10090167
10090170
10090171
10090172
10090174
10090175
10090179
10090180
10090181
10090182
10090183
10090184
10090185
10090186
10090191
10090192
10090193
10090194
10090195
10090196
10090198
10090199
10090202
10090206
10090207
10090208
10090211
10090212
10090213
10090214
10090215
10090216
10090217
10090218
10090219
10090220
10090221
10090222
10090229
10090230
10090231
10090232
10090233
10090235
10090236
10090237
10090238
10090239
10090240
10090241
10090242
10090243
10090245
10090246
10090248
10090255
10090263
10090272
10090288
10090291
10090292
10090294
10090295
10090297
10090298
10090299
10090300
10090302
10090306
10090307
10090308
10090309
10090310
10090311
10090317
10090322
10090323
10090325
10090326
10090327
10090328
10090329
10090331
10090332
10090335
10090336
10090337
10090338
10090339
10090340
10090341
10090342
10090343
10090344
10090345
10090346
10090347
10090348
10090349
10090350
10090351
10090352
10090353
10090356
10090357
10090358
10090359
10090361
10090362
10090363
10090364
10090365
10090366
10090367
10090368
10090369
10090381
10090413
10090416
10090417
10090420
10090421
10090422
10090423
10090424
10090425
10090426
10090428
10090429
10090430
10090431
10090432
10090433
10090434
10090435
10090436
10090437
10090438
10090439
10090440
10090472
10090477
10090478
10090479
10090480
10090481
10090482
10090483
10090484
10090485
10090486
10090487
10090488
10090489
10090490
10090491
10090492
10090493
10090494
10090495
10090496
10090497
10090498
10090499
10090500
10090501
10090502
10090503
10090504
10090505
10090506
10090507
10090508
10090510
10090511
10090512
10090513
10090514
10090515
10090516
10090517
10090518
10090519
10090520
10090521
10090548
10090550
10090551
10090552
10090553
10090554
10090555
10090556
10090557
10090558
10090559
10090560
10090568
10090569
10090575
10090576
10090577
10090578
10090579
10090580
10090581
10090582
10090583
10090585
10090586
10090587
10090588
10090589
10090590
10090591
10090592
10090593
10090594
10090595
10090596
10090597
10090598
10090599
10090600
10090601
10090602
10090603
10090604
10090634
10090635
10090636
10090637
10090638
10090639
10090640
10090641
10090642
10090643
10090644
10090645
10090646
10090647
10090648
10090650
10090651
10090652
10090653
10090654
10090655
10090656
10090657
10090658
10090659
10090660
10090661
10090662
10090664
10090665
10090666
10090667
10090668
10090669
10090670
10090671
10090673
10090674
10090706
10090707
10090708
10090709
10090710
10090711
10090712
10090713
10090714
10090715
10090716
10090717
10090718
10090719
10090720
10090721
10090722
10090723
10090724
10090725
10090726
10090727
10090728
10090729
10090730
10090732
10090733
10090734
10090735
10090736
10090737
10090738
10090739
10090740
10090741
10090742
10090743
10090744
10090749
10090750
10090751
10090752
10090753
10090754
10090755
10090756
10090757
10090758
10090759
10090760
10090761
10090762
10090763
10090764
10090765
10090766
10090767
10090768
10090769
10090770
10090771
10090772
10090773
10090778
10090779
10090780
10090781
10090810
10090811
10090812
10090813
10090814
10090815
10090816
10090817
10090818
10090819
10090820
10090821
10090822
10090823
10090824
10090825
10090826
10090827
10090828
10090830
10090831
10090832
10090833
10090834
10090835
10090836
10090837
10090838
10090839
10090840
10090841
10090842
10090843
10090844
10090845
10090846
10090847
10090848
10090849
10090850
10090851
10090852
10090853
10090854
10090855
10090856
10090857
10090858
10090859
10090860
10090861
10090862
10090863
10090864
10090865
10090866
10090867
10090868
10090869
10090905
10090906
10090907
10090908
10090909
10090910
10090911
10090912
10090913
10090914
10090915
10090916
10090917
10090918
10090919
10090920
10090921
10090922
10090923
10090924
10090925
10090926
10090927
10090928
10090929
10090930
10090931
10090932
10090933
10090934
10090935
10090936
10090937
10090938
10090939
10090940
10090941
10090942
10090943
10090944
10090945
10090946
10090947
10090949
10090950
10090951
10090952
10090953
10090954
10090955
10090956
10090957
10090958
10090959
10090960
10090961
10090992
10090993
10090994
10090995
10090996
10090997
10091001
10091002
10091003
10091004
10091005
10091006
10091007
10091008
10091009
10091010
10091011
10091012
10091013
10091014
10091015
10091016
10091017
10091018
10091019
10091020
10091021
10091022
10091023
10091024
10091025
10091026
10091027
10091028
10091029
10091030
10091031
10091032
10091033
10091034
10091040
10091041
10091043
10091044
10091045
10091046
10091047
10091048
10091049
10091050
10091051
10091052
10091053
10091054
10091055
10091056
10091057
10091058
10091059
10091060
10091061
10091091
10091092
10091093
10091094
10091096
10091097
10091110
10091111
10091112
10091113
10091114
10091115
10091116
10091117
10091118
10091119
10091120
10091121
10091122
10091123
10091124
10091125
10091126
10091127
10091128
10091129
10091130
10091131
10091132
10091133
10091134
10091135
10091136
10091137
10091138
10091139
10091140
10091142
10091143
10091144
10091145
10091146
10091147
10091148
10091149
10091150
10091151
10091152
10091153
10091154
10091155
10091156
10091157
10091158
10091159
10091160
10091190
10091191
10091192
10091193
10091194
10091195
10091196
10091197
10091198
10091199
10091200
10091201
10091202
10091203
10091204
10091205
10091206
10091207
10091208
10091209
10091210
10091211
10091212
10091213
10091214
10091215
10091216
10091217
10091218
10091219
10091220
10091221
10091222
10091223
10091224
10091225
10091227
10091228
10091229
10091230
10091231
10091232
10091233
10091234
10091235
10091236
10091237
10091238
10091239
10091273
10091274
10091275
10091276
10091277
10091278
10091279
10091280
10091281
10091282
10091283
10091284
10091285
10091286
10091287
10091288
10091289
10091290
10091291
10091292
10091293
10091295
10091296
10091299
10091300
10091301
10091302
10091303
10091304
10091305
10091306
10091307
10091309
10091310
10091311
10091312
10091313
10091314
10091315
10091316
10091318
10091319
10091320
10091321
10091322
10091323
10091324
10091325
10091326
10091327
10091328
10091329
10091330
10091331
10091332
10091333
10091334
10091335
10091336
10091337
10091338
10091350
10091354
10091371
10091372
10091373
10091374
10091375
10091376
10091377
10091378
10091379
10091380
10091381
10091382
10091383
10091384
10091385
10091386
10091387
10091388
10091389
10091390
10091392
10091393
10091394
10091395
10091396
10091397
10091398
10091400
10091401
10091402
10091404
10091405
10091406
10091407
10091408
10091409
10091410
10091411
10091412
10091413
10091414
10091415
10091416
10091417
10091418
10091419
10091420
10091421
10091422
10091423
10091424
10091425
10091426
10091427
10091428
10091429
10091430
10091431
10091432
10091433
10091466
10091467
10091468
10091469
10091470
10091471
10091472
10091473
10091474
10091475
10091476
10091477
10091478
10091479
10091480
10091481
10091482
10091483
10091484
10091485
10091486
10091487
10091488
10091489
10091490
10091491
10091492
10091493
10091494
10091495
10091496
10091497
10091498
10091499
10091500
10091501
10091502
10091503
10091504
10091505
10091506
10091507
10091508
10091509
10091510
10091511
10091512
10091513
10091514
10091515
10091516
10091517
10091546
10091552
10091553
10091554
10091555
10091556
10091557
10091558
10091559
10091560
10091561
10091562
10091563
10091564
10091565
10091566
10091567
10091568
10091569
10091570
10091598
10091599
10091600
10091601
10091602
10091603
10091604
10091605
10091606
10091608
10091609
10091610
10091611
10091612
10091613
10091614
10091615
10091616
10091617
10091618
10091619
10091620
10091621
10091622
10091623
10091624
10091625
10091626
10091627
10091628
10091629
10091630
10091631
10091660
10091661
10091662
10091663
10091664
10091665
10091666
10091667
10091668
10091669
10091670
10091671
10091672
10091673
10091674
10091675
10091676
10091677
10091678
10091679
10091680
10091681
10091682
10091683
10091684
10091685
10091686
10091687
10091688
10091689
10091690
10091691
10091692
10091693
10091694
10091695
10091696
10091697
10091698
10091699
10091700
10091701
10091702
10091703
10091704
10091705
10091706
10091707
10091708
10091709
10091710
10091739
10091740
10091741
10091742
10091743
10091744
10091745
10091746
10091747
10091748
10091749
10091750
10091751
10091752
10091753
10091754
10091755
10091756
10091758
10091759
10091760
10091761
10091762
10091763
10091764
10091765
10091766
10091767
10091768
10091769
10091770
10091771
10091772
10091773
10091774
10091775
10091776
10091777
10091778
10091780
10091781
10091782
10091783
10091784
10091785
10091786
10091787
10091788
10091789
10091791
10091792
10091795
10091796
10091797
10091798
10091799
10091800
10091801
10091802
10091803
10091804
10091805
10091806
10091807
10091808
10091809
10091811
10091812
10091813
10091814
10091815
10091816
10091817
10091818
10091819
10091820
10091821
10091822
10091823
10091824
10091825
10091826
10091827
10091856
10091857
10091858
10091859
10091860
10091861
10091862
10091863
10091864
10091865
10091866
10091867
10091868
10091869
10091870
10091871
10091872
10091873
10091874
10091875
10091876
10091877
10091878
10091879
10091880
10091881
10091882
10091883
10091884
10091885
10091886
10091887
10091888
10091889
10091890
10091891
10091892
10091893
10091897
10091898
10091900
10091901
10091902
10091903
10091904
10091905
10091906
10091907
10091937
10091938
10091939
10091940
10091941
10091942
10091943
10091944
10091945
10091946
10091947
10091948
10091949
10091950
10091951
10091952
10091953
10091954
10091955
10091956
10091957
10091958
10091959
10091960
10091961
10091962
10091963
10091964
10091965
10091966
10091967
10091968
10091969
10091970
10091971
10091972
10091973
10091974
10091975
10091976
10091977
10091978
10091979
10091991
10091992
10091993
10091994
10091995
10091996
10092024
10092025
10092026
10092027
10092028
10092029
10092030
10092031
10092032
10092033
10092034
10092035
10092036
10092037
10092038
10092039
10092040
10092041
10092042
10092043
10092044
10092045
10092046
10092047
10092048
10092049
10092050
10092051
10092052
10092053
10092054
10092055
10092056
10092057
10092058
10092059
10092060
10092061
10092062
10092063
10092064
10092065
10092066
10092067
10092068
10092069
10092070
10092071
10092072
10092073
10092074
10092075
10092076
10092077
10092084
10092086
10092111
10092112
10092113
10092115
10092116
10092117
10092118
10092119
10092120
10092121
10092122
10092123
10092124
10092125
10092126
10092127
10092128
10092129
10092130
10092131
10092132
10092133
10092134
10092135
10092136
10092137
10092138
10092139
10092140
10092141
10092142
10092144
10092145
10092146
10092147
10092148
10092149
10092150
10092151
10092152
10092153
10092154
10092155
10092156
10092157
10092158
10092159
10092160
10092161
10092162
10092163
10092164
10092165
10092166
10092167
10092195
10092197
10092198
10092208
10092209
10092210
10092211
10092212
10092213
10092214
10092216
10092217
10092218
10092219
10092220
10092221
10092222
10092223
10092224
10092225
10092226
10092227
10092228
10092229
10092230
10092231
10092233
10092234
10092235
10092236
10092237
10092238
10092239
10092240
10092241
10092243
10092244
10092245
10092246
10092247
10092249
10092255
10092256
10092257
10092258
10092261
10092263
10092264
10092265
10092266
10092267
10092268
10092269
10092270
10092271
10092272
10092273
10092274
10092275
10092276
10092277
10092311
10092312
10092315
10092316
10092317
10092318
10092319
10092320
10092321
10092322
10092323
10092324
10092325
10092326
10092327
10092328
10092330
10092331
10092332
10092333
10092334
10092335
10092336
10092337
10092338
10092339
10092340
10092341
10092342
10092343
10092344
10092345
10092346
10092347
10092348
10092365
10092375
10092376
10092377
10092378
10092379
10092380
10092381
10092382
10092383
10092384
10092385
10092387
10092388
10092389
10092390
10092391
10092392
10092393
10092394
10092395
10092396
10092397
10092398
10092399
10092400
10092401
10092402
10092403
10092404
10092405
10092406
10092407
10092408
10092410
10092411
10092412
10092413
10092414
10092415
10092416
10092417
10092418
10092419
10092420
10092421
10092422
10092423
10092424
10092425
10092426
10092427
10092428
10092429
10092430
10092431
10092432
10092433
10092434
10092435
10092436
10092437
10092439
10092440
10092441
10092450
10092451
10092482
10092483
10092484
10092485
10092486
10092487
10092488
10092489
10092490
10092491
10092492
10092493
10092494
10092495
10092496
10092497
10092498
10092499
10092500
10092501
10092502
10092504
10092505
10092506
10092507
10092508
10092509
10092510
10092511
10092512
10092513
10092514
10092515
10092516
10092517
10092518
10092519
10092520
10092521
10092522
10092523
10092524
10092525
10092526
10092527
10092528
10092529
10092530
10092531
10092532
10092533
10092534
10092535
10092536
10092537
10092538
10092539
10092540
10092542
10092543
10092544
10092545
10092546
10092547
10092548
10092549
10092550
10092583
10092584
10092585
10092586
10092587
10092589
10092590
10092591
10092592
10092593
10092594
10092595
10092596
10092597
10092598
10092599
10092601
10092602
10092603
10092604
10092605
10092607
10092608
10092610
10092611
10092612
10092613
10092614
10092615
10092616
10092617
10092618
10092619
10092620
10092621
10092622
10092623
10092624
10092625
10092647
10092648
10092649
10092650
10092651
10092652
10092653
10092654
10092655
10092656
10092660
10092661
10092662
10092663
10092664
10092665
10092666
10092667
10092668
10092669
10092670
10092671
10092672
10092673
10092674
10092675
10092676
10092677
10092678
10092679
10092680
10092683
10092684
10092685
10092686
10092687
10092688
10092689
10092690
10092691
10092700
10092701
10092702
10092703
10092704
10092705
10092706
10092707
10092708
10092709
10092710
10092711
10092712
10092735
10092736
10092737
10092738
10092739
10092740
10092741
10092742
10092743
10092744
10092745
10092746
10092747
10092748
10092749
10092750
10092751
10092752
10092753
10092754
10092755
10092756
10092757
10092758
10092759
10092760
10092761
10092762
10092763
10092764
10092765
10092766
10092767
10092768
10092769
10092771
10092772
10092773
10092774
10092775
10092776
10092777
10092778
10092779
10092780
10092781
10092782
10092783
10092784
10092785
10092786
10092787
10092793
10092794
10092795
10092796
10092797
10092798
10092799
10092800
10092801
10092802
10092803
10092805
10092806
10092807
10092808
10092809
10092814
10092815
10092816
10092817
10092818
10092819
10092820
10092821
10092822
10092823
10092824
10092825
10092826
10092827
10092828
10092830
10092831
10092832
10092833
10092834
10092835
10092836
10092837
10092838
10092839
10092867
10092868
10092869
10092870
10092871
10092872
10092873
10092874
10092875
10092876
10092877
10092878
10092879
10092880
10092881
10092882
10092883
10092884
10092885
10092886
10092887
10092888
10092889
10092890
10092891
10092892
10092893
10092894
10092896
10092897
10092898
10092899
10092900
10092901
10092902
10092903
10092904
10092905
10092906
10092907
10092908
10092909
10092910
10092911
10092912
10092913
10092914
10092915
10092916
10092917
10092918
10092919
10092920
10092921
10092922
10092923
10092924
10092935
10092960
10092961
10092962
10092963
10092964
10092965
10092966
10092967
10092968
10092969
10092970
10092971
10092972
10092973
10092975
10092976
10092977
10092978
10092979
10092980
10092981
10092982
10092983
10092984
10092985
10092986
10092987
10092988
10092990
10092991
10092992
10092993
10092994
10092995
10092996
10092997
10092998
10092999
10093000
10093001
10093002
10093003
10093004
10093005
10093006
10093007
10093008
10093009
10093010
10093011
10093012
10093013
10093014
10093015
10093016
10093017
10093018
10093019
10093020
10093021
10093022
10093023
10093024
10093025
10093026
10093027
10093028
10093029
10093063
10093065
10093066
10093067
10093068
10093069
10093070
10093071
10093072
10093073
10093074
10093075
10093076
10093077
10093078
10093079
10093080
10093081
10093082
10093083
10093084
10093085
10093086
10093087
10093088
10093089
10093091
10093092
10093095
10093096
10093097
10093098
10093099
10093101
10093102
10093103
10093104
10093105
10093106
10093107
10093108
10093109
10093110
10093111
10093112
10093113
10093114
10093115
10093116
10093117
10093118
10093119
10093120
10093121
10093122
10093123
10093125
10093126
10093127
10093128
10093129
10093161
10093162
10093163
10093164
10093165
10093166
10093167
10093168
10093169
10093170
10093174
10093175
10093176
10093177
10093178
10093179
10093180
10093181
10093182
10093183
10093184
10093185
10093186
10093187
10093188
10093189
10093190
10093201
10093202
10093203
10093204
10093205
10093206
10093207
10093208
10093209
10093210
10093211
10093212
10093213
10093214
10093221
10093224
10093248
10093249
10093250
10093251
10093252
10093253
10093254
10093255
10093256
10093257
10093258
10093259
10093260
10093265
10093266
10093267
10093268
10093269
10093270
10093271
10093272
10093273
10093274
10093275
10093276
10093277
10093278
10093279
10093280
10093281
10093282
10093283
10093284
10093285
10093286
10093287
10093288
10093289
10093290
10093291
10093292
10093293
10093294
10093295
10093296
10093297
10093298
10093299
10093300
10093301
10093302
10093303
10093304
10093305
10093306
10093307
10093308
10093337
10093338
10093339
10093340
10093341
10093342
10093343
10093344
10093345
10093346
10093347
10093348
10093349
10093350
10093351
10093352
10093353
10093354
10093355
10093356
10093357
10093358
10093359
10093360
10093361
10093362
10093363
10093364
10093365
10093366
10093370
10093371
10093372
10093373
10093374
10093375
10093376
10093377
10093378
10093379
10093382
10093383
10093384
10093385
10093386
10093387
10093388
10093389
10093390
10093391
10093392
10093405
10093418
10093419
10093420
10093421
10093422
10093423
10093424
10093425
10093426
10093427
10093428
10093429
10093430
10093431
10093432
10093433
10093434
10093435
10093436
10093437
10093438
10093439
10093440
10093441
10093442
10093443
10093444
10093445
10093446
10093447
10093448
10093449
10093450
10093451
10093452
10093453
10093454
10093455
10093456
10093457
10093458
10093459
10093460
10093461
10093462
10093463
10093464
10093472
10093474
10093476
10093477
10093478
10093479
10093480
10093481
10093500
10093501
10093502
10093503
10093504
10093505
10093506
10093517
10093518
10093519
10093520
10093521
10093522
10093523
10093524
10093525
10093526
10093527
10093528
10093529
10093530
10093531
10093532
10093533
10093534
10093535
10093536
10093537
10093538
10093539
10093540
10093541
10093542
10093543
10093544
10093545
10093546
10093547
10093548
10093549
10093550
10093551
10093552
10093553
10093554
10093555
10093556
10093557
10093558
10093559
10093560
10093561
10093562
10093563
10093564
10093565
10093566
10093567
10093568
10093569
10093570
10093571
10093572
10093573
10093574
10093575
10093611
10093612
10093613
10093614
10093615
10093616
10093617
10093618
10093619
10093620
10093621
10093622
10093623
10093624
10093625
10093626
10093627
10093628
10093629
10093630
10093631
10093632
10093633
10093634
10093635
10093636
10093637
10093638
10093639
10093641
10093642
10093643
10093644
10093645
10093646
10093647
10093648
10093649
10093651
10093652
10093653
10093654
10093655
10093656
10093657
10093658
10093659
10093660
10093661
10093674
10093675
10093676
10093678
10093679
10093680
10093681
10093682
10093683
10093684
10093685
10093686
10093687
10093688
10093689
10093690
10093691
10093692
10093693
10093694
10093695
10093696
10093697
10093698
10093699
10093720
10093721
10093722
10093723
10093724
10093725
10093726
10093727
10093728
10093729
10093730
10093731
10093733
10093734
10093735
10093737
10093738
10093739
10093740
10093741
10093742
10093743
10093744
10093745
10093746
10093747
10093748
10093749
10093750
10093751
10093752
10093753
10093754
10093755
10093756
10093757
10093758
10093759
10093760
10093761
10093762
10093772
10093773
10093774
10093775
10093776
10093777
10093778
10093779
10093780
10093781
10093782
10093783
10093784
10093785
10093786
10093787
10093788
10093789
10093791
10093792
10093794
10093795
10093796
10093797
10093798
10093799
10093800
10093801
10093802
10093803
10093804
10093805
10093806
10093807
10093808
10093809
10093810
10093837
10093839
10093841
10093842
10093843
10093844
10093845
10093846
10093847
10093848
10093849
10093850
10093851
10093852
10093853
10093854
10093855
10093858
10093859
10093860
10093861
10093862
10093863
10093864
10093865
10093866
10093867
10093868
10093869
10093870
10093871
10093872
10093873
10093874
10093875
10093876
10093877
10093879
10093880
10093885
10093886
10093887
10093888
10093889
10093890
10093891
10093892
10093893
10093894
10093895
10093896
10093897
10093898
10093927
10093928
10093929
10093930
10093931
10093932
10093933
10093934
10093935
10093938
10093939
10093940
10093941
10093942
10093943
10093944
10093945
10093946
10093947
10093948
10093949
10093950
10093951
10093952
10093953
10093954
10093955
10093956
10093957
10093958
10093959
10093960
10093961
10093962
10093963
10093964
10093965
10093966
10093967
10093968
10093970
10093971
10093972
10093973
10093974
10093975
10093976
10093977
10093978
10093991
10094041
10094042
10094043
10094044
10094045
10094046
10094047
10094048
10094049
10094050
10094051
10094052
10094053
10094054
10094055
10094056
10094057
10094058
10094059
10094060
10094061
10094062
10094063
10094064
10094065
10094066
10094067
10094068
10094069
10094070
10094071
10094072
10094073
10094074
10094077
10094078
10094079
10094080
10094081
10094082
10094083
10094084
10094085
10094086
10094087
10094088
10094089
10094090
10094091
10094092
10094093
10094095
10094096
10094097
10094098
10094099
10094136
10094137
10094138
10094139
10094140
10094141
10094142
10094143
10094144
10094145
10094147
10094148
10094149
10094150
10094151
10094152
10094153
10094154
10094155
10094156
10094157
10094158
10094159
10094160
10094161
10094162
10094163
10094164
10094165
10094166
10094167
10094168
10094169
10094170
10094171
10094172
10094173
10094174
10094175
10094176
10094177
10094178
10094179
10094180
10094181
10094182
10094183
10094184
10094185
10094186
10094187
10094188
10094189
10094190
10094191
10094192
10094193
10094194
10094195
10094196
10094197
10094198
10094199
10094200
10094201
10094202
10094203
10094204
10094205
10094206
10094207
10094208
10094209
10094210
10094211
10094212
10094213
10094214
10094215
10094216
10094217
10094250
10094251
10094252
10094253
10094254
10094256
10094257
10094258
10094259
10094260
10094261
10094262
10094263
10094264
10094265
10094266
10094267
10094268
10094269
10094270
10094271
10094272
10094273
10094274
10094275
10094276
10094277
10094278
10094279
10094280
10094281
10094282
10094283
10094284
10094290
10094292
10094293
10094296
10094297
10094299
10094301
10094302
10094303
10094304
10094305
10094329
10094344
10094345
10094346
10094347
10094348
10094349
10094350
10094351
10094352
10094353
10094354
10094355
10094356
10094357
10094358
10094359
10094360
10094361
10094362
10094363
10094364
10094365
10094366
10094367
10094368
10094369
10094370
10094371
10094372
10094373
10094374
10094375
10094376
10094377
10094378
10094379
10094380
10094381
10094382
10094383
10094384
10094385
10094386
10094387
10094388
10094389
10094390
10094391
10094397
10094398
10094399
10094401
10094402
10094403
10094404
10094405
10094406
10094407
10094408
10094409
10094410
10094411
10094412
10094413
10094414
10094415
10094416
10094417
10094418
10094419
10094420
10094421
10094453
10094454
10094455
10094456
10094457
10094458
10094459
10094460
10094461
10094462
10094463
10094464
10094465
10094466
10094467
10094468
10094469
10094470
10094471
10094472
10094473
10094474
10094475
10094476
10094477
10094478
10094479
10094480
10094481
10094482
10094483
10094484
10094486
10094487
10094488
10094489
10094490
10094491
10094492
10094493
10094494
10094495
10094496
10094497
10094498
10094499
10094500
10094501
10094502
10094503
10094504
10094505
10094507
10094508
10094509
10094510
10094511
10094512
10094513
10094514
10094515
10094516
10094517
10094518
10094519
10094534
10094542
10094543
10094544
10094545
10094546
10094547
10094548
10094549
10094550
10094551
10094552
10094553
10094554
10094555
10094556
10094557
10094558
10094559
10094560
10094561
10094562
10094563
10094564
10094565
10094566
10094567
10094568
10094569
10094570
10094571
10094572
10094573
10094574
10094575
10094576
10094577
10094578
10094579
10094587
10094589
10094590
10094591
10094592
10094593
10094594
10094595
10094596
10094597
10094598
10094599
10094600
10094601
10094602
10094603
10094604
10094605
10094606
10094607
10094608
10094609
10094610
10094618
10094619
10094620
10094621
10094622
10094623
10094624
10094625
10094626
10094627
10094628
10094629
10094630
10094631
10094632
10094633
10094634
10094635
10094636
10094637
10094638
10094639
10094640
10094641
10094642
10094643
10094644
10094645
10094646
10094647
10094648
10094649
10094673
10094674
10094675
10094676
10094685
10094686
10094687
10094688
10094689
10094690
10094691
10094692
10094693
10094694
10094695
10094696
10094697
10094698
10094699
10094704
10094705
10094706
10094707
10094708
10094709
10094710
10094711
10094712
10094713
10094714
10094715
10094716
10094717
10094718
10094719
10094720
10094727
10094728
10094729
10094730
10094731
10094764
10094765
10094766
10094767
10094768
10094769
10094770
10094771
10094772
10094773
10094774
10094775
10094776
10094777
10094778
10094779
10094780
10094781
10094782
10094783
10094784
10094785
10094786
10094787
10094788
10094789
10094790
10094791
10094792
10094793
10094794
10094795
10094796
10094797
10094798
10094799
10094800
10094801
10094802
10094803
10094804
10094805
10094806
10094807
10094808
10094809
10094810
10094811
10094812
10094813
10094814
10094815
10094816
10094817
10094819
10094829
10094830
10094831
10094832
10094833
10094834
10094835
10094847
10094848
10094880
10094881
10094882
10094883
10094884
10094885
10094886
10094887
10094888
10094889
10094890
10094891
10094892
10094893
10094894
10094895
10094896
10094897
10094898
10094899
10094900
10094901
10094902
10094903
10094904
10094905
10094906
10094908
10094909
10094910
10094911
10094912
10094913
10094914
10094915
10094916
10094917
10094918
10094919
10094920
10094921
10094922
10094923
10094924
10094925
10094926
10094927
10094928
10094929
10094968
10094969
10094970
10094971
10094972
10094974
10094975
10094976
10094977
10094978
10094979
10094980
10094981
10094982
10094983
10094984
10094985
10094986
10094987
10094988
10094989
10094990
10094991
10094992
10094993
10094994
10094995
10094996
10094997
10095000
10095001
10095002
10095003
10095004
10095005
10095007
10095008
10095009
10095010
10095011
10095012
10095013
10095015
10095016
10095017
10095018
10095019
10095020
10095021
10095022
10095023
10095024
10095025
10095026
10095027
10095028
10095029
10095030
10095031
10095032
10095033
10095034
10095035
10095036
10095037
10095038
10095039
10095040
10095041
10095042
10095044
10095045
10095046
10095047
10095048
10095049
10095050
10095051
10095052
10095053
10095054
10095055
10095089
10095090
10095091
10095092
10095093
10095094
10095095
10095096
10095097
10095098
10095099
10095100
10095101
10095102
10095103
10095104
10095105
10095106
10095107
10095108
10095109
10095112
10095113
10095114
10095115
10095116
10095117
10095118
10095119
10095120
10095121
10095122
10095123
10095124
10095125
10095126
10095127
10095128
10095129
10095130
10095131
10095132
10095133
10095134
10095135
10095136
10095137
10095138
10095139
10095140
10095141
10095142
10095143
10095144
10095145
10095146
10095147
10095148
10095149
10095150
10095151
10095152
10095153
10095154
10095155
10095188
10095201
10095202
10095203
10095204
10095205
10095206
10095207
10095208
10095209
10095210
10095211
10095214
10095215
10095216
10095217
10095218
10095220
10095221
10095222
10095223
10095224
10095225
10095226
10095227
10095228
10095229
10095230
10095231
10095232
10095233
10095234
10095235
10095236
10095237
10095238
10095239
10095240
10095241
10095242
10095243
10095244
10095245
10095246
10095247
10095285
10095286
10095287
10095288
10095289
10095290
10095291
10095292
10095293
10095294
10095296
10095297
10095298
10095299
10095300
10095301
10095302
10095303
10095304
10095305
10095306
10095307
10095308
10095309
10095310
10095312
10095313
10095314
10095315
10095316
10095317
10095318
10095319
10095320
10095321
10095322
10095323
10095324
10095325
10095326
10095327
10095328
10095329
10095338
10095339
10095340
10095341
10095342
10095343
10095344
10095345
10095346
10095347
10095348
10095350
10095351
10095352
10095353
10095354
10095355
10095356
10095357
10095388
10095389
10095390
10095391
10095392
10095393
10095394
10095395
10095396
10095397
10095398
10095403
10095404
10095405
10095406
10095407
10095408
10095409
10095410
10095411
10095412
10095413
10095414
10095415
10095416
10095417
10095418
10095419
10095420
10095421
10095423
10095424
10095425
10095426
10095427
10095428
10095429
10095460
10095461
10095462
10095463
10095464
10095465
10095466
10095467
10095468
10095469
10095470
10095471
10095472
10095473
10095474
10095475
10095476
10095477
10095478
10095479
10095480
10095481
10095482
10095483
10095484
10095485
10095486
10095490
10095491
10095492
10095493
10095494
10095495
10095496
10095497
10095498
10095499
10095500
10095510
10095512
10095513
10095514
10095515
10095516
10095517
10095518
10095519
10095520
10095521
10095522
10095523
10095524
10095525
10095526
10095527
10095528
10095529
10095530
10095531
10095532
10095533
10095534
10095535
10095536
10095537
10095538
10095539
10095540
10095541
10095542
10095543
10095544
10095545
10095546
10095547
10095548
10095549
10095550
10095551
10095552
10095553
10095554
10095555
10095556
10095557
10095558
10095559
10095565
10095595
10095596
10095597
10095598
10095599
10095618
10095619
10095620
10095621
10095622
10095623
10095624
10095625
10095626
10095627
10095628
10095629
10095630
10095632
10095633
10095634
10095635
10095636
10095643
10095644
10095645
10095646
10095647
10095648
10095649
10095650
10095651
10095652
10095653
10095654
10095655
10095656
10095657
10095658
10095659
10095660
10095661
10095662
10095663
10095664
10095665
10095666
10095667
10095668
10095669
10095670
10095671
10095672
10095673
10095674
10095675
10095676
10095677
10095678
10095679
10095680
10095684
10095685
10095686
10095687
10095688
10095689
10095690
10095691
10095692
10095693
10095694
10095695
10095696
10095697
10095698
10095699
10095731
10095732
10095733
10095734
10095735
10095736
10095737
10095738
10095739
10095740
10095741
10095742
10095743
10095744
10095745
10095746
10095747
10095748
10095749
10095750
10095751
10095752
10095753
10095754
10095755
10095756
10095757
10095758
10095759
10095760
10095761
10095762
10095763
10095764
10095765
10095766
10095767
10095768
10095769
10095770
10095771
10095772
10095774
10095775
10095776
10095777
10095778
10095779
10095792
10095820
10095821
10095822
10095823
10095824
10095825
10095826
10095827
10095828
10095829
10095830
10095831
10095832
10095833
10095834
10095835
10095836
10095837
10095838
10095839
10095840
10095843
10095844
10095845
10095846
10095847
10095848
10095849
10095850
10095851
10095852
10095853
10095854
10095855
10095856
10095857
10095858
10095859
10095860
10095861
10095862
10095864
10095865
10095866
10095867
10095868
10095869
10095870
10095871
10095872
10095873
10095874
10095875
10095876
10095877
10095878
10095879
10095880
10095881
10095882
10095883
10095924
10095925
10095926
10095927
10095928
10095929
10095930
10095931
10095932
10095933
10095934
10095935
10095936
10095937
10095938
10095939
10095940
10095941
10095942
10095943
10095944
10095945
10095946
10095947
10095948
10095949
10095950
10095951
10095952
10095953
10095954
10095955
10095957
10095958
10095959
10095960
10095961
10095962
10095963
10095964
10095965
10095966
10095967
10095968
10095969
10095970
10095971
10095972
10095973
10095974
10095975
10095976
10095977
10095978
10095979
10095980
10095981
10095982
10095989
10095990
10095991
10095992
10095993
10095994
10095995
10096009
10096011
10096022
10096023
10096024
10096025
10096026
10096027
10096028
10096029
10096030
10096031
10096032
10096033
10096034
10096035
10096036
10096037
10096038
10096039
10096040
10096041
10096042
10096043
10096044
10096045
10096046
10096047
10096048
10096049
10096050
10096051
10096052
10096053
10096054
10096055
10096056
10096057
10096058
10096059
10096060
10096061
10096062
10096063
10096064
10096065
10096066
10096067
10096068
10096069
10096070
10096071
10096072
10096073
10096074
10096075
10096076
10096090
10096094
10096095
10096096
10096097
10096098
10096110
10096111
10096112
10096113
10096114
10096115
10096116
10096117
10096118
10096120
10096121
10096122
10096123
10096124
10096125
10096126
10096127
10096128
10096129
10096130
10096131
10096132
10096133
10096134
10096135
10096136
10096137
10096138
10096139
10096140
10096141
10096142
10096143
10096144
10096145
10096146
10096147
10096148
10096149
10096150
10096151
10096152
10096153
10096154
10096155
10096156
10096157
10096158
10096159
10096160
10096162
10096163
10096164
10096170
10096171
10096172
10096173
10096174
10096175
10096176
10096177
10096188
10096204
10096205
10096206
10096207
10096208
10096209
10096210
10096211
10096212
10096213
10096215
10096216
10096217
10096218
10096219
10096220
10096221
10096222
10096223
10096224
10096225
10096226
10096227
10096228
10096229
10096230
10096231
10096232
10096238
10096239
10096240
10096241
10096242
10096243
10096244
10096245
10096246
10096247
10096248
10096249
10096250
10096251
10096252
10096253
10096254
10096255
10096256
10096257
10096258
10096259
10096260
10096261
10096262
10096263
10096284
10096287
10096288
10096289
10096290
10096291
10096292
10096293
10096294
10096295
10096296
10096297
10096298
10096299
10096300
10096301
10096302
10096303
10096304
10096305
10096306
10096307
10096308
10096309
10096310
10096311
10096312
10096313
10096314
10096315
10096316
10096317
10096318
10096320
10096321
10096322
10096323
10096324
10096325
10096326
10096327
10096328
10096329
10096338
10096339
10096340
10096341
10096342
10096343
10096344
10096345
10096346
10096347
10096348
10096349
10096375
10096376
10096377
10096378
10096379
10096380
10096381
10096382
10096383
10096384
10096387
10096388
10096389
10096390
10096391
10096392
10096393
10096394
10096395
10096396
10096397
10096398
10096399
10096429
10096430
10096431
10096432
10096433
10096434
10096435
10096436
10096437
10096438
10096439
10096440
10096441
10096442
10096443
10096444
10096445
10096446
10096447
10096448
10096449
10096450
10096451
10096452
10096453
10096454
10096455
10096456
10096457
10096458
10096459
10096460
10096461
10096462
10096463
10096464
10096465
10096466
10096467
10096468
10096469
10096470
10096471
10096472
10096473
10096474
10096475
10096476
10096477
10096478
10096479
10096480
10096481
10096482
10096483
10096486
10096519
10096521
10096522
10096523
10096524
10096525
10096526
10096527
10096528
10096533
10096534
10096535
10096536
10096537
10096538
10096539
10096542
10096543
10096544
10096545
10096546
10096547
10096548
10096549
10096550
10096551
10096552
10096553
10096554
10096555
10096556
10096557
10096558
10096559
10096560
10096561
10096562
10096563
10096564
10096565
10096566
10096567
10096568
10096569
10096570
10096571
10096572
10096573
10096574
10096575
10096576
10096577
10096588
10096589
10096590
10096591
10096592
10096602
10096622
10096623
10096624
10096625
10096626
10096627
10096628
10096629
10096630
10096631
10096632
10096633
10096634
10096635
10096636
10096637
10096638
10096639
10096640
10096641
10096642
10096643
10096644
10096645
10096646
10096647
10096648
10096649
10096650
10096651
10096652
10096653
10096654
10096655
10096656
10096657
10096658
10096659
10096660
10096661
10096662
10096663
10096664
10096665
10096666
10096669
10096670
10096671
10096681
10096682
10096683
10096684
10096685
10096686
10096687
10096688
10096689
10096690
10096691
10096692
10096693
10096694
10096695
10096696
10096697
10096699
10096723
10096724
10096725
10096726
10096727
10096728
10096729
10096730
10096731
10096732
10096733
10096734
10096735
10096736
10096737
10096738
10096739
10096740
10096741
10096742
10096743
10096744
10096745
10096746
10096747
10096748
10096749
10096750
10096751
10096752
10096753
10096754
10096790
10096791
10096792
10096793
10096794
10096798
10096799
10096800
10096801
10096802
10096803
10096804
10096805
10096806
10096807
10096808
10096809
10096810
10096812
10096813
10096814
10096815
10096816
10096817
10096818
10096819
10096820
10096821
10096822
10096823
10096825
10096826
10096827
10096828
10096829
10096830
10096831
10096832
10096833
10096834
10096835
10096836
10096837
10096838
10096839
10096840
10096841
10096842
10096843
10096844
10096845
10096846
10096847
10096848
10096849
10096850
10096851
10096852
10096853
10096854
10096855
10096856
10096857
10096858
10096859
10096860
10096861
10096862
10096863
10096864
10096865
10096866
10096867
10096868
10096869
10096870
10096883
10096897
10096898
10096899
10096900
10096901
10096902
10096903
10096904
10096905
10096906
10096907
10096908
10096909
10096910
10096911
10096912
10096913
10096914
10096915
10096917
10096918
10096919
10096920
10096921
10096922
10096923
10096924
10096925
10096926
10096927
10096928
10096929
10096930
10096931
10096932
10096933
10096934
10096935
10096936
10096937
10096938
10096939
10096940
10096941
10096969
10096970
10096971
10096972
10096975
10096976
10096977
10096978
10096979
10096980
10096981
10096982
10096983
10096985
10096986
10096987
10096988
10096989
10096990
10096991
10096992
10096993
10096994
10096995
10096996
10096997
10096998
10096999
10097000
10097001
10097002
10097003
10097004
10097005
10097006
10097007
10097008
10097009
10097010
10097011
10097012
10097013
10097014
10097015
10097016
10097017
10097018
10097019
10097020
10097021
10097022
10097023
10097024
10097025
10097026
10097027
10097028
10097029
10097030
10097031
10097032
10097033
10097034
10097035
10097036
10097037
10097038
10097039
10097040
10097049
10097055
10097077
10097078
10097079
10097080
10097081
10097082
10097083
10097084
10097085
10097086
10097087
10097090
10097091
10097092
10097093
10097094
10097095
10097097
10097098
10097099
10097100
10097101
10097102
10097103
10097104
10097105
10097106
10097107
10097108
10097109
10097110
10097111
10097112
10097113
10097114
10097115
10097116
10097117
10097118
10097119
10097120
10097121
10097122
10097123
10097124
10097125
10097126
10097127
10097128
10097129
10097130
10097131
10097132
10097134
10097135
10097136
10097168
10097169
10097170
10097171
10097172
10097173
10097174
10097175
10097176
10097177
10097178
10097179
10097180
10097181
10097182
10097183
10097184
10097185
10097186
10097187
10097188
10097189
10097190
10097199
10097200
10097201
10097202
10097203
10097204
10097205
10097206
10097207
10097208
10097209
10097210
10097211
10097212
10097213
10097214
10097215
10097216
10097217
10097218
10097219
10097220
10097221
10097222
10097223
10097224
10097225
10097226
10097227
10097228
10097229
10097230
10097231
10097238
10097240
10097241
10097242
10097243
10097245
10097246
10097247
10097248
10097282
10097283
10097284
10097285
10097286
10097287
10097288
10097289
10097290
10097291
10097292
10097294
10097295
10097296
10097297
10097298
10097299
10097300
10097301
10097302
10097303
10097304
10097305
10097306
10097307
10097308
10097309
10097310
10097311
10097312
10097313
10097314
10097315
10097316
10097317
10097318
10097319
10097320
10097321
10097322
10097323
10097324
10097325
10097326
10097327
10097328
10097329
10097330
10097331
10097332
10097333
10097334
10097335
10097375
10097376
10097380
10097381
10097382
10097383
10097384
10097385
10097386
10097387
10097388
10097389
10097390
10097391
10097392
10097393
10097394
10097395
10097396
10097397
10097398
10097399
10097400
10097401
10097402
10097403
10097404
10097405
10097406
10097407
10097408
10097409
10097410
10097411
10097412
10097413
10097414
10097415
10097416
10097417
10097418
10097419
10097420
10097421
10097422
10097423
10097424
10097425
10097426
10097427
10097428
10097429
10097430
10097431
10097432
10097433
10097434
10097435
10097436
10097437
10097438
10097439
10097440
10097441
10097442
10097443
10097444
10097445
10097446
10097476
10097477
10097478
10097479
10097480
10097481
10097486
10097487
10097500
10097501
10097502
10097503
10097504
10097505
10097506
10097507
10097508
10097509
10097510
10097511
10097512
10097513
10097514
10097515
10097516
10097517
10097518
10097519
10097520
10097521
10097522
10097523
10097524
10097525
10097526
10097527
10097528
10097530
10097531
10097532
10097533
10097534
10097535
10097536
10097537
10097538
10097539
10097540
10097541
10097542
10097543
10097544
10097545
10097546
10097547
10097548
10097549
10097563
10097572
10097573
10097574
10097575
10097576
10097577
10097578
10097579
10097580
10097581
10097582
10097583
10097584
10097585
10097586
10097587
10097588
10097600
10097601
10097602
10097603
10097604
10097605
10097606
10097607
10097608
10097609
10097610
10097611
10097612
10097613
10097614
10097615
10097616
10097617
10097618
10097619
10097620
10097621
10097622
10097623
10097624
10097625
10097626
10097627
10097628
10097629
10097630
10097631
10097632
10097647
10097648
10097649
10097650
10097651
10097652
10097653
10097654
10097655
10097656
10097657
10097672
10097673
10097674
10097675
10097676
10097677
10097678
10097679
10097680
10097681
10097682
10097683
10097686
10097687
10097688
10097689
10097690
10097691
10097692
10097693
10097694
10097695
10097696
10097697
10097698
10097699
10097700
10097701
10097702
10097703
10097704
10097705
10097706
10097707
10097708
10097709
10097710
10097711
10097712
10097713
10097714
10097715
10097716
10097717
10097718
10097719
10097720
10097721
10097722
10097723
10097724
10097725
10097726
10097727
10097728
10097731
10097732
10097733
10097734
10097735
10097736
10097737
10097738
10097739
10097740
10097758
10097759
10097760
10097761
10097762
10097763
10097764
10097765
10097766
10097767
10097782
10097783
10097784
10097785
10097786
10097787
10097788
10097789
10097804
10097805
10097806
10097807
10097808
10097809
10097810
10097811
10097812
10097813
10097814
10097815
10097816
10097817
10097818
10097819
10097820
10097821
10097822
10097823
10097824
10097825
10097826
10097827
10097828
10097829
10097830
10097831
10097832
10097833
10097834
10097835
10097836
10097837
10097838
10097839
10097840
10097841
10097842
10097843
10097844
10097845
10097846
10097847
10097848
10097849
10097850
10097851
10097852
10097853
10097854
10097855
10097856
10097857
10097858
10097860
10097861
10097862
10097863
10097864
10097865
10097866
10097867
10097868
10097869
10097877
10097878
10097879
10097880
10097881
10097882
10097883
10097884
10097885
10097886
10097890
10097891
10097892
10097893
10097894
10097895
10097897
10097898
10097899
10097932
10097933
10097934
10097935
10097936
10097937
10097938
10097939
10097940
10097941
10097942
10097943
10097944
10097945
10097946
10097947
10097948
10097949
10097950
10097951
10097952
10097953
10097954
10097955
10097956
10097957
10097958
10097959
10097960
10097961
10097962
10097963
10097964
10097965
10097966
10097967
10097968
10097969
10097970
10097971
10097972
10097973
10097974
10097975
10097976
10097977
10097978
10097979
10097980
10097981
10097982
10097983
10097984
10097985
10097986
10097987
10097988
10097989
10097991
10097992
10097993
10098013
10098021
10098022
10098023
10098024
10098025
10098026
10098027
10098028
10098029
10098030
10098031
10098032
10098033
10098034
10098035
10098036
10098037
10098038
10098039
10098040
10098041
10098042
10098043
10098044
10098045
10098046
10098047
10098048
10098049
10098051
10098052
10098053
10098054
10098055
10098056
10098057
10098058
10098059
10098060
10098061
10098062
10098063
10098064
10098065
10098066
10098067
10098068
10098069
10098070
10098071
10098072
10098073
10098074
10098075
10098076
10098077
10098078
10098079
10098109
10098110
10098111
10098112
10098113
10098114
10098115
10098116
10098117
10098118
10098119
10098120
10098121
10098122
10098123
10098124
10098125
10098126
10098127
10098128
10098129
10098130
10098131
10098132
10098133
10098134
10098135
10098136
10098137
10098138
10098139
10098140
10098141
10098142
10098143
10098144
10098145
10098146
10098147
10098148
10098149
10098150
10098151
10098152
10098153
10098154
10098155
10098158
10098159
10098160
10098161
10098162
10098163
10098164
10098165
10098166
10098167
10098168
10098169
10098170
10098171
10098172
10098173
10098174
10098175
10098176
10098177
10098178
10098180
10098181
10098182
10098183
10098184
10098185
10098186
10098187
10098188
10098189
10098213
10098214
10098215
10098216
10098217
10098218
10098219
10098220
10098221
10098222
10098223
10098224
10098225
10098226
10098227
10098228
10098229
10098230
10098231
10098232
10098233
10098234
10098235
10098236
10098237
10098238
10098239
10098240
10098241
10098242
10098243
10098244
10098245
10098246
10098247
10098248
10098249
10098250
10098251
10098252
10098253
10098254
10098255
10098256
10098257
10098287
10098288
10098289
10098290
10098291
10098292
10098293
10098294
10098295
10098296
10098297
10098298
10098299
10098300
10098301
10098302
10098303
10098304
10098305
10098306
10098307
10098308
10098309
10098310
10098311
10098312
10098313
10098314
10098315
10098316
10098317
10098318
10098319
10098320
10098321
10098322
10098323
10098324
10098325
10098326
10098327
10098328
10098329
10098330
10098331
10098332
10098333
10098361
10098362
10098363
10098364
10098365
10098366
10098367
10098368
10098369
10098370
10098371
10098372
10098373
10098374
10098375
10098376
10098377
10098378
10098379
10098380
10098381
10098382
10098383
10098384
10098385
10098400
10098401
10098402
10098403
10098404
10098405
10098406
10098407
10098408
10098409
10098410
10098411
10098412
10098413
10098414
10098415
10098416
10098417
10098418
10098420
10098421
10098422
10098423
10098424
10098425
10098426
10098427
10098428
10098429
10098446
10098447
10098448
10098449
10098450
10098451
10098452
10098453
10098454
10098455
10098456
10098457
10098458
10098459
10098460
10098461
10098462
10098463
10098464
10098465
10098466
10098467
10098468
10098469
10098470
10098471
10098472
10098473
10098474
10098475
10098476
10098477
10098478
10098479
10098480
10098481
10098482
10098483
10098484
10098490
10098494
10098521
10098522
10098523
10098524
10098525
10098526
10098527
10098528
10098529
10098530
10098531
10098532
10098533
10098534
10098535
10098536
10098537
10098538
10098539
10098540
10098541
10098542
10098543
10098544
10098545
10098546
10098547
10098548
10098549
10098550
10098551
10098552
10098553
10098554
10098555
10098556
10098557
10098558
10098559
10098561
10098562
10098563
10098564
10098565
10098566
10098567
10098568
10098570
10098571
10098572
10098573
10098574
10098575
10098576
10098577
10098578
10098603
10098604
10098605
10098606
10098607
10098608
10098609
10098610
10098611
10098612
10098613
10098614
10098615
10098616
10098617
10098618
10098619
10098620
10098621
10098622
10098623
10098624
10098625
10098626
10098627
10098628
10098629
10098630
10098631
10098632
10098633
10098634
10098635
10098636
10098637
10098638
10098639
10098640
10098641
10098642
10098643
10098644
10098645
10098646
10098647
10098648
10098649
10098650
10098651
10098652
10098653
10098654
10098655
10098656
10098657
10098658
10098659
10098660
10098661
10098662
10098663
10098664
10098665
10098698
10098699
10098700
10098701
10098702
10098703
10098704
10098705
10098706
10098707
10098708
10098709
10098710
10098711
10098712
10098713
10098714
10098715
10098716
10098717
10098718
10098719
10098720
10098721
10098722
10098723
10098724
10098725
10098726
10098727
10098728
10098729
10098730
10098731
10098732
10098733
10098734
10098735
10098736
10098737
10098738
10098739
10098740
10098741
10098742
10098743
10098744
10098745
10098746
10098747
10098748
10098754
10098755
10098756
10098757
10098758
10098760
10098761
10098762
10098763
10098764
10098765
10098766
10098767
10098768
10098769
10098770
10098771
10098772
10098773
10098774
10098775
10098776
10098777
10098778
10098779
10098780
10098781
10098782
10098783
10098784
10098785
10098786
10098787
10098788
10098815
10098816
10098817
10098818
10098819
10098820
10098821
10098822
10098823
10098824
10098825
10098826
10098827
10098828
10098829
10098830
10098831
10098832
10098833
10098834
10098835
10098836
10098837
10098838
10098839
10098840
10098841
10098842
10098843
10098844
10098845
10098846
10098847
10098848
10098849
10098850
10098851
10098852
10098853
10098854
10098857
10098858
10098859
10098860
10098861
10098862
10098863
10098864
10098865
10098866
10098867
10098868
10098869
10098870
10098871
10098872
10098873
10098874
10098875
10098876
10098877
10098878
10098879
10098880
10098881
10098882
10098883
10098884
10098885
10098886
10098887
10098888
10098889
10098890
10098891
10098892
10098893
10098894
10098895
10098896
10098897
10098898
10098930
10098932
10098933
10098934
10098935
10098936
10098937
10098938
10098939
10098940
10098941
10098942
10098943
10098944
10098945
10098946
10098947
10098948
10098949
10098950
10098951
10098952
10098953
10098954
10098955
10098956
10098957
10098958
10098959
10098960
10098961
10098962
10098963
10098964
10098965
10098966
10098967
10098968
10098969
10098970
10098971
10098972
10098973
10098974
10098975
10098976
10098977
10098978
10098979
10098980
10098985
10098986
10098987
10098988
10098989
10098993
10098994
10098995
10098996
10098997
10098998
10098999
10099009
10099038
10099039
10099040
10099041
10099042
10099043
10099044
10099045
10099046
10099047
10099048
10099049
10099050
10099051
10099052
10099053
10099054
10099055
10099056
10099057
10099058
10099059
10099060
10099061
10099062
10099063
10099065
10099066
10099067
10099068
10099069
10099070
10099071
10099072
10099073
10099074
10099075
10099076
10099077
10099078
10099079
10099080
10099081
10099082
10099083
10099084
10099127
10099128
10099129
10099130
10099131
10099132
10099133
10099134
10099135
10099136
10099137
10099138
10099139
10099140
10099141
10099142
10099143
10099144
10099145
10099146
10099147
10099148
10099149
10099150
10099151
10099152
10099153
10099154
10099155
10099156
10099157
10099158
10099159
10099160
10099161
10099162
10099163
10099164
10099165
10099166
10099167
10099168
10099169
10099170
10099171
10099172
10099173
10099216
10099217
10099218
10099219
10099220
10099221
10099222
10099223
10099224
10099225
10099226
10099227
10099228
10099229
10099230
10099231
10099232
10099233
10099234
10099235
10099236
10099237
10099238
10099239
10099240
10099241
10099242
10099243
10099244
10099245
10099246
10099247
10099248
10099249
10099250
10099251
10099252
10099253
10099254
10099255
10099256
10099257
10099258
10099259
10099260
10099261
10099262
10099263
10099264
10099265
10099266
10099267
10099268
10099269
10099270
10099271
10099272
10099273
10099275
10099276
10099277
10099278
10099281
10099282
10099283
10099320
10099321
10099322
10099323
10099324
10099325
10099326
10099327
10099328
10099329
10099330
10099331
10099332
10099333
10099334
10099335
10099336
10099337
10099338
10099339
10099340
10099341
10099342
10099343
10099344
10099345
10099346
10099347
10099348
10099349
10099350
10099351
10099360
10099361
10099362
10099363
10099364
10099365
10099366
10099367
10099368
10099369
10099398
10099399
10099400
10099401
10099402
10099403
10099404
10099405
10099406
10099407
10099408
10099409
10099410
10099411
10099412
10099413
10099414
10099415
10099416
10099417
10099418
10099419
10099420
10099421
10099422
10099423
10099424
10099425
10099426
10099427
10099428
10099429
10099430
10099431
10099432
10099433
10099434
10099435
10099440
10099441
10099442
10099443
10099444
10099445
10099446
10099447
10099448
10099449
10099450
10099451
10099452
10099453
10099454
10099455
10099456
10099457
10099458
10099459
10099460
10099461
10099462
10099463
10099464
10099465
10099466
10099467
10099468
10099469
10099470
10099471
10099472
10099500
10099501
10099502
10099503
10099504
10099505
10099506
10099507
10099508
10099509
10099510
10099511
10099512
10099513
10099514
10099515
10099516
10099517
10099518
10099519
10099520
10099521
10099522
10099523
10099524
10099526
10099527
10099528
10099529
10099530
10099531
10099532
10099533
10099534
10099535
10099536
10099537
10099538
10099539
10099540
10099541
10099542
10099543
10099544
10099545
10099546
10099547
10099548
10099549
10099551
10099552
10099553
10099554
10099555
10099556
10099557
10099558
10099559
10099560
10099561
10099562
10099563
10099564
10099565
10099566
10099567
10099568
10099569
10099570
10099575
10099576
10099577
10099578
10099579
10099585
10099586
10099587
10099588
10099589
10099590
10099591
10099592
10099595
10099632
10099633
10099634
10099635
10099636
10099637
10099638
10099639
10099640
10099641
10099642
10099643
10099644
10099645
10099646
10099647
10099648
10099649
10099650
10099651
10099652
10099653
10099654
10099655
10099656
10099657
10099658
10099659
10099660
10099661
10099662
10099663
10099664
10099665
10099666
10099667
10099668
10099669
10099670
10099671
10099672
10099673
10099674
10099675
10099676
10099677
10099678
10099679
10099680
10099681
10099682
10099683
10099684
10099685
10099686
10099687
10099688
10099689
10099690
10099691
10099692
10099693
10099694
10099703
10099704
10099705
10099706
10099707
10099708
10099709
10099724
10099743
10099744
10099745
10099746
10099747
10099748
10099749
10099750
10099751
10099752
10099753
10099754
10099755
10099756
10099757
10099758
10099759
10099760
10099761
10099762
10099763
10099764
10099765
10099766
10099767
10099768
10099769
10099770
10099771
10099772
10099773
10099774
10099775
10099776
10099777
10099778
10099779
10099780
10099781
10099782
10099783
10099784
10099785
10099786
10099787
10099788
10099789
10099790
10099791
10099792
10099793
10099794
10099795
10099796
10099797
10099798
10099799
10099800
10099801
10099802
10099803
10099804
10099805
10099806
10099807
10099808
10099809
10099810
10099811
10099812
10099813
10099814
10099815
10099816
10099817
10099818
10099819
10099820
10099821
10099822
10099823
10099824
10099825
10099826
10099827
10099828
10099829
10099830
10099831
10099832
10099833
10099834
10099835
10099836
10099837
10099838
10099839
10099840
10099841
10099842
10099843
10099844
10099845
10099846
10099847
10099848
10099849
10099850
10099851
10099852
10099853
10099854
10099855
10099856
10099857
10099858
10099859
10099860
10099861
10099862
10099863
10099864
10099865
10099866
10099867
10099868
10099869
10099870
10099871
10099872
10099873
10099874
10099875
10099876
10099877
10099878
10099879
10099880
10099881
10099882
10099883
10099884
10099885
10099886
10099887
10099888
10099889
10099890
10099891
10099892
10099893
10099894
10099895
10099896
10099897
10099898
10099899
10099900
10099901
10099902
10099903
10099904
10099905
10099906
10099907
10099908
10099909
10099910
10099911
10099912
10099913
10099914
10099915
10099916
10099917
10099918
10099919
10099920
10099921
10099922
10099923
10099924
10099925
10099926
10099927
10099928
10099929
10099930
10099931
10099932
10099933
10099934
10099935
10099936
10099937
10099938
10099939
10099940
10099941
10099942
10099943
10099944
10099945
10099946
10099947
10099948
10099949
10099950
10099951
10099952
10099953
10099954
10099955
10099956
10099957
10099958
10099959
10099960
10099961
10099962
10099963
10099964
10099965
10099966
10099967
10099968
10099969
10099970
10099971
10099972
10099973
10099974
10099975
10099976
10099977
10099978
10099979
10099980
10099981
10099982
10099983
10099984
10099985
10099986
10099987
10099988
10099989
10099990
10099991
10099992
10099993
10099994
10099995
10099996
10099997
10099998
10099999
10100000
10100001
10100002
10100003
10100004
10100005
10100006
10100007
10100008
10100009
10100010
10100011
10100012
10100013
10100014
10100015
10100016
10100017
10100018
10100019
10100020
10100023
10100024
10100025
10100026
10100027
10100028
10100029
10100030
10100031
10100032
10100033
10100034
10100035
10100036
10100037
10100038
10100039
10100040
10100041
10100042
10100043
10100044
10100045
10100046
10100047
10100048
10100049
10100050
10100051
10100052
10100053
10100054
10100055
10100056
10100057
10100058
10100059
10100060
10100061
10100062
10100063
10100064
10100065
10100066
10100067
10100068
10100069
10100070
10100071
10100072
10100073
10100074
10100075
10100076
10100077
10100078
10100079
10100083
10100084
10100085
10100086
10100087
10100088
10100089
10100090
10100091
10100092
10100093
10100094
10100095
10100096
10100097
10100098
10100099
10100111
10100112
10100113
10100114
10100115
10100116
10100117
10100118
10100119
10100120
10100121
10100122
10100123
10100124
10100125
10100126
10100127
10100128
10100129
10100130
10100131
10100132
10100133
10100134
10100135
10100136
10100137
10100138
10100139
10100140
10100141
10100142
10100153
10100154
10100155
10100156
10100157
10100158
10100159
10100160
10100161
10100162
10100163
10100164
10100165
10100166
10100167
10100168
10100169
10100170
10100171
10100172
10100173
10100174
10100175
10100176
10100177
10100178
10100179
10100180
10100181
10100182
10100183
10100184
10100185
10100186
10100187
10100188
10100190
10100191
10100192
10100193
10100194
10100195
10100196
10100197
10100198
10100199
10100200
10100201
10100202
10100203
10100204
10100205
10100206
10100207
10100208
10100209
10100216
10100233
10100234
10100235
10100236
10100237
10100238
10100239
10100240
10100241
10100242
10100243
10100244
10100245
10100246
10100247
10100248
10100249
10100250
10100251
10100252
10100253
10100254
10100255
10100256
10100257
10100258
10100259
10100260
10100261
10100262
10100263
10100264
10100265
10100266
10100267
10100268
10100269
10100270
10100271
10100272
10100273
10100274
10100275
10100276
10100277
10100278
10100279
10100280
10100281
10100282
10100283
10100284
10100285
10100286
10100287
10100288
10100289
10100290
10100291
10100292
10100293
10100294
10100295
10100296
10100297
10100298
10100299
10100313
10100326
10100327
10100328
10100329
10100330
10100331
10100332
10100333
10100334
10100335
10100336
10100337
10100338
10100339
10100340
10100341
10100342
10100343
10100344
10100345
10100346
10100347
10100348
10100349
10100350
10100351
10100352
10100353
10100354
10100355
10100356
10100357
10100358
10100359
10100360
10100361
10100362
10100363
10100364
10100365
10100366
10100370
10100371
10100372
10100373
10100374
10100375
10100406
10100407
10100408
10100409
10100410
10100411
10100412
10100413
10100414
10100415
10100416
10100417
10100418
10100419
10100420
10100421
10100422
10100423
10100424
10100425
10100426
10100427
10100428
10100429
10100430
10100431
10100432
10100433
10100434
10100435
10100436
10100437
10100438
10100439
10100440
10100441
10100442
10100443
10100444
10100445
10100447
10100448
10100449
10100450
10100451
10100452
10100453
10100454
10100455
10100456
10100457
10100458
10100459
10100460
10100461
10100462
10100463
10100464
10100465
10100466
10100467
10100468
10100469
10100470
10100471
10100472
10100473
10100474
10100475
10100476
10100477
10100478
10100496
10100497
10100498
10100512
10100513
10100514
10100515
10100516
10100517
10100518
10100519
10100520
10100521
10100522
10100523
10100524
10100525
10100526
10100527
10100528
10100529
10100530
10100531
10100532
10100533
10100534
10100535
10100536
10100537
10100538
10100539
10100540
10100541
10100542
10100543
10100544
10100545
10100546
10100547
10100548
10100549
10100550
10100551
10100552
10100553
10100554
10100555
10100556
10100557
10100558
10100559
10100560
10100561
10100562
10100563
10100564
10100565
10100566
10100567
10100568
10100570
10100571
10100572
10100573
10100574
10100575
10100576
10100577
10100578
10100606
10100607
10100608
10100609
10100610
10100611
10100612
10100613
10100614
10100615
10100616
10100617
10100618
10100619
10100620
10100621
10100622
10100623
10100624
10100625
10100626
10100627
10100628
10100629
10100630
10100631
10100632
10100633
10100634
10100635
10100636
10100637
10100638
10100639
10100640
10100641
10100642
10100643
10100644
10100645
10100646
10100647
10100648
10100649
10100650
10100651
10100652
10100653
10100654
10100655
10100656
10100657
10100658
10100659
10100660
10100661
10100662
10100663
10100664
10100665
10100677
10100700
10100701
10100702
10100703
10100704
10100705
10100706
10100707
10100708
10100709
10100710
10100711
10100714
10100715
10100716
10100717
10100718
10100719
10100720
10100721
10100722
10100723
10100724
10100725
10100726
10100727
10100728
10100729
10100730
10100731
10100732
10100733
10100734
10100735
10100736
10100737
10100738
10100739
10100740
10100741
10100742
10100743
10100744
10100745
10100746
10100747
10100748
10100749
10100750
10100751
10100752
10100753
10100754
10100755
10100756
10100757
10100758
10100759
10100760
10100761
10100762
10100763
10100764
10100765
10100766
10100767
10100768
10100769
10100770
10100771
10100772
10100773
10100774
10100775
10100776
10100777
10100778
10100779
10100783
10100784
10100786
10100787
10100788
10100789
10100790
10100791
10100792
10100793
10100794
10100795
10100796
10100797
10100798
10100799
10100832
10100833
10100834
10100835
10100836
10100837
10100838
10100839
10100840
10100841
10100842
10100843
10100844
10100845
10100846
10100847
10100848
10100849
10100850
10100851
10100852
10100853
10100854
10100855
10100856
10100857
10100858
10100859
10100860
10100861
10100862
10100863
10100864
10100865
10100866
10100867
10100874
10100875
10100876
10100877
10100878
10100879
10100880
10100881
10100888
10100891
10100892
10100893
10100894
10100895
10100896
10100897
10100898
10100899
10100927
10100928
10100931
10100932
10100933
10100934
10100935
10100936
10100937
10100938
10100939
10100940
10100941
10100942
10100943
10100945
10100946
10100947
10100948
10100949
10100950
10100970
10100971
10100972
10100973
10100974
10100975
10100976
10100977
10100978
10100979
10100980
10100981
10100982
10100983
10100984
10100985
10100986
10100987
10100988
10100989
10100990
10100991
10100992
10100993
10100994
10100995
10100996
10100997
10100998
10100999
10101007
10101013
10101014
10101015
10101016
10101017
10101018
10101019
10101020
10101021
10101022
10101023
10101024
10101025
10101026
10101027
10101028
10101029
10101030
10101031
10101032
10101033
10101034
10101035
10101036
10101037
10101038
10101039
10101040
10101041
10101042
10101043
10101044
10101045
10101046
10101047
10101048
10101049
10101050
10101051
10101052
10101053
10101054
10101055
10101057
10101058
10101059
10101060
10101061
10101062
10101063
10101064
10101065
10101066
10101067
10101068
10101070
10101071
10101072
10101073
10101074
10101075
10101076
10101077
10101078
10101079
10101080
10101082
10101083
10101084
10101085
10101086
10101087
10101088
10101089
10101090
10101091
10101092
10101093
10101094
10101095
10101096
10101097
10101098
10101099
10101104
10101105
10101131
10101135
10101136
10101137
10101138
10101139
10101140
10101141
10101142
10101143
10101144
10101145
10101146
10101147
10101148
10101149
10101150
10101152
10101153
10101154
10101155
10101156
10101157
10101158
10101159
10101165
10101166
10101167
10101168
10101169
10101170
10101171
10101172
10101173
10101174
10101175
10101176
10101177
10101178
10101179
10101180
10101181
10101182
10101183
10101193
10101194
10101195
10101196
10101197
10101198
10101199
10101200
10101201
10101202
10101203
10101204
10101205
10101206
10101207
10101208
10101240
10101241
10101242
10101243
10101244
10101245
10101246
10101247
10101248
10101249
10101250
10101251
10101252
10101253
10101254
10101255
10101256
10101257
10101258
10101260
10101261
10101262
10101263
10101264
10101265
10101266
10101267
10101268
10101269
10101270
10101271
10101272
10101273
10101274
10101275
10101276
10101277
10101278
10101279
10101280
10101281
10101291
10101292
10101293
10101294
10101300
10101301
10101302
10101303
10101304
10101305
10101306
10101327
10101328
10101329
10101330
10101331
10101332
10101333
10101334
10101335
10101336
10101337
10101338
10101339
10101340
10101341
10101342
10101343
10101344
10101345
10101346
10101347
10101348
10101349
10101350
10101351
10101352
10101353
10101354
10101355
10101356
10101357
10101358
10101359
10101360
10101361
10101362
10101363
10101364
10101365
10101366
10101367
10101368
10101369
10101370
10101371
10101372
10101373
10101374
10101375
10101376
10101377
10101378
10101379
10101380
10101381
10101382
10101383
10101384
10101385
10101390
10101391
10101392
10101393
10101394
10101395
10101396
10101397
10101398
10101399
10101421
10101432
10101433
10101434
10101435
10101436
10101437
10101438
10101439
10101440
10101441
10101442
10101443
10101444
10101449
10101450
10101451
10101452
10101453
10101454
10101455
10101456
10101457
10101458
10101459
10101460
10101461
10101462
10101463
10101464
10101465
10101466
10101467
10101468
10101469
10101470
10101471
10101472
10101473
10101474
10101475
10101476
10101477
10101478
10101479
10101481
10101482
10101483
10101484
10101485
10101486
10101487
10101488
10101489
10101490
10101491
10101492
10101493
10101494
10101495
10101496
10101497
10101525
10101526
10101527
10101528
10101529
10101530
10101531
10101532
10101533
10101534
10101535
10101536
10101537
10101538
10101539
10101540
10101541
10101542
10101543
10101544
10101545
10101546
10101547
10101548
10101549
10101550
10101551
10101552
10101553
10101554
10101556
10101557
10101558
10101559
10101560
10101561
10101562
10101563
10101564
10101565
10101566
10101567
10101568
10101569
10101570
10101571
10101572
10101573
10101574
10101575
10101576
10101577
10101578
10101579
10101580
10101581
10101584
10101585
10101586
10101622
10101623
10101624
10101625
10101626
10101627
10101628
10101629
10101630
10101631
10101632
10101633
10101634
10101635
10101636
10101637
10101638
10101639
10101640
10101641
10101642
10101643
10101644
10101645
10101646
10101647
10101648
10101649
10101650
10101651
10101652
10101653
10101654
10101655
10101656
10101657
10101658
10101659
10101660
10101661
10101662
10101663
10101664
10101665
10101666
10101667
10101668
10101680
10101684
10101689
10101690
10101691
10101692
10101693
10101694
10101695
10101696
10101711
10101712
10101713
10101714
10101715
10101716
10101717
10101718
10101719
10101720
10101721
10101722
10101723
10101724
10101725
10101726
10101730
10101731
10101732
10101733
10101734
10101735
10101736
10101737
10101738
10101739
10101740
10101741
10101742
10101743
10101744
10101745
10101746
10101747
10101748
10101749
10101750
10101751
10101752
10101753
10101754
10101755
10101756
10101757
10101758
10101759
10101760
10101770
10101772
10101774
10101775
10101776
10101777
10101778
10101779
10101800
10101801
10101802
10101803
10101804
10101805
10101806
10101807
10101808
10101809
10101810
10101811
10101812
10101813
10101814
10101815
10101816
10101817
10101818
10101819
10101820
10101821
10101822
10101823
10101824
10101825
10101826
10101827
10101828
10101829
10101830
10101831
10101832
10101833
10101834
10101835
10101836
10101837
10101838
10101839
10101840
10101841
10101853
10101854
10101855
10101856
10101857
10101858
10101867
10101868
10101869
10101870
10101871
10101872
10101873
10101874
10101875
10101876
10101877
10101878
10101879
10101880
10101881
10101882
10101883
10101884
10101885
10101886
10101887
10101888
10101889
10101890
10101891
10101892
10101893
10101916
10101917
10101918
10101919
10101920
10101921
10101922
10101923
10101924
10101925
10101926
10101927
10101928
10101929
10101930
10101931
10101932
10101933
10101934
10101937
10101938
10101939
10101940
10101941
10101942
10101943
10101944
10101945
10101946
10101947
10101948
10101949
10101950
10101951
10101952
10101953
10101954
10101955
10101956
10101957
10101958
10101959
10101960
10101961
10101962
10101963
10101964
10101965
10101966
10101967
10101968
10101969
10101970
10101971
10101976
10101977
10101978
10101979
10101980
10101981
10101985
10101986
10102009
10102010
10102011
10102012
10102013
10102019
10102020
10102021
10102022
10102023
10102024
10102025
10102026
10102027
10102028
10102029
10102030
10102031
10102032
10102033
10102034
10102035
10102036
10102037
10102038
10102039
10102040
10102041
10102042
10102043
10102044
10102045
10102046
10102047
10102048
10102049
10102050
10102051
10102052
10102053
10102054
10102055
10102056
10102057
10102058
10102059
10102060
10102061
10102062
10102063
10102064
10102065
10102066
10102067
10102068
10102069
10102070
10102071
10102072
10102073
10102074
10102075
10102076
10102083
10102113
10102114
10102115
10102116
10102117
10102118
10102119
10102120
10102121
10102122
10102123
10102124
10102125
10102126
10102127
10102128
10102129
10102130
10102131
10102132
10102133
10102134
10102135
10102136
10102137
10102138
10102139
10102140
10102141
10102142
10102143
10102144
10102145
10102146
10102147
10102148
10102149
10102150
10102151
10102152
10102153
10102161
10102162
10102163
10102164
10102165
10102166
10102167
10102168
10102169
10102170
10102171
10102172
10102173
10102174
10102175
10102176
10102177
10102178
10102179
10102180
10102181
10102182
10102183
10102184
10102185
10102195
10102217
10102218
10102219
10102220
10102221
10102222
10102223
10102224
10102225
10102226
10102227
10102228
10102229
10102230
10102231
10102232
10102233
10102234
10102235
10102236
10102237
10102238
10102239
10102240
10102241
10102242
10102243
10102244
10102245
10102246
10102247
10102248
10102249
10102250
10102251
10102252
10102253
10102254
10102255
10102256
10102257
10102258
10102259
10102260
10102261
10102262
10102263
10102264
10102265
10102266
10102267
10102268
10102269
10102270
10102271
10102272
10102273
10102274
10102275
10102276
10102277
10102278
10102279
10102355
10102356
10102357
10102358
10102359
10102360
10102361
10102362
10102363
10102364
10102365
10102366
10102367
10102368
10102369
10102370
10102371
10102372
10102373
10102374
10102375
10102376
10102377
10102378
10102379
10102380
10102381
10102382
10102383
10102391
10102392
10102393
10102394
10102395
10102396
10102397
10102398
10102399
10102400
10102401
10102402
10102403
10102404
10102405
10102406
10102407
10102408
10102409
10102410
10102411
10102412
10102413
10102414
10102415
10102468
10102469
10102470
10102471
10102472
10102473
10102474
10102475
10102476
10102477
10102478
10102479
10102480
10102481
10102491
10102492
10102493
10102494
10102495
10102496
10102497
10102498
10102499
10102500
10102501
10102502
10102503
10102504
10102505
10102506
10102507
10102508
10102509
10102510
10102511
10102512
10102513
10102514
10102515
10102516
10102517
10102518
10102519
10102520
10102559
10102560
10102561
10102562
10102563
10102564
10102565
10102566
10102567
10102568
10102569
10102570
10102571
10102572
10102573
10102574
10102575
10102576
10102577
10102578
10102579
10102580
10102581
10102582
10102600
10102601
10102602
10102603
10102604
10102605
10102606
10102607
10102608
10102609
10102610
10102611
10102612
10102613
10102614
10102615
10102616
10102617
10102618
10102651
10102652
10102653
10102654
10102655
10102656
10102657
10102658
10102659
10102660
10102661
10102662
10102663
10102664
10102670
10102671
10102672
10102673
10102674
10102675
10102676
10102677
10102678
10102679
10102680
10102681
10102682
10102683
10102684
10102685
10102686
10102687
10102688
10102689
10102699
10102700
10102701
10102702
10102703
10102704
10102705
10102706
10102707
10102708
10102709
10102710
10102711
10102712
10102713
10102714
10102715
10102716
10102717
10102721
10102722
10102723
10102724
10102725
10102726
10102727
10102758
10102759
10102760
10102761
10102762
10102763
10102764
10102765
10102766
10102767
10102786
10102787
10102788
10102789
10102790
10102791
10102792
10102793
10102794
10102795
10102796
10102797
10102798
10102799
